timestamps,open,high,low,close,volume,amount
2016-01-04 00:00:00+00:00,13.87,14.0,13.75,13.97,38618524,536700937.28999996
2016-01-05 00:00:00+00:00,13.97,14.0,13.51,13.72,50267536,693691996.8
2016-01-06 00:00:00+00:00,13.56,13.56,13.05,13.11,61285453,816322233.96
2016-01-07 00:00:00+00:00,12.9,13.04,12.6,12.7,57846688,741016073.28
2016-01-08 00:00:00+00:00,13.05,13.1,12.5,12.54,46199413,591236987.8675
2016-01-11 00:00:00+00:00,12.8,12.82,12.55,12.77,41269121,525562255.935
2016-01-12 00:00:00+00:00,13.02,13.04,12.58,12.85,50983684,656287472.2900001
2016-01-13 00:00:00+00:00,12.73,12.84,12.06,12.2,102174690,1272841200.675
2016-01-14 00:00:00+00:00,12.19,12.31,11.82,12.19,62938610,763287992.775
2016-01-15 00:00:00+00:00,11.81,12.0,11.58,11.97,69029972,817314868.48
2016-01-19 00:00:00+00:00,12.15,12.16,11.82,11.95,41142617,494534256.34
2016-01-20 00:00:00+00:00,11.8,12.07,11.47,11.9,59879039,707171450.59
2016-01-21 00:00:00+00:00,12.01,12.28,11.86,12.01,48841795,588055211.8
2016-01-22 00:00:00+00:00,12.26,12.36,12.03,12.14,44537806,543249888.685
2016-01-25 00:00:00+00:00,12.3,12.31,11.93,11.98,96738579,1173438963.27
2016-01-26 00:00:00+00:00,12.14,12.295,12.04,12.26,45969782,560084331.4425
2016-01-27 00:00:00+00:00,12.06,12.1,11.73,11.85,42064238,502036680.53000003
2016-01-28 00:00:00+00:00,12.03,12.06,11.2,11.71,75699795,889472591.25
2016-01-29 00:00:00+00:00,11.83,11.94,11.65,11.94,52137357,617306306.88
2016-02-01 00:00:00+00:00,11.92,12.14,11.73,12.07,37301185,446308678.52500004
2016-02-02 00:00:00+00:00,11.95,12.08,11.45,11.51,55649160,653738507.1
2016-02-03 00:00:00+00:00,11.67,11.68,11.02,11.46,69454551,795775518.0825001
2016-02-04 00:00:00+00:00,11.38,11.69,11.26,11.53,40223130,461158185.45
2016-02-05 00:00:00+00:00,11.52,11.7,11.42,11.45,33322193,383954968.84250003
2016-02-08 00:00:00+00:00,11.41,11.69,11.25,11.59,45274520,519977862.2
2016-02-09 00:00:00+00:00,11.47,11.61,11.22,11.35,48956776,558719206.1
2016-02-10 00:00:00+00:00,11.46,11.57,11.33,11.34,38160284,435981244.70000005
2016-02-11 00:00:00+00:00,11.18,11.43,11.1,11.17,45801300,513890586.0
2016-02-12 00:00:00+00:00,11.24,11.58,11.18,11.55,28084963,319817516.16249996
2016-02-16 00:00:00+00:00,11.75,11.88,11.525,11.87,41072066,482853475.91249996
2016-02-17 00:00:00+00:00,11.99,12.3,11.98,12.27,37766423,458295543.1049999
2016-02-18 00:00:00+00:00,12.4,12.44,12.12,12.26,28784704,354195782.71999997
2016-02-19 00:00:00+00:00,12.2,12.22,12.01,12.1,26479330,321260471.225
2016-02-22 00:00:00+00:00,12.25,12.56,12.24,12.56,33549732,416100551.13000005
2016-02-23 00:00:00+00:00,12.53,12.65,12.42,12.42,30136719,376859671.095
2016-02-24 00:00:00+00:00,12.11,12.11,11.6,12.08,60608352,725785015.1999999
2016-02-25 00:00:00+00:00,12.11,12.4,12.05,12.39,32024839,391903967.26250005
2016-02-26 00:00:00+00:00,12.52,12.59,12.4,12.47,30228775,377708543.625
2016-02-29 00:00:00+00:00,12.42,12.65,12.39,12.51,32999136,412241706.48
2016-03-01 00:00:00+00:00,13.01,13.12,12.72,13.09,71523944,928738412.8399999
2016-03-02 00:00:00+00:00,13.06,13.35,13.04,13.22,36598221,481907075.01750004
2016-03-03 00:00:00+00:00,13.25,13.61,13.24,13.54,44524495,597073477.95
2016-03-04 00:00:00+00:00,13.56,13.86,13.43,13.59,31818610,433051282.09999996
2016-03-07 00:00:00+00:00,13.46,13.74,13.45,13.62,26131387,354537593.1225
2016-03-08 00:00:00+00:00,13.51,13.575,13.15,13.23,34770641,464753080.26625
2016-03-09 00:00:00+00:00,13.25,13.32,13.01,13.19,34146206,450473822.655
2016-03-10 00:00:00+00:00,13.25,13.28,12.92,13.15,39076472,513855606.8
2016-03-11 00:00:00+00:00,13.26,13.3,13.2,13.29,27583030,365819935.375
2016-03-14 00:00:00+00:00,13.28,13.37,13.18,13.27,20609627,273592798.42499995
2016-03-15 00:00:00+00:00,13.12,13.24,13.05,13.23,27729905,364925549.8
2016-03-16 00:00:00+00:00,13.21,13.51,13.18,13.5,47035012,627917410.1999999
2016-03-17 00:00:00+00:00,13.44,13.68,13.39,13.47,31521704,425385395.47999996
2016-03-18 00:00:00+00:00,13.52,13.7,13.49,13.64,32182356,437277762.15000004
2016-03-21 00:00:00+00:00,13.64,13.76,13.56,13.66,20905245,285461120.475
2016-03-22 00:00:00+00:00,13.65,13.73,13.51,13.59,26147996,356135705.52000004
2016-03-23 00:00:00+00:00,13.57,13.605,13.1901,13.26,31535467,422773142.85542494
2016-03-24 00:00:00+00:00,13.11,13.12,12.78,13.06,36203203,471275195.0525
2016-03-28 00:00:00+00:00,13.13,13.17,13.07,13.09,18684241,245043820.71500003
2016-03-29 00:00:00+00:00,13.05,13.2,12.97,13.2,26077380,341744064.90000004
2016-03-30 00:00:00+00:00,13.28,13.44,13.245,13.35,25322506,337517351.84749997
2016-03-31 00:00:00+00:00,13.34,13.52,13.34,13.5,32943444,442265735.70000005
2016-04-01 00:00:00+00:00,13.28,13.3255,13.05,13.1,57914024,763820823.2830001
2016-04-04 00:00:00+00:00,13.11,13.12,12.76,12.8,42406306,549055646.935
2016-04-05 00:00:00+00:00,12.73,12.85,12.52,12.77,32424981,412364695.86749995
2016-04-06 00:00:00+00:00,12.75,12.87,12.65,12.82,22597414,288625470.315
2016-04-07 00:00:00+00:00,12.77,12.79,12.39,12.52,37688134,475530030.745
2016-04-08 00:00:00+00:00,12.62,12.78,12.51,12.55,20015270,252492631.04999998
2016-04-11 00:00:00+00:00,12.61,12.8,12.58,12.66,27744764,351318074.15000004
2016-04-12 00:00:00+00:00,12.72,12.84,12.66,12.81,23416972,298742020.29
2016-04-13 00:00:00+00:00,12.87,13.12,12.85,13.06,29331148,380571645.3
2016-04-14 00:00:00+00:00,13.09,13.18,13.02,13.09,22453659,294030664.60499996
2016-04-15 00:00:00+00:00,13.1,13.12,12.85,12.94,22986147,298877376.3675
2016-04-18 00:00:00+00:00,12.98,13.28,12.95,13.25,30137670,395255542.04999995
2016-04-19 00:00:00+00:00,13.35,13.5,13.28,13.44,28808338,385815666.665
2016-04-20 00:00:00+00:00,13.42,13.72,13.4,13.64,32199012,436135617.54
2016-04-21 00:00:00+00:00,13.8,13.88,13.56,13.65,38126272,523187767.52
2016-04-22 00:00:00+00:00,13.63,13.78,13.51,13.61,28846317,393247416.5025
2016-04-25 00:00:00+00:00,13.59,13.6501,13.47,13.58,19494809,264593782.522725
2016-04-26 00:00:00+00:00,13.66,13.82,13.63,13.75,35214188,482962588.42
2016-04-27 00:00:00+00:00,13.64,13.71,13.59,13.66,27151410,370616746.49999994
2016-04-28 00:00:00+00:00,13.77,14.22,13.71,14.09,87588790,1221644648.525
2016-04-29 00:00:00+00:00,13.93,14.03,13.53,13.56,69695145,959179433.0625001
2016-05-02 00:00:00+00:00,13.67,13.79,13.6,13.62,57955420,792250591.4
2016-05-03 00:00:00+00:00,13.5,13.55,13.15,13.43,45594043,611302131.5225
2016-05-04 00:00:00+00:00,13.29,13.38,13.14,13.31,28894964,383725121.92
2016-05-05 00:00:00+00:00,13.35,13.43,13.22,13.32,23838052,317761233.16
2016-05-06 00:00:00+00:00,13.26,13.48,13.2399,13.44,23284500,310963915.3875
2016-05-09 00:00:00+00:00,13.42,13.5,13.28,13.32,21602009,289034880.42
2016-05-10 00:00:00+00:00,13.38,13.52,13.38,13.49,23583376,317019531.88
2016-05-11 00:00:00+00:00,13.45,13.54,13.3,13.32,20229580,271126945.95
2016-05-12 00:00:00+00:00,13.4,13.47,13.17,13.35,24784344,330809031.54
2016-05-13 00:00:00+00:00,13.34,13.52,13.17,13.22,27481877,365852487.5625
2016-05-16 00:00:00+00:00,13.22,13.375,13.21,13.32,21262679,282394955.46875
2016-05-17 00:00:00+00:00,13.14,13.31,13.07,13.14,34165259,449785634.735
2016-05-18 00:00:00+00:00,13.14,13.34,13.05,13.16,23509660,309680996.34999996
2016-05-19 00:00:00+00:00,13.1,13.195,13.02,13.09,24117796,315973274.845
2016-05-20 00:00:00+00:00,13.15,13.26,13.13,13.19,19465010,256597494.325
2016-05-23 00:00:00+00:00,13.14,13.2,13.11,13.13,16234326,213400215.27
2016-05-24 00:00:00+00:00,13.16,13.3,13.16,13.29,19721644,260868046.01000002
2016-05-25 00:00:00+00:00,13.33,13.6,13.33,13.52,26236076,352744041.82
2016-05-26 00:00:00+00:00,13.59,13.68,13.37,13.46,18369850,248452221.25
2016-05-27 00:00:00+00:00,13.48,13.5401,13.4,13.45,17263287,232493749.25467497
2016-05-31 00:00:00+00:00,13.49,13.56,13.4,13.49,26096015,351904762.27500004
2016-06-01 00:00:00+00:00,13.43,13.44,12.97,13.11,58219591,770681835.8625
2016-06-02 00:00:00+00:00,13.09,13.32,13.045,13.21,41614613,547908398.41125
2016-06-03 00:00:00+00:00,13.14,13.14,12.9,13.04,39850658,520250340.19
2016-06-06 00:00:00+00:00,13.08,13.21,13.04,13.18,25588674,335915317.935
2016-06-07 00:00:00+00:00,13.23,13.45,13.18,13.38,27656945,368113937.95
2016-06-08 00:00:00+00:00,13.45,13.49,13.35,13.36,18084759,242561830.0875
2016-06-09 00:00:00+00:00,13.26,13.3,13.14,13.26,19873758,263128555.92000002
2016-06-10 00:00:00+00:00,13.17,13.25,13.05,13.1,27382718,359877371.315
2016-06-13 00:00:00+00:00,13.07,13.13,12.96,12.98,20745750,270420851.25
2016-06-14 00:00:00+00:00,12.99,13.07,12.76,12.84,30545958,394501047.57
2016-06-15 00:00:00+00:00,12.91,13.16,12.88,13.01,25829659,335527270.41
2016-06-16 00:00:00+00:00,12.93,13.14,12.85,13.12,26581169,345821008.69
2016-06-17 00:00:00+00:00,13.16,13.4,13.15,13.26,37364863,494804198.2775
2016-06-20 00:00:00+00:00,13.39,13.55,13.39,13.42,29666741,398646832.1875
2016-06-21 00:00:00+00:00,13.44,13.44,13.18,13.22,36721839,489134895.48
2016-06-22 00:00:00+00:00,13.23,13.31,13.15,13.18,20666602,273160811.935
2016-06-23 00:00:00+00:00,13.29,13.41,13.28,13.4,24579723,328016403.43499994
2016-06-24 00:00:00+00:00,12.79,12.905,12.45,12.52,96887304,1227198814.2899997
2016-06-27 00:00:00+00:00,12.43,12.43,12.0,12.16,52820912,647320276.56
2016-06-28 00:00:00+00:00,12.42,12.44,12.21,12.39,40640389,502518409.985
2016-06-29 00:00:00+00:00,12.49,12.58,12.36,12.55,31937932,399064460.34000003
2016-06-30 00:00:00+00:00,12.56,12.57,12.26,12.57,44983767,561847249.83
2016-07-01 00:00:00+00:00,12.88,12.89,12.685,12.72,45067772,576585808.0250001
2016-07-05 00:00:00+00:00,12.57,12.59,12.31,12.4,30243293,377058255.47749996
2016-07-06 00:00:00+00:00,12.32,12.58,12.21,12.57,35091212,435832853.04
2016-07-07 00:00:00+00:00,12.57,12.84,12.57,12.75,33472953,424520726.4225
2016-07-08 00:00:00+00:00,12.89,13.17,12.89,13.09,45945187,597746882.8700001
2016-07-11 00:00:00+00:00,13.17,13.33,13.13,13.27,28626257,378582248.82500005
2016-07-12 00:00:00+00:00,13.38,13.54,13.38,13.45,31320103,420863884.0625
2016-07-13 00:00:00+00:00,13.49,13.51,13.31,13.48,26779837,360121858.05750006
2016-07-14 00:00:00+00:00,13.57,13.7,13.55,13.59,31802953,432599668.18249995
2016-07-15 00:00:00+00:00,13.63,13.67,13.53,13.57,19546317,265829911.2
2016-07-18 00:00:00+00:00,13.56,13.68,13.42,13.65,22545937,306117459.6175
2016-07-19 00:00:00+00:00,13.56,13.72,13.5,13.65,26183383,356290384.1725
2016-07-20 00:00:00+00:00,13.61,13.78,13.56,13.74,22588923,308847049.71750003
2016-07-21 00:00:00+00:00,13.87,14.04,13.86,13.92,40778639,567740601.4775
2016-07-22 00:00:00+00:00,13.92,13.93,13.71,13.84,25134104,348107340.40000004
2016-07-25 00:00:00+00:00,13.86,13.95,13.76,13.83,26248463,363541212.55
2016-07-26 00:00:00+00:00,13.73,13.88,13.69,13.86,28467227,392563060.33
2016-07-27 00:00:00+00:00,13.86,13.99,13.75,13.84,34625494,479909346.84
2016-07-28 00:00:00+00:00,12.79,12.86,12.45,12.71,142168574,1805896311.235
2016-07-29 00:00:00+00:00,12.61,12.88,12.6,12.66,59754088,758129991.5
2016-08-01 00:00:00+00:00,12.61,12.62,12.4,12.48,51963117,650967948.2175
2016-08-02 00:00:00+00:00,12.35,12.36,11.9,11.94,101624914,1233472393.675
2016-08-03 00:00:00+00:00,12.02,12.2,11.94,12.13,47323303,571310575.4675
2016-08-04 00:00:00+00:00,12.12,12.23,12.05,12.08,38443181,465931353.72
2016-08-05 00:00:00+00:00,12.16,12.26,12.16,12.19,31219542,380644265.835
2016-08-08 00:00:00+00:00,12.22,12.33,12.15,12.18,33310587,407055373.14000005
2016-08-09 00:00:00+00:00,12.16,12.375,12.15,12.31,30097768,368660035.79
2016-08-10 00:00:00+00:00,12.3,12.36,12.23,12.25,24555796,301667953.86
2016-08-11 00:00:00+00:00,12.31,12.37,12.2639,12.31,24987265,307680062.89587504
2016-08-12 00:00:00+00:00,12.29,12.37,12.25,12.33,18816854,231635472.73999998
2016-08-15 00:00:00+00:00,12.37,12.44,12.36,12.43,16371100,203001640.0
2016-08-16 00:00:00+00:00,12.35,12.43,12.33,12.34,20450106,252814435.425
2016-08-17 00:00:00+00:00,12.33,12.39,12.23,12.39,23434544,289065100.24
2016-08-18 00:00:00+00:00,12.33,12.36,12.265,12.33,23629454,291144410.09749997
2016-08-19 00:00:00+00:00,12.3,12.41,12.25,12.39,21891446,270085715.02500004
2016-08-22 00:00:00+00:00,12.35,12.38,12.29,12.36,22458375,277248639.375
2016-08-23 00:00:00+00:00,12.4,12.43,12.325,12.42,34634133,429246785.86875004
2016-08-24 00:00:00+00:00,12.41,12.44,12.28,12.3,19999632,247145452.44000003
2016-08-25 00:00:00+00:00,12.3,12.52,12.21,12.47,44713676,553331740.5
2016-08-26 00:00:00+00:00,12.47,12.55,12.34,12.38,22645892,281601667.02000004
2016-08-29 00:00:00+00:00,12.38,12.5,12.38,12.47,22243199,276538571.5675
2016-08-30 00:00:00+00:00,12.45,12.56,12.43,12.55,26040411,325440036.47249997
2016-08-31 00:00:00+00:00,12.51,12.61,12.48,12.6,26030649,326684644.95
2016-09-01 00:00:00+00:00,12.66,12.72,12.35,12.44,40510406,508101767.255
2016-09-02 00:00:00+00:00,12.5,12.57,12.46,12.5,21079776,263655298.32
2016-09-06 00:00:00+00:00,12.5,12.67,12.43,12.67,36098940,453673428.45000005
2016-09-07 00:00:00+00:00,12.7,12.75,12.62,12.7,22879114,290393154.445
2016-09-08 00:00:00+00:00,12.59,12.75,12.5,12.73,34017856,430070744.4800001
2016-09-09 00:00:00+00:00,12.61,12.685,12.38,12.38,35733644,447161887.6050001
2016-09-12 00:00:00+00:00,12.32,12.77,12.28,12.7,42690174,534374253.0449999
2016-09-13 00:00:00+00:00,12.53,12.68,12.33,12.38,56549095,705732705.6
2016-09-14 00:00:00+00:00,12.18,12.31,12.11,12.14,62450611,760960695.0350001
2016-09-15 00:00:00+00:00,12.13,12.18,12.06,12.11,57373928,695372007.36
2016-09-16 00:00:00+00:00,12.07,12.13,12.01,12.11,26271568,317360541.44
2016-09-19 00:00:00+00:00,12.15,12.33,12.0586,12.11,41175453,500782035.70395005
2016-09-20 00:00:00+00:00,12.09,12.19,11.96,12.0,37820775,456118546.5
2016-09-21 00:00:00+00:00,12.07,12.11,12.01,12.09,32934639,397521092.73
2016-09-22 00:00:00+00:00,12.17,12.29,12.16,12.18,36136234,440862054.8
2016-09-23 00:00:00+00:00,12.15,12.22,12.12,12.17,18993510,231056049.15
2016-09-26 00:00:00+00:00,12.12,12.12,12.0,12.01,26758623,322775889.93749994
2016-09-27 00:00:00+00:00,12.02,12.09,11.93,11.98,28965759,347733936.79499996
2016-09-28 00:00:00+00:00,12.02,12.09,11.96,12.09,29341515,353271840.59999996
2016-09-29 00:00:00+00:00,12.03,12.12,11.95,11.97,23397424,281178542.91999996
2016-09-30 00:00:00+00:00,12.0,12.14,11.99,12.07,34903811,420590922.55
2016-10-03 00:00:00+00:00,12.04,12.15,12.02,12.1,20683081,249799910.77749997
2016-10-04 00:00:00+00:00,12.11,12.25,12.09,12.2,23948703,291276100.2375
2016-10-05 00:00:00+00:00,12.22,12.53,12.22,12.48,55529059,686477991.8875
2016-10-06 00:00:00+00:00,12.43,12.505,12.33,12.39,25880883,321278811.34125
2016-10-07 00:00:00+00:00,12.39,12.42,12.2,12.29,22093202,272298714.65000004
2016-10-10 00:00:00+00:00,12.35,12.38,12.1,12.12,24951437,305343210.28749996
2016-10-11 00:00:00+00:00,12.17,12.17,11.91,11.99,40053504,483045258.24
2016-10-12 00:00:00+00:00,12.0,12.01,11.94,11.96,20626954,247059341.535
2016-10-13 00:00:00+00:00,11.91,11.91,11.69,11.91,39904190,473064172.45
2016-10-14 00:00:00+00:00,11.96,12.0,11.89,11.91,25775674,307761547.56000006
2016-10-17 00:00:00+00:00,11.91,12.0,11.88,11.88,19874994,236860240.995
2016-10-18 00:00:00+00:00,11.92,11.93,11.71,11.89,39911254,473447250.57500005
2016-10-19 00:00:00+00:00,11.9,12.05,11.88,12.01,26094001,312084251.96000004
2016-10-20 00:00:00+00:00,12.02,12.03,11.9,11.97,18115983,217029476.33999997
2016-10-21 00:00:00+00:00,11.93,12.04,11.85,12.02,24364204,291395879.84000003
2016-10-24 00:00:00+00:00,12.06,12.2,12.06,12.19,33733614,409104403.78499997
2016-10-25 00:00:00+00:00,12.05,12.1,11.76,11.85,42485988,507282696.71999997
2016-10-26 00:00:00+00:00,11.82,11.93,11.76,11.88,36219863,429114826.8925
2016-10-27 00:00:00+00:00,11.81,11.83,11.6,11.74,48402031,568481854.095
2016-10-28 00:00:00+00:00,11.73,11.85,11.625,11.72,37142375,435726486.71875
2016-10-31 00:00:00+00:00,11.75,11.81,11.69,11.74,31898380,374726219.05
2016-11-01 00:00:00+00:00,11.78,11.84,11.5,11.61,35613573,416055566.5725
2016-11-02 00:00:00+00:00,11.51,11.56,11.36,11.4,36229377,415098086.97749996
2016-11-03 00:00:00+00:00,11.38,11.46,11.27,11.35,38651451,439273740.615
2016-11-04 00:00:00+00:00,11.31,11.5,11.3,11.34,24752417,281249338.1625
2016-11-07 00:00:00+00:00,11.52,11.62,11.39,11.58,25120693,289578788.5575
2016-11-08 00:00:00+00:00,11.5,11.51,11.35,11.475,28497894,326550242.8725
2016-11-09 00:00:00+00:00,11.15,11.63,11.07,11.58,60625748,688556932.91
2016-11-10 00:00:00+00:00,11.6,11.98,11.58,11.94,52756533,621208176.0749999
2016-11-11 00:00:00+00:00,11.86,12.4,11.84,12.28,79259270,958640870.6499999
2016-11-14 00:00:00+00:00,12.27,12.5,12.02,12.06,56109928,685242495.7
2016-11-15 00:00:00+00:00,12.06,12.1393,11.95,12.04,31498503,379472702.654475
2016-11-16 00:00:00+00:00,12.0,12.05,11.92,12.0,25195460,302156554.05
2016-11-17 00:00:00+00:00,11.9,11.96,11.78,11.87,38502535,457313859.4625
2016-11-18 00:00:00+00:00,11.88,11.9,11.73,11.76,30662036,362348610.43
2016-11-21 00:00:00+00:00,11.77,11.9,11.77,11.79,19508608,230347888.95999998
2016-11-22 00:00:00+00:00,11.76,11.91,11.73,11.89,24274734,286988042.71500003
2016-11-23 00:00:00+00:00,11.9,12.0,11.85,11.9,22418351,267058606.2875
2016-11-25 00:00:00+00:00,11.95,12.06,11.93,12.04,11439553,137217438.23499998
2016-11-28 00:00:00+00:00,12.02,12.05,11.89,11.92,24407192,292154088.24
2016-11-29 00:00:00+00:00,11.93,12.0,11.87,11.92,23690847,282631804.71
2016-11-30 00:00:00+00:00,11.97,12.14,11.92,11.96,47646220,571635524.45
2016-12-01 00:00:00+00:00,12.24,12.8,12.18,12.43,95143559,1180969426.0874999
2016-12-02 00:00:00+00:00,12.52,12.58,12.15,12.24,38689842,478690070.14500004
2016-12-05 00:00:00+00:00,12.3,12.5,12.29,12.44,36219973,448493815.6725
2016-12-06 00:00:00+00:00,12.4,12.59,12.37,12.56,23923916,298570471.68
2016-12-07 00:00:00+00:00,12.56,13.15,12.54,13.06,58600423,751696926.0325
2016-12-08 00:00:00+00:00,13.07,13.15,12.97,13.03,41459537,541254255.535
2016-12-09 00:00:00+00:00,13.0,13.2,12.91,13.17,45256112,591497383.84
2016-12-12 00:00:00+00:00,13.08,13.1,12.81,12.82,39596765,512877098.6625
2016-12-13 00:00:00+00:00,12.84,12.88,12.75,12.77,39570500,506898104.99999994
2016-12-14 00:00:00+00:00,12.65,12.7905,12.5,12.53,42820123,540288254.467875
2016-12-15 00:00:00+00:00,12.54,12.72,12.52,12.58,23774842,299325260.78
2016-12-16 00:00:00+00:00,12.64,12.7,12.5615,12.63,28354939,358204400.019625
2016-12-19 00:00:00+00:00,12.59,12.795,12.59,12.66,22830013,288999427.06374997
2016-12-20 00:00:00+00:00,12.7,12.82,12.68,12.78,17834041,227294852.54500002
2016-12-21 00:00:00+00:00,12.73,12.77,12.64,12.64,18117060,229996076.70000002
2016-12-22 00:00:00+00:00,12.63,12.64,12.4,12.4,27821071,348250256.2425
2016-12-23 00:00:00+00:00,12.43,12.46,12.36,12.46,15621178,194132189.595
2016-12-27 00:00:00+00:00,12.43,12.51,12.36,12.39,19467440,241834273.39999998
2016-12-28 00:00:00+00:00,12.37,12.45,12.22,12.25,26875381,331171882.3725
2016-12-29 00:00:00+00:00,12.25,12.31,12.22,12.23,19819081,242833289.95250002
2016-12-30 00:00:00+00:00,12.24,12.28,12.08,12.13,27405736,333870378.82000005
2017-01-03 00:00:00+00:00,12.2,12.6,12.13,12.59,40510821,501523963.97999996
2017-01-04 00:00:00+00:00,12.77,13.27,12.74,13.17,77638075,1008324499.0625
2017-01-05 00:00:00+00:00,13.21,13.22,12.63,12.77,75628443,979955550.1725
2017-01-06 00:00:00+00:00,12.8,12.84,12.64,12.76,40315887,514430718.12
2017-01-09 00:00:00+00:00,12.79,12.86,12.63,12.63,39438393,501952146.9075
2017-01-10 00:00:00+00:00,12.7,13.02,12.66,12.85,58703537,751845550.1274999
2017-01-11 00:00:00+00:00,12.71,12.72,12.51,12.67,49718725,629066168.0625
2017-01-12 00:00:00+00:00,12.66,12.68,12.35,12.59,36493266,458720353.62
2017-01-13 00:00:00+00:00,12.62,12.67,12.5,12.63,29197105,368029508.52500004
2017-01-17 00:00:00+00:00,12.65,12.73,12.54,12.61,49069459,619869940.8175
2017-01-18 00:00:00+00:00,12.43,12.45,12.3,12.41,33830795,419417281.01250005
2017-01-19 00:00:00+00:00,12.4,12.56,12.34,12.43,30135566,374660424.29499996
2017-01-20 00:00:00+00:00,12.45,12.48,12.31,12.36,29269964,362947553.6
2017-01-23 00:00:00+00:00,12.35,12.38,12.22,12.31,31670705,390024732.07500005
2017-01-24 00:00:00+00:00,12.35,12.61,12.335,12.61,34625204,431992701.40500003
2017-01-25 00:00:00+00:00,12.71,12.8,12.64,12.79,46747840,595333742.4000001
2017-01-26 00:00:00+00:00,12.65,12.68,12.35,12.37,55672778,696605634.7249999
2017-01-27 00:00:00+00:00,12.48,12.54,12.38,12.49,34613868,431721468.63
2017-01-30 00:00:00+00:00,12.46,12.46,12.28,12.37,39254173,486457338.9025
2017-01-31 00:00:00+00:00,12.31,12.39,12.19,12.36,46974479,578373272.6875
2017-02-01 00:00:00+00:00,12.45,12.58,12.22,12.32,44396812,550187492.71
2017-02-02 00:00:00+00:00,12.3,12.37,12.23,12.28,29035383,356990033.9850001
2017-02-03 00:00:00+00:00,12.43,12.62,12.39,12.56,38245251,478065637.5
2017-02-06 00:00:00+00:00,12.55,12.615,12.46,12.52,26916768,337435332.84
2017-02-07 00:00:00+00:00,12.5,12.52,12.31,12.34,32914413,408714723.4275
2017-02-08 00:00:00+00:00,12.34,12.45,12.27,12.38,26411417,326445114.12
2017-02-09 00:00:00+00:00,12.4,12.47,12.35,12.38,32924624,408265337.6
2017-02-10 00:00:00+00:00,12.44,12.51,12.37,12.51,32996465,411053462.7375
2017-02-13 00:00:00+00:00,12.54,12.62,12.48,12.56,24473996,307148649.8
2017-02-14 00:00:00+00:00,12.64,12.7,12.59,12.65,28355725,358558142.625
2017-02-15 00:00:00+00:00,12.62,12.64,12.55,12.63,25114438,316693063.18
2017-02-16 00:00:00+00:00,12.61,12.64,12.48,12.54,22896525,287752077.9375
2017-02-17 00:00:00+00:00,12.5,12.58,12.42,12.58,26407405,330620710.59999996
2017-02-21 00:00:00+00:00,12.61,12.72,12.61,12.69,29156181,369044361.0075
2017-02-22 00:00:00+00:00,12.66,12.765,12.65,12.67,24787512,314460574.11
2017-02-23 00:00:00+00:00,12.7,12.715,12.55,12.56,22520597,284463290.85625005
2017-02-24 00:00:00+00:00,12.51,12.51,12.38,12.47,40817305,508889750.0875
2017-02-27 00:00:00+00:00,12.49,12.68,12.43,12.66,41713096,524125051.24000007
2017-02-28 00:00:00+00:00,12.63,12.659,12.45,12.53,36089848,453550142.27800006
2017-03-01 00:00:00+00:00,12.66,12.75,12.65,12.69,36178588,459015835.25
2017-03-02 00:00:00+00:00,12.72,12.745,12.58,12.66,33245050,421422565.0625
2017-03-03 00:00:00+00:00,12.66,12.71,12.53,12.65,30493532,385362010.65
2017-03-06 00:00:00+00:00,12.58,12.6,12.5,12.52,28753623,360857968.65000004
2017-03-07 00:00:00+00:00,12.51,12.525,12.42,12.46,25906933,323286140.17375
2017-03-08 00:00:00+00:00,12.5,12.64,12.46,12.53,27327834,342486079.605
2017-03-09 00:00:00+00:00,12.54,12.54,12.4,12.5,29149095,364217942.025
2017-03-10 00:00:00+00:00,12.55,12.63,12.47,12.53,34866054,437394647.43
2017-03-13 00:00:00+00:00,12.56,12.63,12.5,12.54,22625831,284123872.78249997
2017-03-14 00:00:00+00:00,12.51,12.56,12.45,12.55,26956658,337429966.5149999
2017-03-15 00:00:00+00:00,12.56,12.65,12.52,12.65,34296197,431960601.21500003
2017-03-16 00:00:00+00:00,12.65,12.72,12.59,12.7,28954694,366711199.51
2017-03-17 00:00:00+00:00,12.74,12.74,12.45,12.48,54929115,692244171.7874999
2017-03-20 00:00:00+00:00,12.48,12.49,12.25,12.28,45329650,560954418.75
2017-03-21 00:00:00+00:00,12.3,12.32,11.7,11.72,101559879,1219734146.79
2017-03-22 00:00:00+00:00,11.78,11.83,11.62,11.77,71107861,835517366.75
2017-03-23 00:00:00+00:00,11.57,11.75,11.5,11.67,71209260,827629624.35
2017-03-24 00:00:00+00:00,11.66,11.765,11.55,11.62,43772442,509894233.7475
2017-03-27 00:00:00+00:00,11.51,11.55,11.41,11.46,57713419,662694333.6675
2017-03-28 00:00:00+00:00,11.51,11.8,11.48,11.65,57662806,669465177.6600001
2017-03-29 00:00:00+00:00,11.73,11.76,11.64,11.68,35795737,418899612.2425
2017-03-30 00:00:00+00:00,11.67,11.74,11.61,11.68,28008241,326996213.67499995
2017-03-31 00:00:00+00:00,11.66,11.68,11.6,11.64,26717520,311125520.4
2017-04-03 00:00:00+00:00,11.64,11.64,11.28,11.44,65671114,755217811.0
2017-04-04 00:00:00+00:00,11.38,11.48,11.28,11.37,40068175,455875661.0625
2017-04-05 00:00:00+00:00,11.47,11.495,11.25,11.26,43316140,492450366.625
2017-04-06 00:00:00+00:00,11.27,11.36,11.22,11.27,36165281,407944369.68000007
2017-04-07 00:00:00+00:00,11.26,11.31,11.21,11.23,28874909,324914913.52250004
2017-04-10 00:00:00+00:00,11.26,11.35,11.24,11.25,25857108,291538892.7
2017-04-11 00:00:00+00:00,11.27,11.28,11.17,11.28,36366316,409121055.0
2017-04-12 00:00:00+00:00,11.27,11.295,11.2,11.23,56588425,636549045.7187501
2017-04-13 00:00:00+00:00,11.22,11.25,11.11,11.11,32789905,366345213.61249995
2017-04-17 00:00:00+00:00,11.21,11.3,11.14,11.28,44731735,502449213.38750005
2017-04-18 00:00:00+00:00,11.15,11.18,11.08,11.14,35659989,397163127.48749995
2017-04-19 00:00:00+00:00,11.19,11.28,11.17,11.19,37524445,420555217.3375
2017-04-20 00:00:00+00:00,11.25,11.5,11.24,11.47,49990191,568138520.715
2017-04-21 00:00:00+00:00,11.46,11.48,11.32,11.34,26076186,297268520.40000004
2017-04-24 00:00:00+00:00,11.48,11.5,11.36,11.43,41071326,469958647.75500005
2017-04-25 00:00:00+00:00,11.47,11.5,11.43,11.48,35862521,411343115.86999995
2017-04-26 00:00:00+00:00,11.47,11.7,11.45,11.6,51685768,597229049.2400001
2017-04-27 00:00:00+00:00,11.66,11.68,11.34,11.47,50203741,579225661.7875
2017-04-28 00:00:00+00:00,11.51,11.51,11.4,11.47,41415145,475135251.0125
2017-05-01 00:00:00+00:00,11.49,11.54,11.4,11.42,32118379,368156919.2875
2017-05-02 00:00:00+00:00,11.3,11.37,10.9,10.92,99514739,1106852684.5275002
2017-05-03 00:00:00+00:00,10.93,11.09,10.91,11.07,57290560,630196160.0
2017-05-04 00:00:00+00:00,11.09,11.11,10.96,11.0,34639754,382422884.15999997
2017-05-05 00:00:00+00:00,11.01,11.16,10.98,11.14,28926001,320283146.07250005
2017-05-08 00:00:00+00:00,11.15,11.24,11.09,11.13,35561764,396602573.01000005
2017-05-09 00:00:00+00:00,11.14,11.255,11.1,11.16,44142864,492799897.98
2017-05-10 00:00:00+00:00,11.16,11.2,11.03,11.04,34989254,388643138.805
2017-05-11 00:00:00+00:00,11.04,11.07,10.97,11.01,29276286,322697862.435
2017-05-12 00:00:00+00:00,11.0,11.03,10.9,10.92,34264277,375622136.6125
2017-05-15 00:00:00+00:00,10.96,11.03,10.92,10.94,27359494,299928452.975
2017-05-16 00:00:00+00:00,11.06,11.07,10.9,10.94,42130215,463116388.3875
2017-05-17 00:00:00+00:00,10.88,10.95,10.67,10.76,54670105,591257185.5749999
2017-05-18 00:00:00+00:00,10.73,10.82,10.7,10.79,37890811,407705126.36
2017-05-19 00:00:00+00:00,10.81,10.94,10.79,10.87,32431694,351964959.135
2017-05-22 00:00:00+00:00,11.11,11.13,10.98,11.1,73334997,812551766.76
2017-05-23 00:00:00+00:00,11.16,11.165,10.97,11.05,40816647,452503552.80375
2017-05-24 00:00:00+00:00,11.06,11.06,10.87,10.96,46732734,513475914.82500005
2017-05-25 00:00:00+00:00,10.96,10.97,10.76,10.86,46269245,503756404.93749994
2017-05-26 00:00:00+00:00,10.85,10.945,10.81,10.93,28176454,306665481.2225
2017-05-30 00:00:00+00:00,11.0,11.12,10.99,11.08,36082622,398622766.54499996
2017-05-31 00:00:00+00:00,11.12,11.13,11.0,11.12,36398667,403752213.6975
2017-06-01 00:00:00+00:00,11.25,11.54,11.1,11.41,76707185,868708870.125
2017-06-02 00:00:00+00:00,11.42,11.43,11.24,11.35,45924954,521707477.44000006
2017-06-05 00:00:00+00:00,11.36,11.36,11.225,11.25,42558570,480858642.7875
2017-06-06 00:00:00+00:00,11.19,11.2,11.05,11.12,44543687,496216673.17999995
2017-06-07 00:00:00+00:00,11.16,11.19,11.02,11.07,37344208,414894150.88000005
2017-06-08 00:00:00+00:00,10.94,11.1,10.91,11.1,40757441,448841319.01250005
2017-06-09 00:00:00+00:00,11.09,11.15,11.01,11.13,30285939,336022493.20500004
2017-06-12 00:00:00+00:00,11.13,11.36,11.13,11.28,38473144,431861041.40000004
2017-06-13 00:00:00+00:00,11.315,11.35,11.15,11.27,29889309,336889874.06624997
2017-06-14 00:00:00+00:00,11.28,11.29,11.06,11.22,44367883,497474888.1375
2017-06-15 00:00:00+00:00,11.15,11.29,11.14,11.24,28431606,318576145.23
2017-06-16 00:00:00+00:00,11.24,11.24,11.07,11.22,54035414,604791371.1949999
2017-06-19 00:00:00+00:00,11.2,11.28,11.18,11.24,30540890,342821490.25
2017-06-20 00:00:00+00:00,11.22,11.22,11.09,11.12,31971454,356881355.275
2017-06-21 00:00:00+00:00,11.15,11.15,11.0,11.04,37002531,410173056.135
2017-06-22 00:00:00+00:00,11.02,11.18,11.0,11.13,26972816,298926233.32000005
2017-06-23 00:00:00+00:00,11.1,11.13,11.0,11.04,45190204,500142582.77000004
2017-06-26 00:00:00+00:00,11.06,11.2,11.055,11.18,31316763,348359842.42125
2017-06-27 00:00:00+00:00,11.17,11.2,11.06,11.08,28491614,317040434.78499997
2017-06-28 00:00:00+00:00,11.11,11.17,11.07,11.09,31819976,353519933.35999995
2017-06-29 00:00:00+00:00,11.13,11.2,11.07,11.17,32917042,366778140.485
2017-06-30 00:00:00+00:00,11.18,11.28,11.16,11.19,41074990,460142575.475
2017-07-03 00:00:00+00:00,11.36,11.685,11.25,11.56,43949588,503827089.43500006
2017-07-05 00:00:00+00:00,11.51,11.56,11.26,11.3,39412233,449595047.94749993
2017-07-06 00:00:00+00:00,11.29,11.36,11.17,11.18,31935984,359279820.0
2017-07-07 00:00:00+00:00,11.21,11.28,11.16,11.26,20871848,234338673.42000002
2017-07-10 00:00:00+00:00,11.24,11.35,11.23,11.34,18881282,213169673.77999997
2017-07-11 00:00:00+00:00,11.31,11.43,11.3,11.38,25914333,294257251.21500003
2017-07-12 00:00:00+00:00,11.41,11.62,11.4,11.47,33088184,379686911.4
2017-07-13 00:00:00+00:00,11.46,11.69,11.45,11.6,33650806,388666809.29999995
2017-07-14 00:00:00+00:00,11.645,11.73,11.6,11.68,39792182,464126062.8025
2017-07-17 00:00:00+00:00,11.71,11.75,11.65,11.74,24394237,285717500.8625
2017-07-18 00:00:00+00:00,11.72,11.75,11.67,11.75,24625242,288669399.345
2017-07-19 00:00:00+00:00,11.76,11.83,11.74,11.83,26225866,309202960.14
2017-07-20 00:00:00+00:00,11.69,11.78,11.66,11.7,30315108,354914126.90999997
2017-07-21 00:00:00+00:00,11.59,11.62,11.46,11.53,27630584,319133245.20000005
2017-07-24 00:00:00+00:00,11.51,11.55,11.27,11.29,48123427,548847684.935
2017-07-25 00:00:00+00:00,11.3,11.375,11.22,11.27,52854343,596791600.3987501
2017-07-26 00:00:00+00:00,11.14,11.16,10.95,11.06,72271733,800590122.3075
2017-07-27 00:00:00+00:00,11.08,11.2,11.03,11.18,38687497,430301685.3825
2017-07-28 00:00:00+00:00,11.15,11.22,11.06,11.17,24864110,277234826.5
2017-07-31 00:00:00+00:00,11.16,11.23,11.125,11.22,39548561,442301219.08375
2017-08-01 00:00:00+00:00,11.11,11.15,10.87,10.95,65140080,717843681.6
2017-08-02 00:00:00+00:00,10.98,11.025,10.93,11.0,30890498,339293507.4075
2017-08-03 00:00:00+00:00,11.01,11.05,10.92,10.93,20309320,222945560.3
2017-08-04 00:00:00+00:00,10.9,10.99,10.78,10.95,29267609,319163276.14500004
2017-08-07 00:00:00+00:00,10.94,10.98,10.9,10.92,35013023,382867406.505
2017-08-08 00:00:00+00:00,10.94,11.0,10.88,10.89,26322101,287634758.6775
2017-08-09 00:00:00+00:00,10.88,10.95,10.83,10.92,32155872,350338225.44
2017-08-10 00:00:00+00:00,10.88,10.91,10.77,10.77,31903827,345598205.97749996
2017-08-11 00:00:00+00:00,10.79,10.84,10.76,10.77,32300117,348518262.42999995
2017-08-14 00:00:00+00:00,10.82,10.95,10.79,10.91,26413474,287048428.695
2017-08-15 00:00:00+00:00,10.92,11.0,10.835,10.84,29266299,318966076.22625
2017-08-16 00:00:00+00:00,10.86,10.9,10.78,10.8,28316308,306807197.18
2017-08-17 00:00:00+00:00,10.79,10.8,10.6,10.64,35518834,380317915.055
2017-08-18 00:00:00+00:00,10.62,10.63,10.47,10.56,43998743,465066713.51
2017-08-21 00:00:00+00:00,10.52,10.655,10.52,10.57,30152540,318599275.775
2017-08-22 00:00:00+00:00,10.61,10.73,10.61,10.65,28676062,305400060.3
2017-08-23 00:00:00+00:00,10.61,10.78,10.59,10.71,35405768,377868058.97999996
2017-08-24 00:00:00+00:00,10.75,10.8,10.69,10.71,33584388,360612366.15000004
2017-08-25 00:00:00+00:00,10.77,10.88,10.76,10.82,35926827,388279182.80249995
2017-08-28 00:00:00+00:00,10.86,10.88,10.73,10.79,22307395,241254476.92499998
2017-08-29 00:00:00+00:00,10.75,10.89,10.73,10.84,29807261,321992936.95250005
2017-08-30 00:00:00+00:00,10.82,10.94,10.77,10.94,23629293,256791341.67749998
2017-08-31 00:00:00+00:00,10.97,11.2,10.95,11.03,54208921,598330965.5375
2017-09-01 00:00:00+00:00,11.18,11.43,11.14,11.35,64560278,727917134.45
2017-09-05 00:00:00+00:00,11.36,11.39,11.24,11.36,44142351,500463904.46250004
2017-09-06 00:00:00+00:00,11.39,11.53,11.389,11.5,43279041,495642397.29225
2017-09-07 00:00:00+00:00,11.52,11.52,11.33,11.4,30271005,346375974.7125
2017-09-08 00:00:00+00:00,11.34,11.39,11.29,11.36,26633932,302161958.53999996
2017-09-11 00:00:00+00:00,11.4,11.45,11.38,11.41,43375019,494908966.79
2017-09-12 00:00:00+00:00,11.43,11.67,11.39,11.59,41386669,476774426.88
2017-09-13 00:00:00+00:00,11.6,11.63,11.52,11.62,23302152,270130197.06
2017-09-14 00:00:00+00:00,11.6,11.68,11.48,11.56,31696274,367042852.9200001
2017-09-15 00:00:00+00:00,11.54,11.63,11.49,11.62,30865470,357113487.90000004
2017-09-18 00:00:00+00:00,11.63,11.73,11.595,11.63,25132356,292697701.065
2017-09-19 00:00:00+00:00,11.63,11.74,11.62,11.72,26392861,308202634.3275
2017-09-20 00:00:00+00:00,11.68,11.795,11.635,11.71,26705319,312585758.895
2017-09-21 00:00:00+00:00,11.71,11.82,11.69,11.72,40319429,473148499.315
2017-09-22 00:00:00+00:00,11.74,11.87,11.72,11.84,30196459,356091742.7575
2017-09-25 00:00:00+00:00,11.88,12.06,11.84,11.94,40766002,486338403.86
2017-09-26 00:00:00+00:00,11.95,12.0,11.9,11.93,30646723,366075106.235
2017-09-27 00:00:00+00:00,11.98,12.02,11.86,11.95,28412202,339596844.40500003
2017-09-28 00:00:00+00:00,11.95,11.99,11.9,11.96,23105656,276112589.2
2017-09-29 00:00:00+00:00,11.97,12.02,11.92,11.97,31227515,373793354.55
2017-10-02 00:00:00+00:00,12.0,12.09,11.97,12.09,36019960,433590268.50000006
2017-10-03 00:00:00+00:00,12.32,12.43,12.22,12.34,65641714,809198229.335
2017-10-04 00:00:00+00:00,12.33,12.46,12.28,12.3,52909843,653039737.2275001
2017-10-05 00:00:00+00:00,12.34,12.36,12.15,12.25,48145783,590989486.325
2017-10-06 00:00:00+00:00,12.2,12.33,12.1925,12.31,35091790,430159548.29375005
2017-10-09 00:00:00+00:00,12.33,12.41,12.25,12.34,28924795,356715034.3375
2017-10-10 00:00:00+00:00,12.34,12.42,12.25,12.39,40586234,501239989.9
2017-10-11 00:00:00+00:00,12.38,12.43,12.31,12.38,34953438,432548795.25000006
2017-10-12 00:00:00+00:00,12.3,12.32,12.11,12.12,45924434,560852150.225
2017-10-13 00:00:00+00:00,12.06,12.17,11.87,12.05,44597334,536840408.02500004
2017-10-16 00:00:00+00:00,11.98,12.15,11.96,12.12,32349675,389894457.9375
2017-10-17 00:00:00+00:00,12.13,12.31,12.12,12.27,55273235,674748016.2624999
2017-10-18 00:00:00+00:00,12.28,12.35,12.17,12.19,30783686,377023194.28499997
2017-10-19 00:00:00+00:00,12.14,12.25,12.05,12.23,29678158,361108987.46500003
2017-10-20 00:00:00+00:00,12.12,12.14,12.0,12.1,28171651,340595260.59
2017-10-23 00:00:00+00:00,12.11,12.19,12.04,12.04,21504813,260100713.23499998
2017-10-24 00:00:00+00:00,12.11,12.26,12.0909,12.19,34651185,421452834.0791249
2017-10-25 00:00:00+00:00,12.15,12.15,11.97,12.04,47674841,575792892.1775
2017-10-26 00:00:00+00:00,12.21,12.34,12.06,12.27,49003126,598818199.7199999
2017-10-27 00:00:00+00:00,12.23,12.24,12.0101,12.06,33925366,411685164.54415
2017-10-30 00:00:00+00:00,12.01,12.15,11.95,12.1,36457435,439403235.33750004
2017-10-31 00:00:00+00:00,12.15,12.3,12.129,12.27,42010246,513039626.7135
2017-11-01 00:00:00+00:00,12.4,12.47,12.2752,12.35,43495830,538208701.2540001
2017-11-02 00:00:00+00:00,12.33,12.43,12.26,12.42,40923421,505813483.56
2017-11-03 00:00:00+00:00,12.41,12.46,12.32,12.36,33220261,411515983.1375
2017-11-06 00:00:00+00:00,12.36,12.43,12.3,12.33,20178513,249305528.115
2017-11-07 00:00:00+00:00,12.35,12.38,12.11,12.16,41536291,508819564.75
2017-11-08 00:00:00+00:00,12.14,12.16,12.01,12.06,34127543,412687313.7275
2017-11-09 00:00:00+00:00,12.01,12.05,11.93,12.04,26257259,315284037.4425
2017-11-10 00:00:00+00:00,12.0,12.09,11.98,12.01,35298374,424286455.47999996
2017-11-13 00:00:00+00:00,12.01,12.22,11.97,12.16,30415855,367727686.95
2017-11-14 00:00:00+00:00,12.1,12.16,11.99,12.02,25893421,312468857.91749996
2017-11-15 00:00:00+00:00,11.97,12.03,11.87,12.0,28441307,340371341.5225
2017-11-16 00:00:00+00:00,12.01,12.05,11.93,12.04,28269046,339440569.845
2017-11-17 00:00:00+00:00,12.02,12.06,11.985,12.01,31117727,373996181.38124996
2017-11-20 00:00:00+00:00,12.03,12.15,12.02,12.13,32352040,390893523.3000001
2017-11-21 00:00:00+00:00,12.14,12.225,12.12,12.12,28510260,346435296.825
2017-11-22 00:00:00+00:00,12.12,12.15,12.05,12.07,36184010,437736060.975
2017-11-24 00:00:00+00:00,12.1,12.15,12.03,12.1,9549629,115502762.75500001
2017-11-27 00:00:00+00:00,12.09,12.19,12.06,12.11,28525156,345510952.05
2017-11-28 00:00:00+00:00,12.15,12.24,12.08,12.21,33199323,404035760.91
2017-11-29 00:00:00+00:00,12.24,12.57,12.23,12.56,64865974,804338077.6000001
2017-11-30 00:00:00+00:00,12.53,12.65,12.42,12.52,49224189,616779088.1700001
2017-12-01 00:00:00+00:00,12.62,12.7,12.35,12.58,52458736,659012871.0
2017-12-04 00:00:00+00:00,12.65,12.81,12.59,12.63,39558857,501210718.19
2017-12-05 00:00:00+00:00,12.61,12.62,12.4,12.43,45527163,569772444.9449999
2017-12-06 00:00:00+00:00,12.4,12.43,12.28,12.38,28453762,352044170.345
2017-12-07 00:00:00+00:00,12.395,12.59,12.33,12.53,25417119,316729074.13875
2017-12-08 00:00:00+00:00,12.53,12.61,12.43,12.61,21981870,275762559.15
2017-12-11 00:00:00+00:00,12.6,12.63,12.51,12.58,44194633,555968483.14
2017-12-12 00:00:00+00:00,12.56,12.635,12.51,12.6,54370612,683778409.165
2017-12-13 00:00:00+00:00,12.61,12.725,12.59,12.63,31858995,402657873.05625
2017-12-14 00:00:00+00:00,12.65,12.69,12.41,12.46,37073960,465370882.90000004
2017-12-15 00:00:00+00:00,12.51,12.66,12.5,12.58,48655453,611234128.3125
2017-12-18 00:00:00+00:00,12.66,12.75,12.61,12.66,25022657,317037064.18999994
2017-12-19 00:00:00+00:00,12.71,12.78,12.66,12.69,23056884,293052995.64000005
2017-12-20 00:00:00+00:00,12.73,12.75,12.65,12.72,18989429,241403116.1625
2017-12-21 00:00:00+00:00,12.74,12.77,12.63,12.63,21004663,266601685.12750003
2017-12-22 00:00:00+00:00,12.64,12.66,12.56,12.58,17876156,225418327.16
2017-12-26 00:00:00+00:00,12.57,12.65,12.55,12.6,11664564,146886022.17
2017-12-27 00:00:00+00:00,12.58,12.58,12.45,12.5,17005626,213037979.715
2017-12-28 00:00:00+00:00,12.47,12.58,12.47,12.58,14793534,185289013.35
2017-12-29 00:00:00+00:00,12.58,12.61,12.49,12.49,18362455,230311091.8375
2018-01-02 00:00:00+00:00,12.52,12.66,12.5,12.66,20773320,261432232.20000002
2018-01-03 00:00:00+00:00,12.67,12.8,12.67,12.76,29765638,378767743.55
2018-01-04 00:00:00+00:00,12.78,13.04,12.77,12.98,37478200,483187693.50000006
2018-01-05 00:00:00+00:00,13.06,13.22,13.04,13.2,46121873,605580192.49
2018-01-08 00:00:00+00:00,13.21,13.22,13.11,13.15,33828330,445603676.92499995
2018-01-09 00:00:00+00:00,13.18,13.22,13.08,13.08,27924109,366922792.26
2018-01-10 00:00:00+00:00,13.06,13.139,12.96,13.03,56517139,737393241.81775
2018-01-11 00:00:00+00:00,13.02,13.2,13.0,13.16,28342293,371142326.835
2018-01-12 00:00:00+00:00,13.11,13.29,13.1,13.23,56979186,751128119.445
2018-01-16 00:00:00+00:00,13.31,13.48,13.01,13.1,53961375,713639184.375
2018-01-17 00:00:00+00:00,12.58,12.58,12.1,12.18,132412533,1636618907.8799999
2018-01-18 00:00:00+00:00,12.18,12.2,12.02,12.07,66541729,806319401.1575
2018-01-19 00:00:00+00:00,12.12,12.12,11.91,12.0,51303747,617568854.5124999
2018-01-22 00:00:00+00:00,12.02,12.08,11.9,12.02,52835126,634285687.63
2018-01-23 00:00:00+00:00,12.03,12.03,11.9,11.96,51830968,620934996.64
2018-01-24 00:00:00+00:00,12.0,12.09,11.92,12.05,63300483,760555303.245
2018-01-25 00:00:00+00:00,11.93,11.93,11.44,11.57,114886820,1346186313.35
2018-01-26 00:00:00+00:00,11.59,11.7,11.5,11.65,52496001,609478571.61
2018-01-29 00:00:00+00:00,11.42,11.47,11.11,11.12,55113971,621685592.88
2018-01-30 00:00:00+00:00,11.09,11.23,11.05,11.06,52068187,578347387.1025001
2018-01-31 00:00:00+00:00,11.09,11.115,10.9,10.97,57644576,635171171.8
2018-02-01 00:00:00+00:00,10.95,11.0,10.85,10.92,41352192,451979458.56
2018-02-02 00:00:00+00:00,10.88,10.88,10.62,10.71,72312922,778990952.245
2018-02-05 00:00:00+00:00,10.71,10.8,10.24,10.24,96756955,1015706135.1125001
2018-02-06 00:00:00+00:00,10.27,10.79,10.19,10.76,139938127,1469700178.8174999
2018-02-07 00:00:00+00:00,10.75,11.04,10.7,10.76,68041787,735701821.9374999
2018-02-08 00:00:00+00:00,10.81,10.86,10.42,10.43,73990734,786521502.4200001
2018-02-09 00:00:00+00:00,10.58,10.64,10.24,10.53,72103620,756907750.95
2018-02-12 00:00:00+00:00,10.67,10.82,10.5436,10.7,49068946,524223177.6963999
2018-02-13 00:00:00+00:00,10.62,10.69,10.53,10.59,36884488,391252206.4599999
2018-02-14 00:00:00+00:00,10.52,10.75,10.5,10.74,27844338,295915702.09499997
2018-02-15 00:00:00+00:00,10.8,10.8,10.64,10.76,28208311,303239343.25
2018-02-16 00:00:00+00:00,10.77,10.82,10.52,10.61,41041761,438326007.47999996
2018-02-20 00:00:00+00:00,10.58,10.67,10.55,10.63,27617865,292956502.9875
2018-02-21 00:00:00+00:00,10.66,10.75,10.59,10.6,36037720,383801718.0
2018-02-22 00:00:00+00:00,10.6,10.73,10.56,10.63,25409561,270103633.43
2018-02-23 00:00:00+00:00,10.67,10.71,10.62,10.7,21786781,232573887.175
2018-02-26 00:00:00+00:00,10.73,10.95,10.7,10.89,27157756,293779025.53
2018-02-27 00:00:00+00:00,10.93,10.99,10.6,10.61,43502012,469060444.39000005
2018-02-28 00:00:00+00:00,10.68,10.79,10.57,10.61,41321429,440589736.7125
2018-03-01 00:00:00+00:00,10.65,10.69,10.2,10.29,75841414,793111586.905
2018-03-02 00:00:00+00:00,10.24,10.42,10.14,10.4,60491864,623066199.2
2018-03-05 00:00:00+00:00,10.31,10.63,10.3,10.58,44021329,460242994.695
2018-03-06 00:00:00+00:00,10.64,10.68,10.47,10.63,30978946,328531722.33000004
2018-03-07 00:00:00+00:00,10.51,10.64,10.43,10.63,30046598,317066725.395
2018-03-08 00:00:00+00:00,10.65,10.68,10.48,10.61,26947958,285783094.59000003
2018-03-09 00:00:00+00:00,10.63,10.73,10.57,10.73,26684375,284588859.375
2018-03-12 00:00:00+00:00,10.69,10.85,10.68,10.81,33800918,363613375.385
2018-03-13 00:00:00+00:00,10.85,10.98,10.73,10.78,44456812,481689558.02000004
2018-03-14 00:00:00+00:00,11.25,11.44,11.01,11.02,91985319,1028395866.42
2018-03-15 00:00:00+00:00,11.05,11.25,10.95,11.07,47645277,527909669.16
2018-03-16 00:00:00+00:00,11.12,11.22,11.06,11.15,80684224,898620544.8
2018-03-19 00:00:00+00:00,11.15,11.17,10.87,11.01,63122538,697504044.9
2018-03-20 00:00:00+00:00,11.05,11.13,10.97,10.99,45612813,503337391.455
2018-03-21 00:00:00+00:00,11.0,11.185,10.93,11.1,38550957,426132640.93875
2018-03-22 00:00:00+00:00,11.01,11.06,10.73,10.75,51280905,558320853.1875
2018-03-23 00:00:00+00:00,10.79,10.85,10.51,10.56,39950867,426575382.3925
2018-03-26 00:00:00+00:00,10.74,10.87,10.68,10.83,52325512,564069019.36
2018-03-27 00:00:00+00:00,10.85,10.92,10.72,10.83,40677320,440535375.6
2018-03-28 00:00:00+00:00,10.83,10.95,10.73,10.86,42263662,458243755.2350001
2018-03-29 00:00:00+00:00,10.93,11.13,10.915,11.08,39863962,439051711.4775
2018-04-02 00:00:00+00:00,11.05,11.09,10.7,10.86,43598094,476309176.95000005
2018-04-03 00:00:00+00:00,11.01,11.18,10.9,11.15,42523917,470314522.0199999
2018-04-04 00:00:00+00:00,10.87,11.36,10.8,11.33,44834639,497216146.51
2018-04-05 00:00:00+00:00,11.33,11.38,11.23,11.35,28755606,325585348.935
2018-04-06 00:00:00+00:00,11.3,11.35,11.07,11.18,31920686,358309700.34999996
2018-04-09 00:00:00+00:00,11.25,11.38,11.2,11.25,36462658,410934155.65999997
2018-04-10 00:00:00+00:00,11.44,11.55,11.41,11.45,44005015,504407484.4375001
2018-04-11 00:00:00+00:00,11.38,11.49,11.3,11.43,32979038,375961033.2
2018-04-12 00:00:00+00:00,11.5,11.54,11.25,11.31,47133732,537324544.8000001
2018-04-13 00:00:00+00:00,11.35,11.39,11.23,11.28,34598783,391398732.6875
2018-04-16 00:00:00+00:00,11.35,11.45,11.27,11.38,32729171,371885205.48749995
2018-04-17 00:00:00+00:00,11.43,11.45,11.3,11.38,30906803,352028486.17
2018-04-18 00:00:00+00:00,11.37,11.48,11.3,11.33,46226082,525590552.34000003
2018-04-19 00:00:00+00:00,11.18,11.2494,10.85,10.96,49154173,543637780.25405
2018-04-20 00:00:00+00:00,11.01,11.03,10.78,10.82,44930027,490186594.57
2018-04-23 00:00:00+00:00,10.85,11.04,10.83,11.04,31936522,349385550.68
2018-04-24 00:00:00+00:00,11.06,11.17,10.93,10.96,39624986,437063595.58
2018-04-25 00:00:00+00:00,10.98,11.16,10.87,11.11,40356076,445127518.28
2018-04-26 00:00:00+00:00,11.42,11.53,11.29,11.43,80676755,921126850.2124999
2018-04-27 00:00:00+00:00,11.4,11.56,11.38,11.49,33375943,382404866.9225001
2018-04-30 00:00:00+00:00,11.53,11.725,11.22,11.24,66090895,755336316.23125
2018-05-01 00:00:00+00:00,11.25,11.35,11.1,11.26,61430446,690478213.04
2018-05-02 00:00:00+00:00,11.26,11.265,11.12,11.21,41899467,469850148.07124996
2018-05-03 00:00:00+00:00,11.17,11.21,10.97,11.2,38907404,433331212.04999995
2018-05-04 00:00:00+00:00,11.16,11.41,11.09,11.36,32043468,360649232.34
2018-05-07 00:00:00+00:00,11.36,11.44,11.31,11.34,27510279,312585545.13750005
2018-05-08 00:00:00+00:00,11.32,11.37,11.235,11.27,25754109,290989239.06374997
2018-05-09 00:00:00+00:00,11.2,11.28,11.02,11.06,43731958,487174012.12
2018-05-10 00:00:00+00:00,11.04,11.25,11.02,11.21,32023835,356425283.55
2018-05-11 00:00:00+00:00,11.22,11.245,11.16,11.19,19837675,222256351.28125
2018-05-14 00:00:00+00:00,11.23,11.29,11.17,11.18,27903121,313003259.8175
2018-05-15 00:00:00+00:00,11.1,11.25,11.06,11.22,26950114,300695896.95500004
2018-05-16 00:00:00+00:00,11.205,11.4,11.2,11.4,28976692,327472840.465
2018-05-17 00:00:00+00:00,11.39,11.48,11.38,11.46,20741087,237018771.6925
2018-05-18 00:00:00+00:00,11.44,11.47,11.3,11.33,23893731,272030127.435
2018-05-21 00:00:00+00:00,11.42,11.55,11.39,11.51,31011916,355629146.72999996
2018-05-22 00:00:00+00:00,11.56,11.635,11.51,11.52,22360885,258407977.28124997
2018-05-23 00:00:00+00:00,11.54,11.55,11.33,11.44,23595004,270516720.86
2018-05-24 00:00:00+00:00,11.46,11.65,11.44,11.62,34876334,402560085.19499993
2018-05-25 00:00:00+00:00,11.56,11.605,11.47,11.51,19337470,223081888.2875
2018-05-29 00:00:00+00:00,11.6,11.62,11.36,11.44,31324274,360385772.36999995
2018-05-30 00:00:00+00:00,11.53,11.61,11.47,11.55,25554593,294900003.21999997
2018-05-31 00:00:00+00:00,11.65,11.735,11.36,11.55,61563249,712517653.11375
2018-06-01 00:00:00+00:00,11.67,11.77,11.61,11.71,35406189,413898349.40999997
2018-06-04 00:00:00+00:00,11.74,11.785,11.69,11.74,25141346,295127975.3575
2018-06-05 00:00:00+00:00,11.74,11.8675,11.68,11.83,31036704,365592975.18
2018-06-06 00:00:00+00:00,11.87,12.0,11.82,11.97,31110458,370681107.07
2018-06-07 00:00:00+00:00,11.97,12.15,11.96,12.03,47314073,569070013.0075
2018-06-08 00:00:00+00:00,12.05,12.12,12.0,12.1,28371881,342377673.96750003
2018-06-11 00:00:00+00:00,12.1,12.15,12.02,12.03,30398078,367056791.84999996
2018-06-12 00:00:00+00:00,12.06,12.15,12.03,12.11,51395448,621242477.7
2018-06-13 00:00:00+00:00,12.09,12.1,11.96,12.02,28406733,342088082.15250003
2018-06-14 00:00:00+00:00,12.01,12.01,11.84,11.89,34523019,412118539.3125
2018-06-15 00:00:00+00:00,11.83,12.03,11.8,11.88,56326835,669444433.975
2018-06-18 00:00:00+00:00,11.82,12.04,11.81,11.99,32706527,389698269.20500004
2018-06-19 00:00:00+00:00,11.83,11.89,11.67,11.89,40064785,473565758.7
2018-06-20 00:00:00+00:00,11.99,12.05,11.83,11.87,31964792,381499792.52
2018-06-21 00:00:00+00:00,11.78,11.8299,11.64,11.71,33316702,391137248.56245
2018-06-22 00:00:00+00:00,11.75,11.87,11.62,11.65,38207303,447885109.41749996
2018-06-25 00:00:00+00:00,11.63,11.67,11.38,11.5,36101893,416796354.685
2018-06-26 00:00:00+00:00,11.56,11.63,11.49,11.52,36627672,423049611.6
2018-06-27 00:00:00+00:00,11.54,11.64,11.4,11.42,27241994,313282931.0
2018-06-28 00:00:00+00:00,11.4,11.4,11.15,11.28,43836444,495680590.53000003
2018-06-29 00:00:00+00:00,11.32,11.37,11.03,11.07,44718473,500735101.4175
2018-07-02 00:00:00+00:00,11.02,11.105,10.91,11.1,37892751,418099141.34625
2018-07-03 00:00:00+00:00,11.11,11.15,10.94,10.99,16544777,182778423.9075
2018-07-05 00:00:00+00:00,11.1,11.14,11.02,11.05,32008544,354574646.16
2018-07-06 00:00:00+00:00,11.04,11.1,10.92,11.06,25671874,283160770.22
2018-07-09 00:00:00+00:00,11.1,11.26,11.03,11.2,23916802,266612550.29500002
2018-07-10 00:00:00+00:00,11.2,11.26,11.17,11.25,21231537,238217845.14000002
2018-07-11 00:00:00+00:00,11.15,11.17,11.05,11.07,30030119,333634622.09000003
2018-07-12 00:00:00+00:00,11.1,11.14,11.0,11.05,27025237,299236936.68250006
2018-07-13 00:00:00+00:00,11.02,11.05,10.91,10.98,36567189,401873407.1100001
2018-07-16 00:00:00+00:00,10.77,10.97,10.76,10.85,46156833,500224677.6375
2018-07-17 00:00:00+00:00,10.82,10.9,10.8,10.86,37584265,407601353.92499995
2018-07-18 00:00:00+00:00,10.86,10.895,10.81,10.87,36420018,395475870.4575
2018-07-19 00:00:00+00:00,10.89,10.9,10.77,10.82,40308773,437148643.185
2018-07-20 00:00:00+00:00,10.68,10.72,10.51,10.56,41673254,442465774.34499997
2018-07-23 00:00:00+00:00,10.56,10.57,10.42,10.47,34941983,367065531.415
2018-07-24 00:00:00+00:00,10.51,10.74,10.5,10.57,47302950,500465211.0
2018-07-25 00:00:00+00:00,10.32,10.57,10.12,10.52,92610535,961528879.6375
2018-07-26 00:00:00+00:00,10.14,10.16,9.84,9.89,103893039,1039709587.7925
2018-07-27 00:00:00+00:00,9.96,10.05,9.91,9.93,46178701,460055308.71250004
2018-07-30 00:00:00+00:00,9.96,10.1,9.93,10.07,35877009,359308245.13500005
2018-07-31 00:00:00+00:00,10.1,10.11,10.0,10.04,38026871,382645389.4375
2018-08-01 00:00:00+00:00,10.06,10.0785,9.82,9.9,44126692,439705938.2705
2018-08-02 00:00:00+00:00,9.91,9.98,9.84,9.92,40318865,399660749.3125
2018-08-03 00:00:00+00:00,9.93,10.06,9.93,10.04,25925122,258991968.78
2018-08-06 00:00:00+00:00,10.0,10.05,9.97,10.03,22247882,222756918.52500004
2018-08-07 00:00:00+00:00,10.04,10.1,10.02,10.08,27961231,281289983.86
2018-08-08 00:00:00+00:00,10.06,10.1,10.04,10.05,22601602,227428620.125
2018-08-09 00:00:00+00:00,10.06,10.07,9.9,9.91,35682617,356290930.745
2018-08-10 00:00:00+00:00,9.91,9.91,9.72,9.74,39180474,384752254.68
2018-08-13 00:00:00+00:00,9.74,9.75,9.42,9.46,66586182,638727950.835
2018-08-14 00:00:00+00:00,9.51,9.615,9.45,9.5,37657351,358450909.83125
2018-08-15 00:00:00+00:00,9.46,9.5,9.35,9.45,36298597,342658755.68000007
2018-08-16 00:00:00+00:00,9.5,9.6,9.49,9.51,28857667,274869278.175
2018-08-17 00:00:00+00:00,9.53,9.6,9.46,9.55,32742936,312203894.76
2018-08-20 00:00:00+00:00,9.56,9.74,9.56,9.72,25252486,243560227.47
2018-08-21 00:00:00+00:00,9.77,9.9,9.69,9.86,46413897,455088260.085
2018-08-22 00:00:00+00:00,9.8,9.82,9.68,9.69,30803675,300258822.0625
2018-08-23 00:00:00+00:00,9.68,9.69,9.58,9.63,31511844,303931735.38
2018-08-24 00:00:00+00:00,9.66,9.7,9.61,9.68,18380040,177597136.5
2018-08-27 00:00:00+00:00,9.74,10.04,9.73,9.99,49769258,491471422.75
2018-08-28 00:00:00+00:00,10.08,10.09,9.95,10.01,33845494,339554918.555
2018-08-29 00:00:00+00:00,10.0,10.02,9.9,9.97,37336431,372337558.1475
2018-08-30 00:00:00+00:00,9.87,9.915,9.67,9.7,48539347,475139532.94625
2018-08-31 00:00:00+00:00,9.64,9.68,9.4,9.48,76424884,729857642.2
2018-09-04 00:00:00+00:00,9.53,9.58,9.36,9.47,54111109,513243868.86499995
2018-09-05 00:00:00+00:00,9.47,9.55,9.32,9.49,44561879,421443970.64250004
2018-09-06 00:00:00+00:00,9.48,9.55,9.4,9.43,29519107,279398347.755
2018-09-07 00:00:00+00:00,9.43,9.49,9.25,9.27,51229915,479512004.4
2018-09-10 00:00:00+00:00,9.31,9.49,9.3,9.38,30421677,285051113.49
2018-09-11 00:00:00+00:00,9.35,9.36,9.22,9.31,27158381,252844527.11
2018-09-12 00:00:00+00:00,9.31,9.42,9.28,9.34,25450013,237639496.38749996
2018-09-13 00:00:00+00:00,9.38,9.41,9.31,9.37,29315671,274614548.0925
2018-09-14 00:00:00+00:00,9.38,9.48,9.36,9.45,30013336,282650591.78000003
2018-09-17 00:00:00+00:00,9.435,9.595,9.43,9.55,29544428,280745927.07000005
2018-09-18 00:00:00+00:00,9.54,9.61,9.48,9.58,57055398,545021689.395
2018-09-19 00:00:00+00:00,9.61,9.83,9.61,9.78,40111485,389382240.6375
2018-09-20 00:00:00+00:00,9.83,9.93,9.71,9.81,46314358,454806995.56
2018-09-21 00:00:00+00:00,9.84,9.94,9.78,9.85,74488637,733899296.0425
2018-09-24 00:00:00+00:00,9.78,9.85,9.52,9.59,43170827,418109459.49499995
2018-09-25 00:00:00+00:00,9.53,9.56,9.37,9.39,44406116,420192872.65000004
2018-09-26 00:00:00+00:00,9.38,9.41,9.27,9.27,58597487,546861047.4275
2018-09-27 00:00:00+00:00,9.3,9.33,9.2,9.23,57272192,530626858.88000005
2018-09-28 00:00:00+00:00,9.22,9.28,9.09,9.25,30987233,285392415.93
2018-10-01 00:00:00+00:00,9.43,9.44,9.3,9.32,44864717,420494560.0824999
2018-10-02 00:00:00+00:00,9.27,9.34,9.18,9.2,41806359,386604304.85249996
2018-10-03 00:00:00+00:00,9.27,9.31,9.13,9.13,47023058,433082364.18000007
2018-10-04 00:00:00+00:00,9.13,9.22,9.09,9.15,38889619,355742789.8025
2018-10-05 00:00:00+00:00,9.15,9.22,9.1,9.12,36952234,338020560.515
2018-10-08 00:00:00+00:00,9.11,9.28,9.09,9.26,43657683,400995818.355
2018-10-09 00:00:00+00:00,9.22,9.31,8.95,8.95,58356912,531485576.04
2018-10-10 00:00:00+00:00,8.95,8.98,8.81,8.82,54104073,480985208.97
2018-10-11 00:00:00+00:00,8.82,8.99,8.76,8.81,66170847,585281141.715
2018-10-12 00:00:00+00:00,8.93,8.95,8.55,8.64,59308503,519987300.0525
2018-10-15 00:00:00+00:00,8.67,8.85,8.66,8.81,40183227,351502778.1825
2018-10-16 00:00:00+00:00,8.87,8.89,8.73,8.8,36771962,324420634.745
2018-10-17 00:00:00+00:00,8.8,8.86,8.64,8.76,48795137,427689375.805
2018-10-18 00:00:00+00:00,8.75,8.76,8.5,8.51,59669220,514945368.59999996
2018-10-19 00:00:00+00:00,8.32,8.525,8.19,8.5,59831126,501609202.60249996
2018-10-22 00:00:00+00:00,8.38,8.45,8.27,8.41,39803505,333453863.1375
2018-10-23 00:00:00+00:00,8.3,8.64,8.23,8.59,55443298,467941435.12000006
2018-10-24 00:00:00+00:00,8.5,8.595,8.17,8.18,58895107,492436713.40375
2018-10-25 00:00:00+00:00,8.52,9.0,8.46,8.99,90399170,790314743.725
2018-10-26 00:00:00+00:00,8.92,9.06,8.86,8.98,100639822,901229606.01
2018-10-29 00:00:00+00:00,9.36,9.59,9.17,9.28,92275144,862772596.4
2018-10-30 00:00:00+00:00,9.31,9.56,9.27,9.46,58061997,545782771.8000001
2018-10-31 00:00:00+00:00,9.62,9.67,9.43,9.55,68507097,655441650.5474999
2018-11-01 00:00:00+00:00,9.54,9.55,9.26,9.29,59794356,562664889.96
2018-11-02 00:00:00+00:00,9.35,9.45,9.26,9.38,48499166,453952193.76
2018-11-05 00:00:00+00:00,9.38,9.57,9.35,9.53,41274267,390351380.15250003
2018-11-06 00:00:00+00:00,9.46,9.57,9.41,9.54,40928647,388617503.26500005
2018-11-07 00:00:00+00:00,9.59,9.6,9.45,9.6,37347419,357041325.6399999
2018-11-08 00:00:00+00:00,9.59,9.65,9.44,9.46,55810120,532149494.2
2018-11-09 00:00:00+00:00,9.38,9.8,9.27,9.38,52203593,493715480.79749995
2018-11-12 00:00:00+00:00,9.37,9.58,9.37,9.49,36317186,343288200.665
2018-11-13 00:00:00+00:00,9.52,9.67,9.47,9.54,33097995,316085852.24999994
2018-11-14 00:00:00+00:00,9.62,9.6658,9.43,9.54,46677594,446422175.1363
2018-11-15 00:00:00+00:00,9.52,9.53,9.12,9.31,57170119,535684015.03
2018-11-16 00:00:00+00:00,9.28,9.31,8.98,9.05,54582518,499702952.2900001
2018-11-19 00:00:00+00:00,9.03,9.36,8.96,9.25,56292462,515076027.3
2018-11-20 00:00:00+00:00,9.1,9.22,9.01,9.06,35160306,319870883.835
2018-11-21 00:00:00+00:00,9.05,9.2,8.98,9.11,25882740,235144692.90000004
2018-11-23 00:00:00+00:00,9.07,9.22,9.03,9.13,13520848,123208727.4
2018-11-26 00:00:00+00:00,9.23,9.53,9.17,9.4,46304425,432136046.3125
2018-11-27 00:00:00+00:00,9.38,9.43,9.25,9.28,34283203,320033700.00500005
2018-11-28 00:00:00+00:00,9.27,9.44,9.17,9.41,33199483,309502180.26750004
2018-11-29 00:00:00+00:00,9.37,9.44,9.26,9.37,29207626,273383379.35999995
2018-11-30 00:00:00+00:00,9.365,9.48,9.36,9.41,36269456,341068896.85999995
2018-12-03 00:00:00+00:00,9.71,9.85,9.6,9.6,64643017,626390834.7300001
2018-12-04 00:00:00+00:00,9.55,9.6,9.18,9.18,57930317,543241547.6675
2018-12-06 00:00:00+00:00,9.12,9.12,8.92,9.02,53963586,488100635.3699999
2018-12-07 00:00:00+00:00,9.03,9.13,8.8,8.82,43534810,389418875.45
2018-12-10 00:00:00+00:00,8.83,8.85,8.38,8.52,56499741,488440260.945
2018-12-11 00:00:00+00:00,8.72,8.8,8.5,8.54,42294523,365424678.72
2018-12-12 00:00:00+00:00,8.64,8.73,8.59,8.64,40602732,351213631.8
2018-12-13 00:00:00+00:00,8.69,8.7,8.455,8.5,34200443,293653553.70875
2018-12-14 00:00:00+00:00,8.52,8.68,8.46,8.52,35613263,304315332.335
2018-12-17 00:00:00+00:00,8.48,8.72,8.41,8.5,44469948,379217481.57
2018-12-18 00:00:00+00:00,8.55,8.68,8.41,8.47,38262962,326287408.455
2018-12-19 00:00:00+00:00,8.46,8.65,8.27,8.32,75272899,634174174.075
2018-12-20 00:00:00+00:00,8.33,8.417,8.18,8.26,58926152,488895551.60599995
2018-12-21 00:00:00+00:00,8.22,8.4,8.04,8.05,57542256,470551798.44
2018-12-24 00:00:00+00:00,8.01,8.01,7.61,7.63,38709511,302514828.465
2018-12-26 00:00:00+00:00,7.73,7.86,7.41,7.85,58809955,453571777.9375
2018-12-27 00:00:00+00:00,7.8,7.85,7.53,7.85,49812964,386424068.23
2018-12-28 00:00:00+00:00,7.82,8.04,7.76,7.81,47331686,371908722.74499995
2018-12-31 00:00:00+00:00,7.85,7.86,7.5,7.65,57816044,446050779.46
2019-01-02 00:00:00+00:00,7.53,8.02,7.48,7.9,47494361,367250146.4325
2019-01-03 00:00:00+00:00,7.97,7.99,7.78,7.78,39172395,308678472.6
2019-01-04 00:00:00+00:00,7.91,8.12,7.85,8.08,43039807,343888057.93
2019-01-07 00:00:00+00:00,8.11,8.365,8.025,8.29,40729353,333878871.2175
2019-01-08 00:00:00+00:00,8.42,8.54,8.35,8.37,45643969,384322218.98
2019-01-09 00:00:00+00:00,8.45,8.77,8.36,8.72,48404884,415071880.29999995
2019-01-10 00:00:00+00:00,8.71,8.77,8.45,8.67,39490422,341592150.3
2019-01-11 00:00:00+00:00,8.77,8.93,8.7,8.82,41559875,365934699.375
2019-01-14 00:00:00+00:00,8.8,9.06,8.76,8.99,44833842,399133278.405
2019-01-15 00:00:00+00:00,9.02,9.03,8.75,8.84,65311702,581927264.82
2019-01-16 00:00:00+00:00,8.68,8.77,8.26,8.29,73869859,627893801.5
2019-01-17 00:00:00+00:00,8.27,8.44,8.21,8.36,56722604,471932065.28000003
2019-01-18 00:00:00+00:00,8.39,8.6,8.33,8.58,51127860,433308613.5
2019-01-22 00:00:00+00:00,8.54,8.605,8.46,8.5,47182620,402290813.77500004
2019-01-23 00:00:00+00:00,8.54,8.54,8.28,8.34,45196860,380783545.50000006
2019-01-24 00:00:00+00:00,8.32,8.68,8.22,8.6,79516367,672310882.985
2019-01-25 00:00:00+00:00,8.74,8.96,8.73,8.86,53130148,468740730.7300001
2019-01-28 00:00:00+00:00,8.8,8.8,8.58,8.66,42116304,366833007.84000003
2019-01-29 00:00:00+00:00,8.71,8.79,8.62,8.76,30485016,265829339.51999995
2019-01-30 00:00:00+00:00,8.665,8.72,8.52,8.71,29906134,258800207.10249996
2019-01-31 00:00:00+00:00,8.63,8.82,8.6,8.8,39389094,343177481.4750001
2019-02-01 00:00:00+00:00,8.78,8.81,8.62,8.72,34124005,297987873.6625
2019-02-04 00:00:00+00:00,8.7,8.7,8.59,8.7,28855569,250249922.15249997
2019-02-05 00:00:00+00:00,8.69,8.76,8.65,8.75,26166848,227978663.20000002
2019-02-06 00:00:00+00:00,8.8,8.9,8.68,8.72,32644299,286453723.725
2019-02-07 00:00:00+00:00,8.62,8.62,8.29,8.31,55161837,466669141.0199999
2019-02-08 00:00:00+00:00,8.3,8.41,8.16,8.39,38650090,321375498.35
2019-02-11 00:00:00+00:00,8.41,8.44,8.29,8.33,27403546,229299171.155
2019-02-12 00:00:00+00:00,8.39,8.47,8.38,8.46,26235089,221030624.82500002
2019-02-13 00:00:00+00:00,8.45,8.66,8.39,8.41,27182886,230442916.06499997
2019-02-14 00:00:00+00:00,8.38,8.47,8.32,8.42,23569872,197928000.12000003
2019-02-15 00:00:00+00:00,8.49,8.56,8.41,8.54,58080330,493682805.0
2019-02-19 00:00:00+00:00,8.53,8.845,8.53,8.83,37929175,329367473.40625
2019-02-20 00:00:00+00:00,8.83,8.98,8.82,8.94,55316868,491905248.69
2019-02-21 00:00:00+00:00,8.93,8.955,8.7,8.71,44730351,394689434.63625
2019-02-22 00:00:00+00:00,8.73,8.75,8.56,8.71,40947503,355731432.3125
2019-02-25 00:00:00+00:00,8.77,8.85,8.75,8.76,56615428,497224996.4099999
2019-02-26 00:00:00+00:00,8.75,8.94,8.72,8.88,38348838,338332623.255
2019-02-27 00:00:00+00:00,8.83,8.91,8.78,8.78,34093320,300873549.00000006
2019-02-28 00:00:00+00:00,8.77,8.79,8.6,8.77,43960541,383885424.2824999
2019-03-01 00:00:00+00:00,8.85,8.89,8.71,8.79,37696356,332104896.36
2019-03-04 00:00:00+00:00,8.83,8.97,8.76,8.81,46196859,408495725.70750004
2019-03-05 00:00:00+00:00,8.8,8.81,8.7,8.77,40852648,358277722.96
2019-03-06 00:00:00+00:00,8.75,8.78,8.56,8.58,50378587,436656402.82250005
2019-03-07 00:00:00+00:00,8.56,8.57,8.345,8.48,54285995,460820240.05625
2019-03-08 00:00:00+00:00,8.4,8.47,8.34,8.42,43766799,367969362.59250003
2019-03-11 00:00:00+00:00,8.46,8.63,8.45,8.61,36875290,314822788.37500006
2019-03-12 00:00:00+00:00,8.65,8.7,8.55,8.57,37805025,325784802.9375
2019-03-13 00:00:00+00:00,8.59,8.65,8.5,8.53,49018694,419967660.845
2019-03-14 00:00:00+00:00,8.52,8.55,8.4,8.41,36307868,307527641.96
2019-03-15 00:00:00+00:00,8.42,8.47,8.37,8.43,66555519,560563858.7774999
2019-03-18 00:00:00+00:00,8.45,8.57,8.42,8.57,37198328,316278783.82
2019-03-19 00:00:00+00:00,8.61,8.87,8.61,8.7,57293608,498311155.57999986
2019-03-20 00:00:00+00:00,8.67,8.67,8.48,8.51,54539726,468087198.395
2019-03-21 00:00:00+00:00,8.5,8.69,8.49,8.69,46843085,402499207.86249995
2019-03-22 00:00:00+00:00,8.63,8.67,8.52,8.54,41963991,360470682.69
2019-03-25 00:00:00+00:00,8.56,8.65,8.47,8.51,45849484,391898464.48999995
2019-03-26 00:00:00+00:00,8.54,8.76,8.54,8.76,47852114,413920786.0999999
2019-03-27 00:00:00+00:00,8.75,8.86,8.62,8.62,39895763,347591835.1374999
2019-03-28 00:00:00+00:00,8.65,8.83,8.64,8.77,38914696,339433435.86
2019-03-29 00:00:00+00:00,8.8,8.89,8.71,8.78,33962755,298702430.225
2019-04-01 00:00:00+00:00,8.86,9.0,8.86,8.98,45653096,407453881.8
2019-04-02 00:00:00+00:00,8.95,9.03,8.91,9.01,30699413,275527231.675
2019-04-03 00:00:00+00:00,9.07,9.27,9.06,9.13,56663558,517479943.435
2019-04-04 00:00:00+00:00,9.21,9.3,9.18,9.24,39483120,364527905.4
2019-04-05 00:00:00+00:00,9.17,9.27,9.08,9.25,37854698,347979311.36499995
2019-04-08 00:00:00+00:00,9.19,9.32,9.17,9.3,26221135,242414393.07500002
2019-04-09 00:00:00+00:00,9.27,9.36,9.17,9.21,29879089,276456270.97249997
2019-04-10 00:00:00+00:00,9.23,9.35,9.2,9.33,28469482,264125619.255
2019-04-11 00:00:00+00:00,9.35,9.41,9.33,9.39,26488106,248193553.21999997
2019-04-12 00:00:00+00:00,9.47,9.6,9.44,9.45,38646020,366750729.79999995
2019-04-15 00:00:00+00:00,9.48,9.5,9.26,9.33,41206747,387034371.1975
2019-04-16 00:00:00+00:00,9.32,9.4,9.24,9.36,40949992,382063425.36
2019-04-17 00:00:00+00:00,9.4,9.58,9.39,9.5,30688316,290541631.73
2019-04-18 00:00:00+00:00,9.52,9.62,9.48,9.55,29843042,284777228.285
2019-04-22 00:00:00+00:00,9.58,9.58,9.46,9.5,38718506,368987362.18000007
2019-04-23 00:00:00+00:00,9.36,9.51,9.3,9.5,39493689,371931816.1575
2019-04-24 00:00:00+00:00,9.45,9.61,9.4,9.57,39796303,378363350.77250004
2019-04-25 00:00:00+00:00,9.52,9.53,9.34,9.4,52596747,496907767.28249997
2019-04-26 00:00:00+00:00,10.03,10.45,9.95,10.41,156136698,1594155686.58
2019-04-29 00:00:00+00:00,10.36,10.39,10.07,10.32,62500522,642817868.77
2019-04-30 00:00:00+00:00,10.29,10.5,10.27,10.45,46079308,478188018.77
2019-05-01 00:00:00+00:00,10.48,10.5,10.29,10.3,41805504,434463700.32
2019-05-02 00:00:00+00:00,10.3,10.35,10.2,10.34,34508446,355350722.685
2019-05-03 00:00:00+00:00,10.37,10.45,10.3,10.41,36291243,376793830.4475
2019-05-06 00:00:00+00:00,10.12,10.42,10.12,10.37,28640578,293780728.835
2019-05-07 00:00:00+00:00,10.33,10.41,10.3,10.38,41154485,426154692.175
2019-05-08 00:00:00+00:00,10.38,10.45,10.31,10.34,33472200,347106714.00000006
2019-05-09 00:00:00+00:00,10.26,10.3,10.07,10.2,43621299,445264409.54249996
2019-05-10 00:00:00+00:00,10.32,10.41,10.2,10.38,37629526,388618929.76500005
2019-05-13 00:00:00+00:00,10.17,10.26,10.04,10.08,51102054,518047072.42499995
2019-05-14 00:00:00+00:00,10.15,10.29,10.13,10.24,31297221,319309897.2525
2019-05-15 00:00:00+00:00,10.21,10.4,10.04,10.36,44050200,451624675.5
2019-05-16 00:00:00+00:00,10.3,10.44,10.3,10.4,32696980,338740712.8
2019-05-17 00:00:00+00:00,10.32,10.44,10.24,10.29,34565393,356801269.2425
2019-05-20 00:00:00+00:00,10.3,10.3,10.2,10.28,29535935,303334052.45
2019-05-21 00:00:00+00:00,10.31,10.31,10.15,10.24,30099324,308593319.31000006
2019-05-22 00:00:00+00:00,10.17,10.21,9.93,9.97,51407182,517670322.74
2019-05-23 00:00:00+00:00,9.85,9.85,9.67,9.85,43153773,423122744.265
2019-05-24 00:00:00+00:00,9.92,9.95,9.8,9.83,22131457,218548137.875
2019-05-28 00:00:00+00:00,9.87,9.9,9.77,9.78,27656181,271860259.23
2019-05-29 00:00:00+00:00,9.69,9.75,9.55,9.71,32262552,312140190.6
2019-05-30 00:00:00+00:00,9.74,9.84,9.68,9.74,24759571,241405817.25
2019-05-31 00:00:00+00:00,9.48,9.54,9.325,9.52,48250384,456750197.53999996
2019-06-03 00:00:00+00:00,9.62,9.65,9.46,9.61,39446800,378097578.00000006
2019-06-04 00:00:00+00:00,9.73,9.95,9.72,9.92,37324130,366896197.9
2019-06-05 00:00:00+00:00,9.87,9.92,9.65,9.78,42464814,416367501.27
2019-06-06 00:00:00+00:00,9.72,9.82,9.66,9.75,28291063,275484225.96250004
2019-06-07 00:00:00+00:00,9.76,9.82,9.7,9.76,18848704,183963351.04
2019-06-10 00:00:00+00:00,9.89,10.03,9.76,9.82,33883401,334598584.875
2019-06-11 00:00:00+00:00,9.87,9.98,9.79,9.92,26434185,261434089.65
2019-06-12 00:00:00+00:00,9.9,9.93,9.84,9.85,21746723,214857623.23999998
2019-06-13 00:00:00+00:00,9.87,10.06,9.8,10.06,25555852,254216837.76999998
2019-06-14 00:00:00+00:00,10.01,10.04,9.94,9.98,21553248,215370830.64
2019-06-17 00:00:00+00:00,9.99,10.09,9.94,10.05,19383830,194177517.02499998
2019-06-18 00:00:00+00:00,10.08,10.2,10.0476,10.1,32591675,329400800.0575
2019-06-19 00:00:00+00:00,10.15,10.18,10.03,10.04,29051257,293417695.7
2019-06-20 00:00:00+00:00,10.13,10.15,9.95,10.04,32086473,323030566.92749995
2019-06-21 00:00:00+00:00,10.03,10.05,9.91,9.99,47904041,478800889.79499996
2019-06-24 00:00:00+00:00,9.95,10.02,9.93,9.95,28091230,279858878.87499994
2019-06-25 00:00:00+00:00,9.97,9.99,9.83,9.84,28682019,284167103.24249995
2019-06-26 00:00:00+00:00,9.87,9.959,9.82,9.91,33739050,333670769.73749995
2019-06-27 00:00:00+00:00,10.04,10.24,10.0,10.2,42954594,434700491.28000003
2019-06-28 00:00:00+00:00,10.2,10.31,10.2,10.23,37555290,384378393.15
2019-07-01 00:00:00+00:00,10.34,10.43,10.07,10.15,38537013,394908040.71750003
2019-07-02 00:00:00+00:00,10.15,10.21,10.04,10.12,29715482,301017832.65999997
2019-07-03 00:00:00+00:00,10.18,10.3,10.13,10.2,19326620,197179840.55
2019-07-05 00:00:00+00:00,10.18,10.27,10.09,10.2,21397917,217937784.64499998
2019-07-08 00:00:00+00:00,10.2,10.26,10.18,10.2,23244145,237322720.45000002
2019-07-09 00:00:00+00:00,10.17,10.19,10.1,10.14,25140615,255177242.25
2019-07-10 00:00:00+00:00,10.19,10.26,10.11,10.11,29082154,295692800.795
2019-07-11 00:00:00+00:00,10.15,10.2,10.11,10.19,27667547,281171446.3875
2019-07-12 00:00:00+00:00,10.24,10.5,10.24,10.49,40761563,422595504.40250003
2019-07-15 00:00:00+00:00,10.49,10.56,10.34,10.42,33753508,352808542.37
2019-07-16 00:00:00+00:00,10.37,10.51,10.285,10.51,29530493,307670823.94374996
2019-07-17 00:00:00+00:00,10.48,10.5,10.31,10.33,25204389,262251667.545
2019-07-18 00:00:00+00:00,10.3,10.31,10.18,10.26,25828860,265068675.74999997
2019-07-19 00:00:00+00:00,10.3,10.32,10.2,10.2,38505641,394875348.455
2019-07-22 00:00:00+00:00,10.13,10.17,10.0,10.02,36238647,365285561.76
2019-07-23 00:00:00+00:00,10.13,10.22,10.06,10.17,74624841,757069011.945
2019-07-24 00:00:00+00:00,10.1799,10.35,10.14,10.33,61107450,626349834.8137499
2019-07-25 00:00:00+00:00,9.75,9.78,9.4,9.56,133898570,1288438989.825
2019-07-26 00:00:00+00:00,9.58,9.65,9.51,9.57,47710167,456944124.44250005
2019-07-29 00:00:00+00:00,9.6,9.68,9.52,9.6,36487758,350282476.8
2019-07-30 00:00:00+00:00,9.56,9.58,9.48,9.55,36944663,352544446.6775
2019-07-31 00:00:00+00:00,9.57,9.58,9.4,9.53,56715513,539931683.76
2019-08-01 00:00:00+00:00,9.53,9.59,9.28,9.31,58060754,547367758.335
2019-08-02 00:00:00+00:00,9.26,9.34,9.21,9.28,41495163,384763898.9175
2019-08-05 00:00:00+00:00,9.18,9.27,9.06,9.23,47963445,440544242.3249999
2019-08-06 00:00:00+00:00,9.42,9.51,9.36,9.48,51856101,489651233.69249994
2019-08-07 00:00:00+00:00,9.43,9.56,9.3201,9.53,43042366,407181858.41915
2019-08-08 00:00:00+00:00,9.56,9.62,9.505,9.56,25468954,243515036.43250003
2019-08-09 00:00:00+00:00,9.54,9.58,9.39,9.45,38739667,367639439.8299999
2019-08-12 00:00:00+00:00,9.39,9.43,9.28,9.29,22539226,210685415.035
2019-08-13 00:00:00+00:00,9.29,9.42,9.18,9.26,28314963,262975218.86249998
2019-08-14 00:00:00+00:00,9.13,9.15,8.96,9.0,45967364,416464317.84000003
2019-08-15 00:00:00+00:00,9.05,9.06,8.78,8.86,40682769,363602247.9375
2019-08-16 00:00:00+00:00,8.92,9.0,8.81,8.96,27369852,244207504.47000003
2019-08-19 00:00:00+00:00,9.05,9.1,9.02,9.03,21844004,197688236.2
2019-08-20 00:00:00+00:00,9.0,9.07,8.93,8.96,25119456,225823909.44
2019-08-21 00:00:00+00:00,9.02,9.05,8.97,9.04,20443922,184404176.44
2019-08-22 00:00:00+00:00,9.05,9.14,9.02,9.04,20977683,190110252.1875
2019-08-23 00:00:00+00:00,8.9,8.99,8.73,8.77,44987686,398028551.885
2019-08-26 00:00:00+00:00,8.88,8.907,8.79,8.82,31890304,282205272.672
2019-08-27 00:00:00+00:00,8.89,8.91,8.75,8.76,23032302,203317645.905
2019-08-28 00:00:00+00:00,8.72,9.04,8.7,9.0,35147625,311583695.62499994
2019-08-29 00:00:00+00:00,9.1,9.14,9.03,9.12,22016749,200297374.0275
2019-08-30 00:00:00+00:00,9.16,9.23,9.1,9.17,32060743,293836709.595
2019-09-03 00:00:00+00:00,9.18,9.2,9.04,9.1,26331720,240408603.59999996
2019-09-04 00:00:00+00:00,9.17,9.23,9.07,9.2,27410227,251283256.0225
2019-09-05 00:00:00+00:00,9.25,9.4,9.25,9.34,36640467,341122747.77
2019-09-06 00:00:00+00:00,9.37,9.41,9.2,9.34,29210272,272531837.76
2019-09-09 00:00:00+00:00,9.39,9.65,9.39,9.54,48059365,456203522.2625
2019-09-10 00:00:00+00:00,9.08,9.42,9.04,9.42,70567287,652041731.88
2019-09-11 00:00:00+00:00,9.29,9.43,9.29,9.42,34190270,319935451.525
2019-09-12 00:00:00+00:00,9.36,9.47,9.32,9.41,35687710,335107596.90000004
2019-09-13 00:00:00+00:00,9.47,9.59,9.44,9.45,27161260,257692454.25000003
2019-09-16 00:00:00+00:00,9.36,9.45,9.24,9.3,50052608,467366227.1999999
2019-09-17 00:00:00+00:00,9.27,9.31,9.18,9.28,27510984,254751711.84
2019-09-18 00:00:00+00:00,9.26,9.36,9.22,9.25,24473869,226933950.30249998
2019-09-19 00:00:00+00:00,9.31,9.3299,9.1,9.1,29133987,268323291.920325
2019-09-20 00:00:00+00:00,9.13,9.3,9.11,9.17,38117099,349819676.0725
2019-09-23 00:00:00+00:00,9.13,9.23,9.08,9.16,23591820,215865152.99999997
2019-09-24 00:00:00+00:00,9.19,9.225,9.05,9.11,33167702,303277175.1625
2019-09-25 00:00:00+00:00,9.1,9.23,9.09,9.2,20555603,188186545.46499997
2019-09-26 00:00:00+00:00,9.23,9.23,9.07,9.14,26593308,243794151.09
2019-09-27 00:00:00+00:00,9.14,9.6,9.06,9.08,32462237,299301825.14000005
2019-09-30 00:00:00+00:00,9.11,9.21,9.1,9.16,22493308,205701301.66
2019-10-01 00:00:00+00:00,9.19,9.24,8.87,8.9,39690749,359201278.4499999
2019-10-02 00:00:00+00:00,8.85,8.86,8.44,8.61,68290414,593443697.66
2019-10-03 00:00:00+00:00,8.55,8.71,8.45,8.71,41250596,354961378.58000004
2019-10-04 00:00:00+00:00,8.72,8.76,8.66,8.74,28096692,245003154.24
2019-10-07 00:00:00+00:00,8.7,8.79,8.61,8.68,29494228,256452312.46
2019-10-08 00:00:00+00:00,8.65,8.66,8.5,8.54,31598385,271351131.1875
2019-10-09 00:00:00+00:00,8.61,8.64,8.56,8.56,16979210,145893861.925
2019-10-10 00:00:00+00:00,8.58,8.65,8.52,8.62,28223352,242509152.05999997
2019-10-11 00:00:00+00:00,8.73,8.87,8.73,8.78,34210303,300280934.5825
2019-10-14 00:00:00+00:00,8.82,8.84,8.755,8.82,25444792,224136811.53
2019-10-15 00:00:00+00:00,8.84,9.0999,8.78,9.07,31040706,277735940.91735
2019-10-16 00:00:00+00:00,9.11,9.19,9.06,9.07,27386353,249421209.9475
2019-10-17 00:00:00+00:00,9.12,9.14,9.03,9.11,28652392,260736767.2
2019-10-18 00:00:00+00:00,9.09,9.32,9.09,9.29,42432622,390274040.84499997
2019-10-21 00:00:00+00:00,9.19,9.245,9.01,9.03,33812870,308331108.3125
2019-10-22 00:00:00+00:00,9.01,9.14,8.96,9.07,35997409,325596564.405
2019-10-23 00:00:00+00:00,9.01,9.21,8.97,9.21,46677592,424766087.2
2019-10-24 00:00:00+00:00,8.87,8.89,8.55,8.6,121123977,1057109509.2674999
2019-10-25 00:00:00+00:00,8.67,8.75,8.62,8.72,51373623,446436783.86999995
2019-10-28 00:00:00+00:00,8.76,8.76,8.58,8.61,39635287,343935202.9425
2019-10-29 00:00:00+00:00,8.59,8.71,8.59,8.64,36771757,317432192.3025
2019-10-30 00:00:00+00:00,8.64,8.64,8.52,8.54,28685314,246263420.69000003
2019-10-31 00:00:00+00:00,8.58,8.6,8.5,8.59,29124080,249520555.39999998
2019-11-01 00:00:00+00:00,8.64,8.93,8.64,8.89,55354930,485739510.75
2019-11-04 00:00:00+00:00,8.93,9.05,8.93,9.0,46716530,419397648.075
2019-11-05 00:00:00+00:00,9.02,9.15,9.0,9.02,37569674,339911625.515
2019-11-06 00:00:00+00:00,9.05,9.05,8.89,8.92,39497700,354590601.75000006
2019-11-07 00:00:00+00:00,8.96,9.01,8.88,8.89,32640397,291641947.195
2019-11-08 00:00:00+00:00,8.9,9.04,8.82,9.04,29489854,263934193.29999998
2019-11-11 00:00:00+00:00,8.95,9.1,8.94,9.08,24852635,224108636.11249995
2019-11-12 00:00:00+00:00,9.06,9.13,9.04,9.04,28710942,260336466.58499998
2019-11-13 00:00:00+00:00,9.0,9.0,8.8,8.81,34820794,309992118.585
2019-11-14 00:00:00+00:00,8.85,8.9059,8.78,8.79,26542134,234406192.86764997
2019-11-15 00:00:00+00:00,8.85,8.96,8.85,8.95,26430897,235301060.5425
2019-11-18 00:00:00+00:00,9.05,9.05,8.89,8.95,38296388,344093046.18
2019-11-19 00:00:00+00:00,8.99,9.0,8.87,8.9,31192765,278863319.09999996
2019-11-20 00:00:00+00:00,8.88,8.89,8.68,8.73,38291750,336775941.25000006
2019-11-21 00:00:00+00:00,8.77,8.79,8.67,8.71,33161371,289664575.685
2019-11-22 00:00:00+00:00,8.8,8.9,8.77,8.89,34966746,309106034.64
2019-11-25 00:00:00+00:00,8.9,9.01,8.87,9.0,30617388,273872535.66
2019-11-26 00:00:00+00:00,8.98,9.02,8.91,9.01,30106841,270359432.18
2019-11-27 00:00:00+00:00,9.03,9.15,9.02,9.1,37424079,339623516.92499995
2019-11-29 00:00:00+00:00,9.04,9.1,9.03,9.06,13096150,118618378.62500001
2019-12-02 00:00:00+00:00,9.08,9.14,9.0,9.01,37270512,337577662.44
2019-12-03 00:00:00+00:00,8.95,8.95,8.8,8.89,41121654,365879916.46500003
2019-12-04 00:00:00+00:00,8.95,9.03,8.94,8.95,29994673,268977230.12749994
2019-12-05 00:00:00+00:00,8.97,9.0,8.88,8.93,25770717,230519063.565
2019-12-06 00:00:00+00:00,8.96,9.07,8.945,9.02,31111724,279966626.345
2019-12-09 00:00:00+00:00,8.97,9.07,8.96,9.01,21898172,197138293.42999998
2019-12-10 00:00:00+00:00,9.02,9.1,8.96,9.07,34233141,309382011.78749996
2019-12-11 00:00:00+00:00,9.06,9.14,9.055,9.11,33205336,301878010.91
2019-12-12 00:00:00+00:00,9.11,9.36,9.105,9.32,48398724,446417730.49499995
2019-12-13 00:00:00+00:00,9.32,9.39,9.19,9.23,35334491,327992412.7075
2019-12-16 00:00:00+00:00,9.24,9.39,9.22,9.39,42339949,394184925.19
2019-12-17 00:00:00+00:00,9.38,9.41,9.31,9.39,35516663,332879923.96750003
2019-12-18 00:00:00+00:00,9.39,9.575,9.36,9.54,45929401,434779192.21624994
2019-12-19 00:00:00+00:00,9.55,9.57,9.38,9.41,42237371,400304683.6525
2019-12-20 00:00:00+00:00,9.5,9.54,9.44,9.48,50199268,476391053.31999993
2019-12-23 00:00:00+00:00,9.5,9.57,9.4,9.44,54795992,519329014.17999995
2019-12-24 00:00:00+00:00,9.44,9.49,9.43,9.47,11881604,112370269.83
2019-12-26 00:00:00+00:00,9.47,9.49,9.43,9.45,28982311,274172662.06
2019-12-27 00:00:00+00:00,9.45,9.46,9.345,9.36,28273603,265877894.21125
2019-12-30 00:00:00+00:00,9.34,9.35,9.23,9.25,36085418,335323746.765
2019-12-31 00:00:00+00:00,9.25,9.33,9.24,9.3,32345377,300165098.56000006
2020-01-02 00:00:00+00:00,9.29,9.42,9.19,9.42,43432239,405222789.87
2020-01-03 00:00:00+00:00,9.31,9.37,9.15,9.21,45059915,417254812.9
2020-01-06 00:00:00+00:00,9.1,9.17,9.06,9.16,43380677,395740225.93249995
2020-01-07 00:00:00+00:00,9.2,9.25,9.12,9.25,45334552,417304551.16
2020-01-08 00:00:00+00:00,9.23,9.3,9.17,9.25,46003049,424953165.13750005
2020-01-09 00:00:00+00:00,9.3,9.31,9.18,9.26,51905116,480771136.95
2020-01-10 00:00:00+00:00,9.27,9.36,9.25,9.25,39819244,369622132.42999995
2020-01-13 00:00:00+00:00,9.25,9.26,9.11,9.24,48562151,447500221.465
2020-01-14 00:00:00+00:00,9.22,9.33,9.21,9.29,42936052,397695181.65
2020-01-15 00:00:00+00:00,9.27,9.3,9.18,9.19,55923869,516456930.215
2020-01-16 00:00:00+00:00,9.23,9.28,9.15,9.17,44310388,407987897.51
2020-01-17 00:00:00+00:00,9.19,9.23,9.13,9.16,41644871,382195803.6025001
2020-01-21 00:00:00+00:00,9.15,9.22,9.1,9.21,49556423,454432398.91
2020-01-22 00:00:00+00:00,9.22,9.25,9.15,9.16,39914759,367016209.005
2020-01-23 00:00:00+00:00,9.14,9.16,8.93,9.14,75848669,689654022.8825
2020-01-24 00:00:00+00:00,9.11,9.12,8.96,9.0,68100949,616143336.0775
2020-01-27 00:00:00+00:00,8.88,8.96,8.78,8.89,60769335,539479771.4625001
2020-01-28 00:00:00+00:00,8.94,9.0,8.86,8.97,85163404,761573740.2699999
2020-01-29 00:00:00+00:00,8.85,8.955,8.84,8.86,59070709,524326380.76124996
2020-01-30 00:00:00+00:00,8.81,8.84,8.73,8.84,42827802,377098796.61
2020-01-31 00:00:00+00:00,8.78,8.84,8.74,8.82,59813731,526061764.145
2020-02-03 00:00:00+00:00,8.85,9.14,8.85,8.98,71432659,639679461.3450001
2020-02-04 00:00:00+00:00,9.08,9.24,9.07,9.18,86196417,788050742.4225
2020-02-05 00:00:00+00:00,8.41,8.48,8.26,8.31,145792527,1219554488.355
2020-02-06 00:00:00+00:00,8.37,8.38,8.25,8.25,68823367,572094238.1875
2020-02-07 00:00:00+00:00,8.21,8.21,8.02,8.11,98256476,799562073.4499999
2020-02-10 00:00:00+00:00,8.15,8.15,8.05,8.06,71834905,582042317.7625
2020-02-11 00:00:00+00:00,8.1,8.15,8.08,8.1,80164532,649933943.1899999
2020-02-12 00:00:00+00:00,8.14,8.33,8.13,8.24,111536751,915716725.71
2020-02-13 00:00:00+00:00,8.21,8.36,8.21,8.25,67648837,558610271.5275
2020-02-14 00:00:00+00:00,8.27,8.27,8.08,8.1,46359668,379222084.24
2020-02-18 00:00:00+00:00,8.12,8.1499,8.02,8.06,65207478,527363848.13804996
2020-02-19 00:00:00+00:00,8.06,8.1,8.0,8.0,69668178,560132151.1199999
2020-02-20 00:00:00+00:00,8.0,8.07,7.99,8.03,52318244,419723112.49000007
2020-02-21 00:00:00+00:00,8.02,8.03,7.89,7.89,58326329,464131763.0175
2020-02-24 00:00:00+00:00,7.7,7.7197,7.55,7.57,110048156,840209417.4483
2020-02-25 00:00:00+00:00,7.68,7.68,7.22,7.23,108888298,811490040.8449999
2020-02-26 00:00:00+00:00,7.3,7.46,7.21,7.21,92524842,674968722.39
2020-02-27 00:00:00+00:00,7.13,7.28,6.92,6.97,118642394,839394937.55
2020-02-28 00:00:00+00:00,6.84,6.96,6.67,6.96,116546727,799219180.4025
2020-03-02 00:00:00+00:00,7.11,7.23,6.88,7.2,96766032,687522657.36
2020-03-03 00:00:00+00:00,7.29,7.34,6.89,6.97,97457775,694143002.4375
2020-03-04 00:00:00+00:00,7.09,7.09,6.92,7.08,70588065,497292917.925
2020-03-05 00:00:00+00:00,6.96,6.97,6.71,6.74,78070888,534395228.3600001
2020-03-06 00:00:00+00:00,6.6,6.68,6.4,6.49,109932196,719231392.33
2020-03-09 00:00:00+00:00,5.97,6.14,5.87,5.9,103901655,620292880.35
2020-03-10 00:00:00+00:00,6.26,6.29,5.8,6.26,101873628,626777496.27
2020-03-11 00:00:00+00:00,6.06,6.11,5.88,5.9,98639098,590601599.2750001
2020-03-12 00:00:00+00:00,5.38,5.69,5.2,5.35,89453102,483494016.30999994
2020-03-13 00:00:00+00:00,5.87,5.9,5.12,5.63,125375287,705862865.81
2020-03-16 00:00:00+00:00,5.04,5.22,5.0,5.01,110310935,559000663.1125
2020-03-17 00:00:00+00:00,5.08,5.14,4.7,5.01,104233465,519343239.3625
2020-03-18 00:00:00+00:00,4.75,4.84,4.1,4.5,125954745,572779202.8874999
2020-03-19 00:00:00+00:00,4.33,4.58,4.1,4.47,126603765,553258453.0500001
2020-03-20 00:00:00+00:00,4.54,4.75,4.25,4.33,129378586,577998832.9549999
2020-03-23 00:00:00+00:00,4.27,4.52,3.96,4.01,134925017,565335821.2299999
2020-03-24 00:00:00+00:00,4.47,4.99,4.26,4.95,146192141,682351818.1175001
2020-03-25 00:00:00+00:00,5.77,5.87,5.12,5.39,198999447,1101959437.7625
2020-03-26 00:00:00+00:00,5.36,5.65,5.16,5.25,138297998,740585779.2900001
2020-03-27 00:00:00+00:00,5.07,5.3,4.91,5.19,106324033,544113238.8775
2020-03-30 00:00:00+00:00,5.11,5.1197,4.93,5.03,97879666,494040273.16005003
2020-03-31 00:00:00+00:00,5.03,5.19,4.75,4.83,231800752,1147413722.4
2020-04-01 00:00:00+00:00,4.63,4.77,4.36,4.4,119174506,541052257.2399999
2020-04-02 00:00:00+00:00,4.39,4.57,4.25,4.36,90891690,399241748.325
2020-04-03 00:00:00+00:00,4.4,4.42,4.17,4.24,85659866,368979872.795
2020-04-06 00:00:00+00:00,4.54,4.67,4.41,4.53,102205319,463756634.96250004
2020-04-07 00:00:00+00:00,4.85,5.03,4.63,4.71,115150448,553297902.64
2020-04-08 00:00:00+00:00,4.86,5.09,4.8,5.03,117022189,578674724.605
2020-04-09 00:00:00+00:00,5.51,5.75,5.37,5.37,175833664,967085152.0
2020-04-13 00:00:00+00:00,5.43,5.43,5.02,5.16,99320002,522423210.52
2020-04-14 00:00:00+00:00,5.27,5.44,5.16,5.29,74877032,396099499.28000003
2020-04-15 00:00:00+00:00,5.06,5.14,4.95,5.03,74727746,377001478.57
2020-04-16 00:00:00+00:00,5.06,5.0697,4.89,4.94,58951213,294162131.529025
2020-04-17 00:00:00+00:00,5.17,5.28,5.03,5.12,91989318,473744987.70000005
2020-04-20 00:00:00+00:00,5.01,5.09,4.91,4.98,71079442,355219511.39500004
2020-04-21 00:00:00+00:00,4.89,4.92,4.72,4.77,82400209,397581008.42499995
2020-04-22 00:00:00+00:00,4.87,4.89,4.75,4.77,62398608,300761290.56
2020-04-23 00:00:00+00:00,4.8,4.98,4.77,4.89,61959760,301124433.6
2020-04-24 00:00:00+00:00,4.93,4.96,4.8,4.87,54352479,265783622.31000003
2020-04-27 00:00:00+00:00,4.91,5.19,4.88,5.17,91082846,458829836.72499996
2020-04-28 00:00:00+00:00,5.49,5.54,5.215,5.38,106222815,574267093.59375
2020-04-29 00:00:00+00:00,5.33,5.5,5.2104,5.26,126393015,673055444.1764998
2020-04-30 00:00:00+00:00,5.16,5.24,5.06,5.09,93437941,480037421.8875
2020-05-01 00:00:00+00:00,5.02,5.05,4.9,4.92,82660057,411027133.4325
2020-05-04 00:00:00+00:00,4.88,4.97,4.77,4.86,84214747,410125817.89
2020-05-05 00:00:00+00:00,4.99,5.09,4.94,4.97,96301286,481265676.78499997
2020-05-06 00:00:00+00:00,5.05,5.09,4.82,4.87,89390419,443153002.19250005
2020-05-07 00:00:00+00:00,4.9,4.98,4.85,4.87,67222935,329392381.5
2020-05-08 00:00:00+00:00,4.96,5.25,4.95,5.24,101333782,516802288.2
2020-05-11 00:00:00+00:00,5.18,5.19,5.05,5.12,75734000,388894090.00000006
2020-05-12 00:00:00+00:00,5.15,5.22,4.97,4.98,70965193,360503180.44
2020-05-13 00:00:00+00:00,5.0,5.01,4.66,4.72,100192290,485682125.77500004
2020-05-14 00:00:00+00:00,4.645,4.92,4.52,4.89,108061111,512614895.3062499
2020-05-15 00:00:00+00:00,4.8,4.94,4.75,4.9,80544650,390440190.875
2020-05-18 00:00:00+00:00,5.12,5.33,5.12,5.31,136241424,711180233.28
2020-05-19 00:00:00+00:00,5.27,5.45,5.15,5.3,94836282,501921022.48499995
2020-05-20 00:00:00+00:00,5.38,5.54,5.37,5.49,87685371,477446845.095
2020-05-21 00:00:00+00:00,5.45,5.69,5.44,5.63,87098219,483612860.9975
2020-05-22 00:00:00+00:00,5.68,5.73,5.5,5.65,76656465,432342462.6
2020-05-26 00:00:00+00:00,5.92,5.99,5.82,5.84,86046301,507027828.6425
2020-05-27 00:00:00+00:00,6.01,6.09,5.84,6.03,110413883,661655193.8774999
2020-05-28 00:00:00+00:00,6.05,6.07,5.81,5.85,77126187,458515181.71500003
2020-05-29 00:00:00+00:00,5.75,5.8,5.57,5.71,93039226,531021382.39500004
2020-06-01 00:00:00+00:00,5.73,5.88,5.67,5.87,61938822,358470932.32500005
2020-06-02 00:00:00+00:00,5.96,6.0,5.83,5.9,80046000,474072434.99999994
2020-06-03 00:00:00+00:00,5.99,6.27,5.92,6.19,98876582,602405575.835
2020-06-04 00:00:00+00:00,6.2,6.58,6.12,6.57,115798591,737347528.1925001
2020-06-05 00:00:00+00:00,7.24,7.5,7.02,7.34,208648166,1517915407.6499999
2020-06-08 00:00:00+00:00,7.53,7.74,7.37,7.53,113169300,853579445.25
2020-06-09 00:00:00+00:00,7.22,7.44,7.05,7.24,115749606,837737773.4250001
2020-06-10 00:00:00+00:00,7.33,7.34,6.77,6.81,147327062,1040497375.3749999
2020-06-11 00:00:00+00:00,6.07,6.46,6.04,6.13,116184727,717440689.225
2020-06-12 00:00:00+00:00,6.56,6.63,6.3,6.46,88778026,575947443.675
2020-06-15 00:00:00+00:00,6.18,6.58,6.11,6.5,104742595,664329908.7875
2020-06-16 00:00:00+00:00,6.87,6.87,6.44,6.55,109535182,731968853.715
2020-06-17 00:00:00+00:00,6.56,6.56,6.31,6.33,67831355,436833926.2
2020-06-18 00:00:00+00:00,6.26,6.45,6.19,6.33,61301776,386660952.12000006
2020-06-19 00:00:00+00:00,6.64,6.69,6.23,6.23,126127803,813209009.8425001
2020-06-22 00:00:00+00:00,6.27,6.28,6.13,6.28,71724254,447559344.96000004
2020-06-23 00:00:00+00:00,6.33,6.38,6.14,6.15,86672823,541705143.75
2020-06-24 00:00:00+00:00,6.06,6.1225,5.86,5.95,75536274,453076013.48625
2020-06-25 00:00:00+00:00,5.86,6.05,5.8,6.03,73612736,436891588.16
2020-06-26 00:00:00+00:00,6.04,6.07,5.81,5.91,118435386,705578812.0949999
2020-06-29 00:00:00+00:00,5.91,6.07,5.81,6.01,58208433,346340176.34999996
2020-06-30 00:00:00+00:00,5.98,6.1,5.9,6.08,61909299,372384433.485
2020-07-01 00:00:00+00:00,6.1,6.18,5.95,5.98,62454691,378007017.27750003
2020-07-02 00:00:00+00:00,6.1,6.17,6.0,6.05,67270506,409004676.48
2020-07-06 00:00:00+00:00,6.14,6.2,6.11,6.19,63921782,393758177.12
2020-07-07 00:00:00+00:00,6.14,6.2,6.09,6.12,56651981,347701533.3875
2020-07-08 00:00:00+00:00,6.13,6.18,6.05,6.09,60928647,372426354.78749996
2020-07-09 00:00:00+00:00,6.09,6.1,5.82,5.84,82693009,493057066.16249996
2020-07-10 00:00:00+00:00,5.8,6.1,5.74,6.1,73710729,437473176.615
2020-07-13 00:00:00+00:00,6.15,6.22,6.05,6.06,80190674,490766924.88
2020-07-14 00:00:00+00:00,6.18,6.39,6.08,6.36,106131848,663589379.62
2020-07-15 00:00:00+00:00,6.54,6.78,6.52,6.74,101648718,675455731.11
2020-07-16 00:00:00+00:00,6.66,6.9,6.63,6.86,93498514,632283700.9250001
2020-07-17 00:00:00+00:00,6.9,6.91,6.73,6.8,80836727,552519029.045
2020-07-20 00:00:00+00:00,6.8,6.85,6.58,6.66,71361660,479728759.34999996
2020-07-21 00:00:00+00:00,6.71,6.81,6.64,6.68,63343850,425037233.5
2020-07-22 00:00:00+00:00,6.64,6.88,6.61,6.84,75629569,509932368.98249996
2020-07-23 00:00:00+00:00,6.87,7.06,6.8,6.98,88652587,614140796.4425
2020-07-24 00:00:00+00:00,6.9,7.01,6.86,6.88,62292045,430593761.0625
2020-07-27 00:00:00+00:00,6.92,6.94,6.77,6.93,60370153,415950354.16999996
2020-07-28 00:00:00+00:00,6.9,7.05,6.9,7.01,56312514,392216660.01
2020-07-29 00:00:00+00:00,7.05,7.06,6.83,6.92,59437160,413979819.4
2020-07-30 00:00:00+00:00,6.74,6.83,6.67,6.74,58990992,397894241.0400001
2020-07-31 00:00:00+00:00,6.89,6.9,6.52,6.61,115394121,776602434.3299999
2020-08-03 00:00:00+00:00,6.65,6.72,6.53,6.69,53845888,357940540.48
2020-08-04 00:00:00+00:00,6.91,6.91,6.73,6.86,69377566,475409771.015
2020-08-05 00:00:00+00:00,6.86,7.0291,6.86,6.96,82716372,572999055.8463
2020-08-06 00:00:00+00:00,6.93,7.0,6.89,6.93,48668518,337637843.625
2020-08-07 00:00:00+00:00,6.87,6.92,6.79,6.86,47480059,325713204.73999995
2020-08-10 00:00:00+00:00,6.91,7.13,6.905,7.09,57229040,401104034.1
2020-08-11 00:00:00+00:00,7.21,7.375,7.19,7.23,74016358,536711115.94750005
2020-08-12 00:00:00+00:00,7.33,7.37,7.06,7.11,59194125,427233597.18749994
2020-08-13 00:00:00+00:00,7.03,7.18,7.0,7.03,50066758,353471311.48
2020-08-14 00:00:00+00:00,6.97,7.11,6.93,7.04,43517662,305167604.775
2020-08-17 00:00:00+00:00,7.05,7.06,6.87,6.98,64555154,451240526.46000004
2020-08-18 00:00:00+00:00,6.98,7.01,6.885,6.89,40444196,280733275.485
2020-08-19 00:00:00+00:00,6.89,7.02,6.86,6.87,44158123,305132629.93
2020-08-20 00:00:00+00:00,6.77,6.89,6.73,6.84,41824523,284720440.3225
2020-08-21 00:00:00+00:00,6.78,6.85,6.65,6.66,39158895,263735157.82500002
2020-08-24 00:00:00+00:00,6.73,7.0,6.69,6.98,64974707,445076742.95000005
2020-08-25 00:00:00+00:00,7.01,7.1,6.86,6.94,49549976,345734957.54
2020-08-26 00:00:00+00:00,6.94,6.97,6.77,6.82,48600095,334125653.125
2020-08-27 00:00:00+00:00,6.83,6.98,6.83,6.91,45740870,315040242.125
2020-08-28 00:00:00+00:00,6.93,6.95,6.86,6.94,39936920,276363486.4
2020-08-31 00:00:00+00:00,6.9,6.93,6.79,6.82,50089521,343614114.06
2020-09-01 00:00:00+00:00,6.77,6.87,6.72,6.83,48214176,327735861.35999995
2020-09-02 00:00:00+00:00,6.81,6.97,6.77,6.95,59008942,405686476.24999994
2020-09-03 00:00:00+00:00,6.92,7.09,6.76,6.82,78130883,538907765.4925
2020-09-04 00:00:00+00:00,6.86,6.95,6.75,6.9,70017540,480670412.1
2020-09-08 00:00:00+00:00,6.83,7.17,6.81,7.03,84749275,589854954.0
2020-09-09 00:00:00+00:00,7.07,7.1,6.93,6.97,56501430,396498785.025
2020-09-10 00:00:00+00:00,6.99,7.035,6.87,6.91,69228601,481225312.70125
2020-09-11 00:00:00+00:00,6.94,7.0,6.85,7.0,55080562,382672204.495
2020-09-14 00:00:00+00:00,7.01,7.18,6.98,7.12,58704316,415186274.91
2020-09-15 00:00:00+00:00,7.16,7.18,7.0,7.04,65198498,462583343.31
2020-09-16 00:00:00+00:00,7.05,7.12,6.99,7.02,46269822,325970895.99
2020-09-17 00:00:00+00:00,7.04,7.34,6.98,7.28,84850147,607527052.52
2020-09-18 00:00:00+00:00,7.31,7.4,7.22,7.23,71929396,524365296.84
2020-09-21 00:00:00+00:00,7.09,7.09,6.81,6.87,72850263,507402081.795
2020-09-22 00:00:00+00:00,6.89,6.99,6.77,6.78,55865537,383097919.9775
2020-09-23 00:00:00+00:00,6.81,6.93,6.63,6.64,52588559,355104244.6475
2020-09-24 00:00:00+00:00,6.6,6.76,6.41,6.66,59822911,395279884.4325
2020-09-25 00:00:00+00:00,6.61,6.7064,6.5,6.51,53761843,353838945.88879997
2020-09-28 00:00:00+00:00,6.59,6.77,6.58,6.69,47582634,316781385.85499996
2020-09-29 00:00:00+00:00,6.69,6.695,6.54,6.6,39014263,258713331.51874998
2020-09-30 00:00:00+00:00,6.61,6.75,6.59,6.66,55944608,372171504.71999997
2020-10-01 00:00:00+00:00,6.71,6.77,6.63,6.75,58340607,391757176.005
2020-10-02 00:00:00+00:00,6.62,6.93,6.6,6.89,60798406,410997224.56
2020-10-05 00:00:00+00:00,6.95,7.05,6.945,7.02,42359406,296145197.1975
2020-10-06 00:00:00+00:00,7.06,7.25,6.96,6.98,78203805,552314372.8125
2020-10-07 00:00:00+00:00,7.11,7.25,7.06,7.23,50664144,362881931.4
2020-10-08 00:00:00+00:00,7.29,7.35,7.2,7.35,54513310,397810879.72499996
2020-10-09 00:00:00+00:00,7.36,7.44,7.23,7.25,50977882,373158096.24
2020-10-12 00:00:00+00:00,7.36,7.865,7.33,7.67,97692932,738192217.4250001
2020-10-13 00:00:00+00:00,7.82,7.88,7.63,7.76,74562568,579537559.78
2020-10-14 00:00:00+00:00,7.73,7.75,7.55,7.57,57808898,442238069.70000005
2020-10-15 00:00:00+00:00,7.42,7.62,7.37,7.62,49336159,370391213.6925
2020-10-16 00:00:00+00:00,7.71,7.75,7.61,7.67,47509411,365109823.535
2020-10-19 00:00:00+00:00,7.68,7.72,7.57,7.59,38960741,297660061.24
2020-10-20 00:00:00+00:00,7.62,7.85,7.58,7.74,63447005,488383320.9875
2020-10-21 00:00:00+00:00,7.77,7.88,7.73,7.85,51981072,405842219.64
2020-10-22 00:00:00+00:00,7.93,8.22,7.89,8.21,74008467,596693265.1875
2020-10-23 00:00:00+00:00,8.3,8.35,8.09,8.16,62248980,511997860.5
2020-10-26 00:00:00+00:00,8.035,8.07,7.94,8.03,62130950,498212555.31250006
2020-10-27 00:00:00+00:00,8.01,8.09,7.9,7.92,64154483,511952774.34000003
2020-10-28 00:00:00+00:00,7.68,7.88,7.63,7.7,82938283,640490890.4675
2020-10-29 00:00:00+00:00,8.17,8.24,7.85,7.9,118999898,956759179.92
2020-10-30 00:00:00+00:00,7.85,7.91,7.61,7.73,79392475,617276493.125
2020-11-02 00:00:00+00:00,7.83,7.86,7.68,7.71,59962912,465911826.24
2020-11-03 00:00:00+00:00,7.76,7.93,7.73,7.88,65108842,509476688.65000004
2020-11-04 00:00:00+00:00,7.86,7.87,7.63,7.64,67326839,521783002.25
2020-11-05 00:00:00+00:00,7.76,7.99,7.71,7.99,61442609,483092513.26250005
2020-11-06 00:00:00+00:00,8.01,8.02,7.75,7.79,50912118,401823891.315
2020-11-09 00:00:00+00:00,8.11,8.38,8.08,8.2,110511311,905363915.3675
2020-11-10 00:00:00+00:00,8.23,8.59,8.18,8.38,87468359,729923455.855
2020-11-11 00:00:00+00:00,8.6,8.6,8.29,8.33,75644426,639573621.83
2020-11-12 00:00:00+00:00,8.26,8.29,8.1,8.21,82319824,676257354.16
2020-11-13 00:00:00+00:00,8.23,8.57,8.23,8.54,79534153,667490379.0525
2020-11-16 00:00:00+00:00,8.74,8.85,8.61,8.8,84853863,742471301.25
2020-11-17 00:00:00+00:00,8.66,8.85,8.63,8.75,46754509,407816204.7525
2020-11-18 00:00:00+00:00,8.82,9.05,8.78,8.82,77759269,689530317.8575
2020-11-19 00:00:00+00:00,8.88,8.88,8.74,8.82,56672693,500419879.19
2020-11-20 00:00:00+00:00,8.81,8.82,8.68,8.74,57024269,499675157.1125001
2020-11-23 00:00:00+00:00,8.82,8.98,8.78,8.86,71537109,633818785.74
2020-11-24 00:00:00+00:00,9.15,9.5,9.14,9.45,99520477,926535640.8699999
2020-11-25 00:00:00+00:00,9.2,9.25,9.0,9.08,95217812,869576668.09
2020-11-27 00:00:00+00:00,9.12,9.14,9.03,9.09,27853853,253330793.03499997
2020-11-30 00:00:00+00:00,9.23,9.23,8.98,9.08,77970082,711866848.6600001
2020-12-01 00:00:00+00:00,9.16,9.4,9.16,9.24,68970330,637285849.2
2020-12-02 00:00:00+00:00,9.16,9.24,9.08,9.2,48344954,443323228.1799999
2020-12-03 00:00:00+00:00,9.26,9.32,9.15,9.21,50302055,464539477.92499995
2020-12-04 00:00:00+00:00,9.26,9.44,9.24,9.34,48775547,454588098.04
2020-12-07 00:00:00+00:00,9.31,9.33,9.15,9.22,58305187,539468742.7175
2020-12-08 00:00:00+00:00,9.19,9.33,9.17,9.25,56296667,519899719.74499995
2020-12-09 00:00:00+00:00,9.31,9.49,9.29,9.45,60780320,570423303.1999999
2020-12-10 00:00:00+00:00,9.31,9.32,9.1,9.12,83372755,768071505.4375
2020-12-11 00:00:00+00:00,9.19,9.19,9.01,9.02,73438229,668471479.4725
2020-12-14 00:00:00+00:00,9.13,9.1752,8.88,8.91,76826024,693262675.3712001
2020-12-15 00:00:00+00:00,9.03,9.15,8.94,9.15,69665880,631695366.9
2020-12-16 00:00:00+00:00,9.17,9.18,8.97,9.04,55274531,502445486.79
2020-12-17 00:00:00+00:00,9.09,9.13,9.0,9.08,49301597,447411992.775
2020-12-18 00:00:00+00:00,9.09,9.09,8.91,8.95,78764619,709669217.1899999
2020-12-21 00:00:00+00:00,8.87,9.01,8.79,8.93,63908127,568782330.3
2020-12-22 00:00:00+00:00,8.98,8.99,8.75,8.79,59157726,525172712.565
2020-12-23 00:00:00+00:00,8.82,9.03,8.8,8.99,54086667,481912202.97
2020-12-24 00:00:00+00:00,9.01,9.02,8.8,8.86,27926995,249178612.8875
2020-12-28 00:00:00+00:00,8.92,8.98,8.8607,8.89,38068418,339291437.39815
2020-12-29 00:00:00+00:00,8.93,8.93,8.78,8.82,37537854,332773075.71
2020-12-30 00:00:00+00:00,8.83,8.92,8.81,8.86,38461904,340580159.92
2020-12-31 00:00:00+00:00,8.84,8.86,8.78,8.79,40176529,354256544.4575
2021-01-04 00:00:00+00:00,8.81,8.84,8.43,8.52,85043079,735622633.3499999
2021-01-05 00:00:00+00:00,8.47,8.72,8.46,8.65,70127787,601345773.5250001
2021-01-06 00:00:00+00:00,8.79,8.94,8.68,8.84,72590208,639701208.0
2021-01-07 00:00:00+00:00,8.94,9.08,8.88,9.06,77117101,693282737.99
2021-01-08 00:00:00+00:00,9.1,9.14,8.89,9.0,59162167,534382273.4275
2021-01-11 00:00:00+00:00,8.87,9.32,8.82,9.3,96129537,872615872.1175001
2021-01-12 00:00:00+00:00,9.3,9.82,9.2903,9.78,124808542,1191618915.38565
2021-01-13 00:00:00+00:00,9.91,9.92,9.64,9.78,89549250,878702015.625
2021-01-14 00:00:00+00:00,9.81,10.2,9.79,10.17,112695252,1126107305.61
2021-01-15 00:00:00+00:00,10.04,10.05,9.82,9.83,99984954,993350517.99
2021-01-19 00:00:00+00:00,10.06,10.21,9.97,10.02,78732758,792445209.2700001
2021-01-20 00:00:00+00:00,10.23,10.87,10.19,10.86,125033167,1317536997.2625
2021-01-21 00:00:00+00:00,11.28,12.15,11.12,11.53,282761553,3257413090.56
2021-01-22 00:00:00+00:00,11.66,11.69,11.34,11.52,130866617,1511836592.8924997
2021-01-25 00:00:00+00:00,11.49,11.52,10.88,11.29,118954503,1343591111.385
2021-01-26 00:00:00+00:00,11.31,11.53,11.12,11.19,66267456,747993909.6
2021-01-27 00:00:00+00:00,11.02,11.17,10.7,10.79,82863034,904864331.28
2021-01-28 00:00:00+00:00,10.84,11.05,10.71,10.72,77388655,838119133.65
2021-01-29 00:00:00+00:00,10.59,10.835,10.45,10.53,73925821,783706109.87625
2021-02-01 00:00:00+00:00,10.65,11.44,10.36,10.83,157114400,1699977808.0
2021-02-02 00:00:00+00:00,11.14,11.2,10.71,10.86,80440704,883037828.16
2021-02-03 00:00:00+00:00,10.92,11.36,10.84,11.2,82968550,919291534.0000001
2021-02-04 00:00:00+00:00,11.4,11.6192,11.17,11.37,106845045,1216943693.541
2021-02-05 00:00:00+00:00,11.8,11.9,11.3,11.51,113402102,1318582941.0049999
2021-02-08 00:00:00+00:00,11.52,11.58,11.31,11.56,75756688,870633736.8400002
2021-02-09 00:00:00+00:00,11.54,12.04,11.49,11.93,102250761,1201446441.75
2021-02-10 00:00:00+00:00,12.0,12.02,11.53,11.76,76282462,902230819.305
2021-02-11 00:00:00+00:00,11.66,11.74,11.31,11.45,55762914,643504027.56
2021-02-12 00:00:00+00:00,11.42,11.62,11.37,11.45,44401187,509059608.955
2021-02-16 00:00:00+00:00,11.5,11.7,11.38,11.54,48392080,557960682.4
2021-02-17 00:00:00+00:00,11.61,11.61,11.37,11.48,49680999,572200905.9825
2021-02-18 00:00:00+00:00,11.37,11.48,11.3,11.43,37777050,430469484.75000006
2021-02-19 00:00:00+00:00,11.52,11.59,11.46,11.58,48615552,560901931.1999999
2021-02-22 00:00:00+00:00,11.52,11.94,11.5,11.7,62183011,725364823.3149999
2021-02-23 00:00:00+00:00,11.59,11.65,11.13,11.62,72904530,838219833.6750001
2021-02-24 00:00:00+00:00,11.67,12.4,11.64,12.27,95152783,1141357632.085
2021-02-25 00:00:00+00:00,12.22,12.4,11.72,11.76,75249410,904874155.25
2021-02-26 00:00:00+00:00,11.89,11.98,11.54,11.7,69614525,819885068.1875
2021-03-01 00:00:00+00:00,11.87,12.08,11.78,11.98,43172813,514943727.05749995
2021-03-02 00:00:00+00:00,12.04,12.8,11.94,12.55,104788959,1292309836.8675
2021-03-03 00:00:00+00:00,12.61,12.61,12.14,12.17,80169701,992701322.6325
2021-03-04 00:00:00+00:00,12.235,12.46,11.63,11.93,88339642,1065707356.1775
2021-03-05 00:00:00+00:00,12.06,12.29,11.67,12.27,79345704,957901011.5400001
2021-03-08 00:00:00+00:00,12.39,12.88,12.3,12.65,86129736,1081358835.48
2021-03-09 00:00:00+00:00,12.76,12.76,12.375,12.57,61568655,776765543.64375
2021-03-10 00:00:00+00:00,12.72,12.98,12.62,12.91,62111181,795488950.6575
2021-03-11 00:00:00+00:00,12.94,13.0594,12.75,12.81,56536460,728746488.931
2021-03-12 00:00:00+00:00,12.78,13.43,12.77,13.37,87160077,1140707507.7375
2021-03-15 00:00:00+00:00,13.39,13.62,13.0501,13.2,65229000,868525765.7249999
2021-03-16 00:00:00+00:00,13.06,13.15,12.43,12.49,125425273,1603248552.1225002
2021-03-17 00:00:00+00:00,12.34,12.7,12.22,12.69,109324385,1365188257.6875
2021-03-18 00:00:00+00:00,12.7,13.01,12.44,12.49,76733254,971442995.64
2021-03-19 00:00:00+00:00,12.85,12.95,12.55,12.83,90885155,1162875558.225
2021-03-22 00:00:00+00:00,12.85,12.93,12.51,12.85,81362146,1040215036.61
2021-03-23 00:00:00+00:00,12.57,12.68,12.12,12.21,73020161,905084895.5949999
2021-03-24 00:00:00+00:00,12.36,12.53,12.12,12.14,54534406,670091513.725
2021-03-25 00:00:00+00:00,11.94,12.35,11.72,12.32,54201830,654893610.975
2021-03-26 00:00:00+00:00,12.43,12.49,12.06,12.3,49239811,606634471.52
2021-03-29 00:00:00+00:00,12.2,12.36,12.065,12.15,44747925,545645010.46875
2021-03-30 00:00:00+00:00,12.16,12.48,12.11,12.46,49762308,612200794.17
2021-03-31 00:00:00+00:00,12.46,12.54,12.21,12.25,60456889,747549432.485
2021-04-01 00:00:00+00:00,12.28,12.29,12.02,12.17,61907459,754651925.21
2021-04-05 00:00:00+00:00,12.39,12.78,12.33,12.7,82332728,1033275736.4000001
2021-04-06 00:00:00+00:00,12.7,12.99,12.64,12.92,67499426,864836395.625
2021-04-07 00:00:00+00:00,12.87,12.93,12.66,12.73,42264039,540874039.1025
2021-04-08 00:00:00+00:00,12.67,12.76,12.43,12.51,52621966,662642106.855
2021-04-09 00:00:00+00:00,12.49,12.62,12.39,12.51,40555411,507044026.0275
2021-04-12 00:00:00+00:00,12.5,12.55,12.32,12.38,40422762,502758102.37500006
2021-04-13 00:00:00+00:00,12.39,12.445,12.1,12.2,51555966,633300597.3525001
2021-04-14 00:00:00+00:00,12.2,12.49,12.2,12.24,49877492,612620295.49
2021-04-15 00:00:00+00:00,12.3,12.32,12.125,12.24,38209311,467920774.83375007
2021-04-16 00:00:00+00:00,12.32,12.36,12.19,12.23,33132872,406706003.79999995
2021-04-19 00:00:00+00:00,12.22,12.25,12.02,12.11,39063481,474621294.1499999
2021-04-20 00:00:00+00:00,12.06,12.06,11.35,11.45,83170803,975593519.19
2021-04-21 00:00:00+00:00,11.36,11.74,11.18,11.73,49641132,570997120.83
2021-04-22 00:00:00+00:00,12.06,12.15,11.83,11.94,73064376,876407190.1199999
2021-04-23 00:00:00+00:00,11.97,12.24,11.87,12.22,51898945,626679760.875
2021-04-26 00:00:00+00:00,12.28,12.4414,12.23,12.27,40863760,502842869.11600006
2021-04-27 00:00:00+00:00,12.29,12.5,12.27,12.49,42037752,520742652.90000004
2021-04-28 00:00:00+00:00,12.6,12.6,12.385,12.43,68023415,850547775.30625
2021-04-29 00:00:00+00:00,11.91,11.91,11.14,11.26,230430629,2662625918.095
2021-04-30 00:00:00+00:00,11.36,11.54,11.33,11.54,90786462,1038824091.435
2021-05-03 00:00:00+00:00,11.56,11.68,11.43,11.63,61987297,717502962.7750001
2021-05-04 00:00:00+00:00,11.53,11.55,11.23,11.41,71007685,811617839.55
2021-05-05 00:00:00+00:00,11.5,11.64,11.5,11.61,41381316,478471466.25
2021-05-06 00:00:00+00:00,11.55,11.76,11.48,11.74,50032823,582006813.5475001
2021-05-07 00:00:00+00:00,11.65,11.83,11.52,11.82,41525840,486059957.2
2021-05-10 00:00:00+00:00,11.78,11.93,11.7,11.71,51703508,609067324.24
2021-05-11 00:00:00+00:00,11.45,11.76,11.42,11.58,56882624,657136513.76
2021-05-12 00:00:00+00:00,11.54,11.68,11.28,11.33,55663086,637759807.845
2021-05-13 00:00:00+00:00,11.36,11.68,11.35,11.55,56598472,650033450.92
2021-05-14 00:00:00+00:00,11.65,11.87,11.62,11.84,48619221,571032750.6450001
2021-05-17 00:00:00+00:00,11.82,12.18,11.79,12.15,52201744,625637901.8399999
2021-05-18 00:00:00+00:00,12.29,12.53,12.13,12.14,72472888,889423517.98
2021-05-19 00:00:00+00:00,12.03,12.21,11.85,12.11,70220759,846160145.95
2021-05-20 00:00:00+00:00,12.52,12.69,12.3,12.49,106243905,1328048812.5000002
2021-05-21 00:00:00+00:00,12.7,13.47,12.57,13.33,200958563,2615978093.8525
2021-05-24 00:00:00+00:00,13.38,13.38,12.92,13.06,111374304,1468470198.24
2021-05-25 00:00:00+00:00,13.13,13.43,12.8,12.81,113383362,1478802498.885
2021-05-26 00:00:00+00:00,13.16,13.95,13.1,13.9,227538655,3078029155.5125
2021-05-27 00:00:00+00:00,14.38,15.05,14.12,14.88,278939123,4074603239.2225
2021-05-28 00:00:00+00:00,15.01,15.05,14.41,14.53,152105344,2243553824.0
2021-06-01 00:00:00+00:00,14.72,14.835,14.46,14.81,89070986,1309900187.8625
2021-06-02 00:00:00+00:00,14.9,15.02,14.68,14.91,77517193,1153262038.8575
2021-06-03 00:00:00+00:00,15.15,16.06,14.985,15.99,179671434,2793217030.8225
2021-06-04 00:00:00+00:00,16.33,16.455,15.795,15.97,151787957,2449478156.0875
2021-06-07 00:00:00+00:00,16.01,16.2,15.65,15.88,90915337,1448735895.095
2021-06-08 00:00:00+00:00,15.76,15.8,15.33,15.63,93891092,1467517767.96
2021-06-09 00:00:00+00:00,15.6,15.62,15.39,15.48,60079052,932577084.6700001
2021-06-10 00:00:00+00:00,15.59,15.78,15.08,15.11,78147471,1202689578.6899998
2021-06-11 00:00:00+00:00,15.3,15.43,15.17,15.28,50613467,774132977.765
2021-06-14 00:00:00+00:00,15.23,15.3,14.815,14.87,82666035,1244433824.38125
2021-06-15 00:00:00+00:00,14.91,15.16,14.76,15.0,62612748,936530178.2099999
2021-06-16 00:00:00+00:00,15.1,15.29,14.88,15.02,69112883,1041703929.0175002
2021-06-17 00:00:00+00:00,15.3,15.4,14.58,14.77,126653125,1901380039.0625
2021-06-18 00:00:00+00:00,14.54,14.765,14.44,14.52,76319715,1111692048.61875
2021-06-21 00:00:00+00:00,14.63,14.9,14.55,14.78,63384994,932710186.71
2021-06-22 00:00:00+00:00,15.02,15.11,14.815,14.91,65545914,980812670.6175001
2021-06-23 00:00:00+00:00,15.14,15.53,15.03,15.42,94985665,1451380961.2
2021-06-24 00:00:00+00:00,15.54,15.55,15.15,15.26,79859804,1227844486.5
2021-06-25 00:00:00+00:00,15.24,15.52,15.18,15.19,111760462,1707979260.5149999
2021-06-28 00:00:00+00:00,15.2,15.21,14.83,14.96,79477432,1196135351.6000001
2021-06-29 00:00:00+00:00,15.05,15.2,14.875,15.01,68208165,1025424500.56875
2021-06-30 00:00:00+00:00,14.95,15.11,14.81,14.86,72213527,1078328491.9275
2021-07-01 00:00:00+00:00,14.91,14.97,14.84,14.91,51112228,761955538.91
2021-07-02 00:00:00+00:00,14.96,15.04,14.83,14.93,43824909,654744140.4599999
2021-07-06 00:00:00+00:00,14.87,14.88,14.39,14.5,73990625,1084702562.5
2021-07-07 00:00:00+00:00,14.41,14.46,14.02,14.23,72992469,1042332457.32
2021-07-08 00:00:00+00:00,13.9597,14.23,13.735,14.06,62706837,877655864.3484751
2021-07-09 00:00:00+00:00,14.445,14.575,14.27,14.48,65981221,952933784.2924999
2021-07-12 00:00:00+00:00,14.36,14.74,14.24,14.61,49205150,712859610.625
2021-07-13 00:00:00+00:00,14.5,14.625,14.295,14.42,45360600,655914276.0
2021-07-14 00:00:00+00:00,14.43,14.63,14.2,14.25,39056159,561529926.0225
2021-07-15 00:00:00+00:00,14.15,14.3,13.94,14.01,44952312,633827599.1999999
2021-07-16 00:00:00+00:00,14.12,14.14,13.58,13.61,48065197,666303793.4124999
2021-07-19 00:00:00+00:00,13.25,13.32,12.7901,13.28,99949231,1315334378.6907752
2021-07-20 00:00:00+00:00,13.37,13.96,13.28,13.91,70731783,964074202.29
2021-07-21 00:00:00+00:00,14.05,14.34,14.03,14.19,53817490,761652027.225
2021-07-22 00:00:00+00:00,14.08,14.14,13.78,13.91,40440124,565251833.2099999
2021-07-23 00:00:00+00:00,13.97,14.04,13.73,13.82,37927867,526818072.62999994
2021-07-26 00:00:00+00:00,13.9,14.0815,13.87,14.03,43838035,612433788.213125
2021-07-27 00:00:00+00:00,13.93,13.955,13.65,13.79,41963237,580404021.7562499
2021-07-28 00:00:00+00:00,13.86,13.99,13.565,13.86,70653462,976342528.0124999
2021-07-29 00:00:00+00:00,14.51,14.79,14.3,14.39,111154778,1611466394.0549998
2021-07-30 00:00:00+00:00,14.23,14.3,13.87,13.95,74955713,1055938606.8874999
2021-08-02 00:00:00+00:00,14.02,14.33,13.88,13.91,64673717,907695618.095
2021-08-03 00:00:00+00:00,13.9699,14.08,13.64,14.02,53257695,741745215.670125
2021-08-04 00:00:00+00:00,13.85,13.93,13.3,13.32,81502700,1108436720.0
2021-08-05 00:00:00+00:00,13.54,13.82,13.45,13.71,60524396,824947517.48
2021-08-06 00:00:00+00:00,13.82,13.91,13.73,13.8,44450636,614085536.34
2021-08-09 00:00:00+00:00,13.72,13.82,13.55,13.75,38760378,531404782.38000005
2021-08-10 00:00:00+00:00,13.77,13.91,13.66,13.82,32120825,442946176.75
2021-08-11 00:00:00+00:00,13.86,13.95,13.67,13.93,42795585,592825841.2125
2021-08-12 00:00:00+00:00,13.92,14.05,13.79,13.9,38608652,537239392.5799999
2021-08-13 00:00:00+00:00,13.88,13.95,13.54,13.59,45118472,619927805.28
2021-08-16 00:00:00+00:00,13.5,13.56,13.32,13.46,38757778,521679691.88000005
2021-08-17 00:00:00+00:00,13.32,13.33,12.81,12.99,74625322,978524534.725
2021-08-18 00:00:00+00:00,12.95,13.21,12.9,13.0,50966744,663332173.1600001
2021-08-19 00:00:00+00:00,12.8,12.92,12.57,12.67,69038770,879553929.8000001
2021-08-20 00:00:00+00:00,12.61,12.67,12.38,12.57,53615575,673277583.0625
2021-08-23 00:00:00+00:00,12.71,12.85,12.47,12.73,64573553,819438387.57
2021-08-24 00:00:00+00:00,12.81,13.14,12.76,13.08,53672503,694924732.5925
2021-08-25 00:00:00+00:00,13.12,13.28,13.02,13.17,51195455,673092244.6125001
2021-08-26 00:00:00+00:00,13.11,13.13,12.81,12.9,57559820,747558162.25
2021-08-27 00:00:00+00:00,12.89,13.37,12.87,13.31,57587271,754969122.81
2021-08-30 00:00:00+00:00,13.35,13.37,13.03,13.05,42720093,563905227.6
2021-08-31 00:00:00+00:00,13.02,13.135,12.93,13.03,42212703,549978754.2112501
2021-09-01 00:00:00+00:00,13.03,13.22,12.9,13.11,58875686,769210837.5899999
2021-09-02 00:00:00+00:00,13.09,13.21,12.97,13.01,49322939,644650812.73
2021-09-03 00:00:00+00:00,12.99,13.05,12.87,12.89,41746597,540618431.15
2021-09-07 00:00:00+00:00,12.83,13.04,12.81,12.95,64008878,826194592.785
2021-09-08 00:00:00+00:00,12.97,13.22,12.91,13.03,57980882,755635844.6650001
2021-09-09 00:00:00+00:00,12.95,12.95,12.72,12.76,68806407,883818297.915
2021-09-10 00:00:00+00:00,12.84,12.93,12.66,12.68,48792472,623445810.98
2021-09-13 00:00:00+00:00,12.76,12.99,12.62,12.99,62270767,799556648.28
2021-09-14 00:00:00+00:00,12.93,13.06,12.79,12.86,47640810,615042857.1
2021-09-15 00:00:00+00:00,12.89,13.25,12.81,13.22,60282087,786229119.6975
2021-09-16 00:00:00+00:00,13.18,13.53,13.1,13.4,76426063,1016657703.0575
2021-09-17 00:00:00+00:00,13.41,13.7,13.39,13.55,76337380,1031508847.25
2021-09-20 00:00:00+00:00,13.07,13.19,12.63,12.82,126152174,1630832229.385
2021-09-21 00:00:00+00:00,12.885,12.97,12.66,12.77,60473075,775340412.84375
2021-09-22 00:00:00+00:00,12.92,13.39,12.905,13.23,75784038,993623468.2275001
2021-09-23 00:00:00+00:00,13.35,13.74,13.32,13.71,68708095,929620525.3499999
2021-09-24 00:00:00+00:00,13.66,13.94,13.64,13.78,57440218,790090198.59
2021-09-27 00:00:00+00:00,13.89,14.29,13.88,14.16,68769650,966557430.75
2021-09-28 00:00:00+00:00,14.63,14.73,14.23,14.31,107090949,1550141486.775
2021-09-29 00:00:00+00:00,14.46,14.5,14.17,14.3,56805504,815585023.6800001
2021-09-30 00:00:00+00:00,14.26,14.32,14.09,14.16,78820537,1119842779.4275
2021-10-01 00:00:00+00:00,14.26,14.37,14.01,14.16,51880916,736709007.1999999
2021-10-04 00:00:00+00:00,14.27,14.79,14.22,14.35,78332497,1128575450.5275002
2021-10-05 00:00:00+00:00,14.44,14.44,14.11,14.29,55915797,800714213.04
2021-10-06 00:00:00+00:00,14.14,14.34,13.89,14.12,61020278,861758876.0550001
2021-10-07 00:00:00+00:00,14.34,14.95,14.305,14.89,96557549,1411792063.31625
2021-10-08 00:00:00+00:00,14.92,15.49,14.85,15.12,99468887,1501482849.2649999
2021-10-11 00:00:00+00:00,15.2,15.36,14.97,15.09,45302310,686556508.0500001
2021-10-12 00:00:00+00:00,15.11,15.68,15.01,15.64,89134009,1369098378.24
2021-10-13 00:00:00+00:00,15.59,15.69,15.27,15.51,63363486,983084485.29
2021-10-14 00:00:00+00:00,15.62,15.62,15.37,15.45,50875110,789327331.65
2021-10-15 00:00:00+00:00,15.54,16.03,15.535,15.7,77211817,1212322041.67125
2021-10-18 00:00:00+00:00,15.57,15.65,15.485,15.56,48643809,757201691.84625
2021-10-19 00:00:00+00:00,15.6,15.69,15.37,15.42,44668310,693252171.1999999
2021-10-20 00:00:00+00:00,15.43,16.16,15.37,16.04,105213717,1657116042.75
2021-10-21 00:00:00+00:00,16.16,16.7,16.13,16.55,95854951,1570583372.1349998
2021-10-22 00:00:00+00:00,16.42,16.54,16.23,16.28,60646754,992635746.095
2021-10-25 00:00:00+00:00,16.4,16.5,15.81,16.0,67808039,1096964550.9225001
2021-10-26 00:00:00+00:00,16.09,16.22,15.7,15.94,64882295,1037305691.3125
2021-10-27 00:00:00+00:00,15.79,15.92,15.5,15.51,96094256,1506757934.08
2021-10-28 00:00:00+00:00,16.86,17.58,16.71,16.86,215237578,3659576919.9449997
2021-10-29 00:00:00+00:00,16.86,17.355,16.55,17.08,100560723,1705635562.9837499
2021-11-01 00:00:00+00:00,17.5,17.97,17.07,17.95,125246485,2207156181.9125
2021-11-02 00:00:00+00:00,18.15,18.19,17.73,18.01,115146196,2074934451.9200003
2021-11-03 00:00:00+00:00,17.92,18.83,17.88,18.63,104755458,1918596213.2699997
2021-11-04 00:00:00+00:00,18.92,19.5,18.72,19.42,157505547,3014656169.58
2021-11-05 00:00:00+00:00,19.71,19.72,18.99,19.29,122232174,2374665560.385
2021-11-08 00:00:00+00:00,19.4,20.42,19.24,20.15,153490430,3039494240.0750003
2021-11-09 00:00:00+00:00,20.505,20.51,19.41,20.12,164928461,3321040722.81125
2021-11-10 00:00:00+00:00,19.88,20.47,19.06,19.36,229109585,4511740502.6125
2021-11-11 00:00:00+00:00,19.64,19.84,19.2636,19.55,96436462,1887589445.3107998
2021-11-12 00:00:00+00:00,19.38,19.62,19.2101,19.5,77837876,1512197281.9369
2021-11-15 00:00:00+00:00,19.46,19.95,19.14,19.86,84838610,1663048852.5249999
2021-11-16 00:00:00+00:00,19.9,20.06,19.53,19.79,66557180,1319163307.6
2021-11-17 00:00:00+00:00,19.74,20.01,19.44,19.96,80855162,1599921518.075
2021-11-18 00:00:00+00:00,20.16,20.26,19.36,19.56,111368830,2209000743.05
2021-11-19 00:00:00+00:00,19.64,19.6669,19.24,19.39,64610377,1258883122.802825
2021-11-22 00:00:00+00:00,19.39,20.79,19.305,20.48,137861746,2756028629.7225003
2021-11-23 00:00:00+00:00,20.43,20.53,19.97,20.2,90984519,1845393506.6174998
2021-11-24 00:00:00+00:00,19.97,20.34,19.78,20.25,77324307,1553058706.095
2021-11-26 00:00:00+00:00,19.66,19.84,19.47,19.75,49434029,972861690.72
2021-11-29 00:00:00+00:00,20.07,20.19,19.49,19.67,68778690,1365600889.95
2021-11-30 00:00:00+00:00,19.62,19.95,19.03,19.19,103238403,2007728842.3425002
2021-12-01 00:00:00+00:00,19.63,20.47,19.53,19.58,125478335,2484784728.8374996
2021-12-02 00:00:00+00:00,19.5,20.11,19.28,19.87,94142272,1853661335.68
2021-12-03 00:00:00+00:00,20.37,20.4,18.93,19.14,120275163,2370623462.73
2021-12-06 00:00:00+00:00,19.23,19.49,18.6148,19.22,88147408,1687026797.4896
2021-12-07 00:00:00+00:00,19.65,20.06,19.52,19.96,75885619,1502345542.1525
2021-12-08 00:00:00+00:00,20.18,20.19,19.75,19.81,63246825,1263829680.5625
2021-12-09 00:00:00+00:00,19.76,19.93,19.54,19.57,63357578,1248144286.6
2021-12-10 00:00:00+00:00,19.77,21.49,19.7567,21.45,169657197,3497767291.9599752
2021-12-13 00:00:00+00:00,21.24,21.3,20.13,20.43,126632315,2630786344.125
2021-12-14 00:00:00+00:00,19.8,20.18,19.38,20.05,124559737,2472822178.7925
2021-12-15 00:00:00+00:00,19.99,20.33,19.55,20.19,79679724,1594789675.8599997
2021-12-16 00:00:00+00:00,20.57,21.1,20.26,20.35,107020894,2201419789.58
2021-12-17 00:00:00+00:00,20.03,20.24,19.6,19.77,98962927,1970351876.57
2021-12-20 00:00:00+00:00,19.46,19.6199,19.05,19.42,74565603,1445638764.0224252
2021-12-21 00:00:00+00:00,19.75,19.79,19.33,19.61,58930944,1156225121.2799997
2021-12-22 00:00:00+00:00,19.64,20.34,19.64,20.14,75806410,1511579815.4
2021-12-23 00:00:00+00:00,20.08,20.41,20.0,20.25,50610458,1021572094.7299999
2021-12-27 00:00:00+00:00,20.26,20.89,20.1,20.8,59651800,1223607547.5000002
2021-12-28 00:00:00+00:00,20.66,21.06,20.59,20.76,53020539,1101104043.6825001
2021-12-29 00:00:00+00:00,20.71,20.77,20.45,20.56,37882981,781241775.6725001
2021-12-30 00:00:00+00:00,20.59,20.96,20.47,20.47,51470113,1061442405.3425
2021-12-31 00:00:00+00:00,20.46,21.01,20.46,20.77,51899612,1073024478.1
2022-01-03 00:00:00+00:00,21.27,21.88,21.06,21.77,110964650,2385185151.7499995
2022-01-04 00:00:00+00:00,22.52,24.5576,22.42,24.31,311645226,7308672675.6294
2022-01-05 00:00:00+00:00,24.06,24.95,23.47,23.66,253540030,6093834621.049999
2022-01-06 00:00:00+00:00,24.09,24.62,23.36,24.46,155058829,3741957190.8425
2022-01-07 00:00:00+00:00,24.67,24.91,24.04,24.44,127017482,3113833571.23
2022-01-10 00:00:00+00:00,24.1,24.44,23.35,23.85,122800705,2939234874.175
2022-01-11 00:00:00+00:00,23.78,24.35,23.28,24.35,106011628,2537918374.3199997
2022-01-12 00:00:00+00:00,24.61,24.84,24.01,24.47,104049995,2547404002.5875
2022-01-13 00:00:00+00:00,24.64,25.87,24.37,25.02,185780529,4639868711.775001
2022-01-14 00:00:00+00:00,24.47,25.28,24.3,25.19,146012226,3622563327.06
2022-01-18 00:00:00+00:00,24.87,25.13,24.3,24.38,110820118,2733932311.06
2022-01-19 00:00:00+00:00,24.65,24.92,22.41,22.45,153198159,3616625538.5925
2022-01-20 00:00:00+00:00,21.88,22.88,21.57,21.65,152014122,3343550613.3899994
2022-01-21 00:00:00+00:00,21.21,21.5,20.54,20.65,145532883,3052552220.925
2022-01-24 00:00:00+00:00,19.93,20.47,18.8,20.39,186937311,3719585145.6225
2022-01-25 00:00:00+00:00,20.0,20.31,19.56,19.98,116775836,2331137626.15
2022-01-26 00:00:00+00:00,21.01,21.04,19.57,19.91,135786383,2767665951.4975
2022-01-27 00:00:00+00:00,20.31,20.65,19.41,19.55,105674407,2111374651.8599997
2022-01-28 00:00:00+00:00,19.32,19.55,18.9245,19.54,87677099,1695116153.1538749
2022-01-31 00:00:00+00:00,19.58,20.33,19.3701,20.3,91361949,1817648259.4037251
2022-02-01 00:00:00+00:00,20.61,20.85,19.92,20.66,117651761,2413037618.11
2022-02-02 00:00:00+00:00,20.81,21.05,20.18,20.63,95377617,1971216899.3475
2022-02-03 00:00:00+00:00,20.17,20.62,19.87,19.89,103015970,2074484095.8750002
2022-02-04 00:00:00+00:00,18.525,18.59,17.52,17.96,211100496,3831210126.7799997
2022-02-07 00:00:00+00:00,17.73,18.12,17.7,17.89,84609973,1511134117.78
2022-02-08 00:00:00+00:00,17.575,17.91,17.02,17.72,142694301,2505176821.9312496
2022-02-09 00:00:00+00:00,18.27,18.43,18.03,18.35,87118588,1591656602.7600002
2022-02-10 00:00:00+00:00,17.965,18.63,17.92,18.08,76195321,1382849831.99875
2022-02-11 00:00:00+00:00,18.1,18.36,17.42,17.55,94534092,1688142547.89
2022-02-14 00:00:00+00:00,17.51,17.7299,17.29,17.46,78625022,1375739356.8194501
2022-02-15 00:00:00+00:00,17.8,18.13,17.72,18.08,66043642,1184327610.1649997
2022-02-16 00:00:00+00:00,17.885,18.21,17.74,18.01,57442108,1031732062.3149999
2022-02-17 00:00:00+00:00,17.86,17.94,17.5,17.54,55368605,980577994.5500001
2022-02-18 00:00:00+00:00,17.6,18.48,17.57,18.04,106404212,1907029489.57
2022-02-22 00:00:00+00:00,17.67,17.76,17.07,17.29,98550682,1719463024.1950002
2022-02-23 00:00:00+00:00,17.5,17.73,16.88,16.95,79855388,1378703273.82
2022-02-24 00:00:00+00:00,15.99,17.19,15.955,17.15,110443935,1830194057.8687499
2022-02-25 00:00:00+00:00,17.25,17.9,17.12,17.83,78887954,1382511393.85
2022-02-28 00:00:00+00:00,17.34,17.675,17.2101,17.56,82367839,1437011970.349725
2022-03-01 00:00:00+00:00,17.41,17.41,16.45,16.7,94819514,1611220591.645
2022-03-02 00:00:00+00:00,17.5,18.249,17.295,18.1,138638206,2465819131.9160004
2022-03-03 00:00:00+00:00,18.25,18.25,17.44,17.6,95395521,1706148893.0849998
2022-03-04 00:00:00+00:00,17.35,17.39,16.64,16.85,91440118,1559739812.785
2022-03-07 00:00:00+00:00,16.84,16.9,15.97,15.97,87999215,1444947110.3
2022-03-08 00:00:00+00:00,16.06,16.72,15.77,16.03,101020299,1630972727.355
2022-03-09 00:00:00+00:00,16.65,16.83,16.28,16.37,62846720,1039013398.4
2022-03-10 00:00:00+00:00,16.11,16.405,15.76,16.33,72992643,1178922425.2537498
2022-03-11 00:00:00+00:00,16.4,16.48,16.01,16.04,54985888,892558426.96
2022-03-14 00:00:00+00:00,16.085,16.23,15.51,15.74,66341703,1054252587.7987499
2022-03-15 00:00:00+00:00,15.77,16.14,15.53,16.06,65263720,1036061555.0
2022-03-16 00:00:00+00:00,16.47,16.6298,16.06,16.58,82677638,1358802846.6481001
2022-03-17 00:00:00+00:00,16.23,16.58,16.16,16.58,58500236,958672617.4499999
2022-03-18 00:00:00+00:00,16.42,16.895,16.28,16.86,89144035,1481016711.48125
2022-03-21 00:00:00+00:00,16.87,17.1055,16.33,16.48,72583599,1211882987.753625
2022-03-22 00:00:00+00:00,16.72,17.305,16.7001,17.09,77647141,1316412157.907275
2022-03-23 00:00:00+00:00,16.82,17.05,16.565,16.68,63296760,1062040511.8500001
2022-03-24 00:00:00+00:00,16.74,16.98,16.64,16.83,56314211,945937959.2724999
2022-03-25 00:00:00+00:00,16.74,16.78,16.34,16.47,62023077,1028497674.3525
2022-03-28 00:00:00+00:00,16.55,16.68,16.28,16.67,54634367,903925602.0150001
2022-03-29 00:00:00+00:00,17.01,17.8,17.01,17.75,90676867,1577097409.2975001
2022-03-30 00:00:00+00:00,17.52,17.66,17.2,17.27,57853378,1007371944.4249998
2022-03-31 00:00:00+00:00,17.2,17.35,16.5,16.91,52529385,892474251.15
2022-04-01 00:00:00+00:00,17.01,17.15,16.34,16.65,64695720,1086079399.5
2022-04-04 00:00:00+00:00,16.66,16.73,16.36,16.66,51272017,851243662.2425
2022-04-05 00:00:00+00:00,16.46,16.62,15.81,15.82,91708013,1483606380.3075001
2022-04-06 00:00:00+00:00,15.6,15.7971,15.18,15.39,102881637,1593819172.035675
2022-04-07 00:00:00+00:00,15.07,15.205,14.56,14.96,101229103,1513248553.47125
2022-04-08 00:00:00+00:00,14.94,15.44,14.81,15.05,75085830,1130792599.8
2022-04-11 00:00:00+00:00,14.89,15.77,14.89,15.28,66117103,1005475843.8725
2022-04-12 00:00:00+00:00,15.5,15.72,15.28,15.36,49138730,759930459.45
2022-04-13 00:00:00+00:00,15.31,15.545,15.22,15.51,51871792,798631077.58
2022-04-14 00:00:00+00:00,15.5,15.76,15.46,15.48,39312913,611315797.15
2022-04-18 00:00:00+00:00,15.37,15.79,15.37,15.67,40205834,625200718.6999999
2022-04-19 00:00:00+00:00,15.74,16.23,15.74,16.15,55398336,884434434.24
2022-04-20 00:00:00+00:00,16.23,16.55,16.005,16.05,47351527,767509063.2612499
2022-04-21 00:00:00+00:00,16.48,16.57,15.61,15.7,49898525,802867267.25
2022-04-22 00:00:00+00:00,15.55,15.64,15.0,15.13,56193732,861449911.5600001
2022-04-25 00:00:00+00:00,14.91,15.2,14.615,15.19,58361444,874181479.3149999
2022-04-26 00:00:00+00:00,15.1,15.14,14.67,14.71,60345349,899447426.845
2022-04-27 00:00:00+00:00,14.79,15.0981,14.6,14.85,65847946,976823001.13565
2022-04-28 00:00:00+00:00,14.91,14.99,13.9,14.62,131556516,1921382916.1799998
2022-04-29 00:00:00+00:00,14.59,14.97,14.095,14.16,83184883,1202333502.6612499
2022-05-02 00:00:00+00:00,14.02,14.29,13.82,14.27,64733985,912749188.4999999
2022-05-03 00:00:00+00:00,14.31,14.75,14.2,14.56,55734191,805637730.9050001
2022-05-04 00:00:00+00:00,14.505,15.0,14.26,14.98,59774925,877869492.2812501
2022-05-05 00:00:00+00:00,14.82,14.82,14.335,14.53,57889180,846701618.975
2022-05-06 00:00:00+00:00,14.46,14.6,14.0,14.21,66622187,953863162.3725001
2022-05-09 00:00:00+00:00,13.85,14.17,13.31,13.37,71241967,974233898.7249999
2022-05-10 00:00:00+00:00,13.8,13.84,13.02,13.35,75506696,1019529162.74
2022-05-11 00:00:00+00:00,13.2,13.62,12.79,12.83,71644862,939264140.8199999
2022-05-12 00:00:00+00:00,12.21,12.8,12.15,12.44,113203905,1403728422.0
2022-05-13 00:00:00+00:00,12.88,13.63,12.87,13.5,78944174,1043641980.2800001
2022-05-16 00:00:00+00:00,13.49,13.52,12.98,13.05,65055361,862634086.8599999
2022-05-17 00:00:00+00:00,13.34,13.53,13.16,13.53,50891367,681435404.13
2022-05-18 00:00:00+00:00,13.25,13.36,12.71,12.78,68362515,890421757.875
2022-05-19 00:00:00+00:00,12.64,13.12,12.63,12.85,58459580,748867219.8000001
2022-05-20 00:00:00+00:00,13.05,13.12,12.07,12.5,78183396,991756378.26
2022-05-23 00:00:00+00:00,12.64,12.95,12.495,12.83,51929583,660998679.61125
2022-05-24 00:00:00+00:00,12.6,12.68,12.27,12.42,51082798,638151854.015
2022-05-25 00:00:00+00:00,12.33,12.81,12.32,12.71,41193123,516664745.2275
2022-05-26 00:00:00+00:00,12.8,13.2,12.79,13.12,45709234,593191584.235
2022-05-27 00:00:00+00:00,13.26,13.63,13.24,13.63,54195687,728390033.2800001
2022-05-31 00:00:00+00:00,13.68,13.82,13.35,13.68,79689888,1086372398.16
2022-06-01 00:00:00+00:00,13.88,13.97,13.4,13.55,50726208,694949049.5999999
2022-06-02 00:00:00+00:00,13.64,13.96,13.6,13.89,42979744,591938524.24
2022-06-03 00:00:00+00:00,13.63,13.775,13.36,13.5,43625247,591831007.11375
2022-06-06 00:00:00+00:00,13.74,13.74,13.38,13.46,37711084,512116520.72
2022-06-07 00:00:00+00:00,13.26,13.77,13.185,13.74,38940314,525256160.46750003
2022-06-08 00:00:00+00:00,13.63,13.85,13.44,13.53,39441855,536902251.1875
2022-06-09 00:00:00+00:00,13.51,13.59,13.28,13.28,30516275,409375829.125
2022-06-10 00:00:00+00:00,13.0,13.21,12.63,12.75,55684140,718186195.6500001
2022-06-13 00:00:00+00:00,12.3,12.38,11.74,11.81,80676250,972753884.3750001
2022-06-14 00:00:00+00:00,11.99,12.42,11.91,12.2,82369315,999139790.9499999
2022-06-15 00:00:00+00:00,12.22,12.42,12.0,12.27,70393220,860733097.55
2022-06-16 00:00:00+00:00,11.8,11.91,11.12,11.25,80380104,925978798.0799999
2022-06-17 00:00:00+00:00,11.24,11.44,10.9,11.23,80248810,898987294.0250001
2022-06-21 00:00:00+00:00,11.55,11.655,11.35,11.46,66283391,762507559.2162501
2022-06-22 00:00:00+00:00,11.26,11.68,11.21,11.48,46171774,526704511.905
2022-06-23 00:00:00+00:00,11.5,11.58,11.25,11.56,53654975,615556700.6875
2022-06-24 00:00:00+00:00,11.65,12.12,11.57,12.01,55457632,656479718.8000001
2022-06-27 00:00:00+00:00,12.12,12.18,11.9,12.04,44009930,530759755.79999995
2022-06-28 00:00:00+00:00,12.14,12.435,11.8,11.81,45920625,553171328.90625
2022-06-29 00:00:00+00:00,11.74,11.76,11.38,11.52,39474169,457900360.40000004
2022-06-30 00:00:00+00:00,11.24,11.36,10.93,11.13,59238167,661394134.5550001
2022-07-01 00:00:00+00:00,11.1,11.5,10.99,11.32,54355968,610281630.72
2022-07-05 00:00:00+00:00,11.05,11.21,10.61,11.2,87459036,963579929.1300001
2022-07-06 00:00:00+00:00,11.15,11.27,10.84,11.06,71282906,789814598.4800001
2022-07-07 00:00:00+00:00,11.33,11.72,11.33,11.65,63000442,724977586.315
2022-07-08 00:00:00+00:00,11.65,11.78,11.48,11.62,55235554,642527581.905
2022-07-11 00:00:00+00:00,11.54,11.66,11.27,11.29,48889102,559291326.88
2022-07-12 00:00:00+00:00,11.29,11.72,11.27,11.56,58414501,669430181.46
2022-07-13 00:00:00+00:00,11.31,11.58,11.17,11.51,48274267,549964586.7975
2022-07-14 00:00:00+00:00,11.22,11.4,11.14,11.39,48176330,543790324.8750001
2022-07-15 00:00:00+00:00,11.58,11.9,11.49,11.88,49306946,577507605.025
2022-07-18 00:00:00+00:00,12.15,12.25,11.9,11.96,45873440,553463053.6
2022-07-19 00:00:00+00:00,12.22,12.69,12.21,12.59,62650805,778592879.1375002
2022-07-20 00:00:00+00:00,12.6,12.82,12.51,12.73,51932197,657721275.005
2022-07-21 00:00:00+00:00,12.88,13.0,12.63,13.0,66949188,862138168.47
2022-07-22 00:00:00+00:00,13.1,13.14,12.72,12.82,46724714,604851422.73
2022-07-25 00:00:00+00:00,12.85,12.99,12.6,12.84,36830490,472166881.8
2022-07-26 00:00:00+00:00,12.68,12.76,12.46,12.54,49272323,621323993.03
2022-07-27 00:00:00+00:00,12.75,13.19,12.63,13.19,64572325,835565885.5
2022-07-28 00:00:00+00:00,13.94,14.09,13.38,14.0,144096499,1996096752.3975
2022-07-29 00:00:00+00:00,14.11,14.785,14.005,14.69,94551572,1361306257.87
2022-08-01 00:00:00+00:00,14.66,15.43,14.55,15.34,109521677,1642277546.615
2022-08-02 00:00:00+00:00,15.2,15.45,15.12,15.16,74626779,1136752411.1174998
2022-08-03 00:00:00+00:00,15.48,16.15,15.46,15.69,95846013,1504303174.035
2022-08-04 00:00:00+00:00,15.65,15.67,15.31,15.37,85039839,1318117504.5
2022-08-05 00:00:00+00:00,15.23,15.47,15.13,15.3,68093520,1040639219.4000002
2022-08-08 00:00:00+00:00,15.57,16.04,15.55,15.78,76118738,1197728342.43
2022-08-09 00:00:00+00:00,15.66,15.7,15.15,15.19,67676780,1043914331.4999999
2022-08-10 00:00:00+00:00,15.47,15.58,15.23,15.5,71607001,1105970130.445
2022-08-11 00:00:00+00:00,15.8,15.92,15.61,15.83,61567000,972142930.0
2022-08-12 00:00:00+00:00,15.95,16.22,15.84,16.18,53182530,853446650.175
2022-08-15 00:00:00+00:00,16.0,16.45,15.94,16.32,51779617,837664754.0175002
2022-08-16 00:00:00+00:00,16.3,16.68,16.26,16.43,54028885,887019219.4875002
2022-08-17 00:00:00+00:00,16.16,16.27,15.9,16.03,57118345,919034171.05
2022-08-18 00:00:00+00:00,15.99,16.21,15.86,16.15,39414243,632697135.7575
2022-08-19 00:00:00+00:00,15.95,16.14,15.77,15.88,48597181,774396079.235
2022-08-22 00:00:00+00:00,15.08,15.21,14.91,15.08,71321795,1074819450.65
2022-08-23 00:00:00+00:00,15.09,15.42,15.09,15.32,51288975,781131089.2499999
2022-08-24 00:00:00+00:00,15.32,15.66,15.2401,15.52,39508694,609817679.60735
2022-08-25 00:00:00+00:00,15.6,16.04,15.58,15.93,56401265,890434971.1875
2022-08-26 00:00:00+00:00,16.01,16.09,15.41,15.41,54517255,857556421.15
2022-08-29 00:00:00+00:00,15.2,15.71,15.19,15.57,50416542,777297036.285
2022-08-30 00:00:00+00:00,15.7,15.8,15.17,15.45,66034356,1025513548.6800001
2022-08-31 00:00:00+00:00,15.52,15.52,15.24,15.24,52058156,800654439.2800001
2022-09-01 00:00:00+00:00,15.1,15.215,14.78,15.19,65299769,984149143.54125
2022-09-02 00:00:00+00:00,15.53,15.57,15.06,15.16,64565407,989787689.3100001
2022-09-06 00:00:00+00:00,15.22,15.24,14.84,15.03,58676732,884991810.39
2022-09-07 00:00:00+00:00,14.91,15.49,14.79,15.43,55087213,834846713.015
2022-09-08 00:00:00+00:00,15.16,15.48,15.02,15.47,60075903,918109987.5975
2022-09-09 00:00:00+00:00,15.6,15.7,15.32,15.42,63420466,983651427.66
2022-09-12 00:00:00+00:00,15.55,15.74,15.45,15.54,52656461,819861097.77
2022-09-13 00:00:00+00:00,15.0,15.13,14.7,14.74,80842450,1203946186.625
2022-09-14 00:00:00+00:00,14.76,14.85,14.445,14.66,59571803,874439603.28625
2022-09-15 00:00:00+00:00,14.69,15.21,14.68,14.89,61377049,912523276.0074999
2022-09-16 00:00:00+00:00,14.62,14.74,14.47,14.72,68454782,1002006871.525
2022-09-19 00:00:00+00:00,14.5,14.96,14.49,14.93,48696197,716808019.84
2022-09-20 00:00:00+00:00,14.09,14.23,13.01,13.09,196339973,2671205332.665
2022-09-21 00:00:00+00:00,13.24,13.59,13.05,13.05,94271643,1247449515.9975
2022-09-22 00:00:00+00:00,13.12,13.24,12.75,12.77,82004427,1063597418.1899999
2022-09-23 00:00:00+00:00,12.33,12.44,11.95,12.31,104043687,1275315493.4025
2022-09-26 00:00:00+00:00,12.21,12.38,11.93,11.99,89300368,1082990212.92
2022-09-27 00:00:00+00:00,12.21,12.22,11.66,11.91,87044435,1044533220.0
2022-09-28 00:00:00+00:00,11.91,12.24,11.76,12.18,72701565,874054565.2125
2022-09-29 00:00:00+00:00,11.85,11.88,11.36,11.47,84534890,983986119.6
2022-09-30 00:00:00+00:00,11.39,11.53,11.19,11.2,71688194,812048017.5350001
2022-10-03 00:00:00+00:00,11.38,11.59,11.13,11.47,66198347,754164668.1975
2022-10-04 00:00:00+00:00,11.96,12.37,11.94,12.36,87629236,1065352436.67
2022-10-05 00:00:00+00:00,12.38,12.56,12.13,12.51,87919089,1089757108.155
2022-10-06 00:00:00+00:00,12.36,12.6299,12.19,12.36,64531939,799226451.216525
2022-10-07 00:00:00+00:00,12.18,12.3,12.0,12.2,56494457,687537541.69
2022-10-10 00:00:00+00:00,11.47,11.55,11.2,11.36,115548904,1316679761.08
2022-10-11 00:00:00+00:00,11.3,11.87,11.18,11.56,75173184,862800219.36
2022-10-12 00:00:00+00:00,11.48,11.7,11.35,11.54,59628549,686771813.1075
2022-10-13 00:00:00+00:00,11.24,11.89,11.2,11.77,70487428,812367607.6999999
2022-10-14 00:00:00+00:00,11.8,11.85,11.56,11.67,55154053,646405501.1600001
2022-10-17 00:00:00+00:00,11.98,11.99,11.66,11.83,59561711,706699701.0149999
2022-10-18 00:00:00+00:00,12.22,12.25,11.91,12.03,53603361,648734676.5024999
2022-10-19 00:00:00+00:00,11.91,12.14,11.86,12.13,54130042,650101804.42
2022-10-20 00:00:00+00:00,12.13,12.195,11.73,11.77,55568061,664385629.3312501
2022-10-21 00:00:00+00:00,11.74,12.25,11.675,12.19,55132743,659594354.0662501
2022-10-24 00:00:00+00:00,12.3,12.65,12.18,12.48,64717741,802661782.7524999
2022-10-25 00:00:00+00:00,12.58,13.03,12.46,12.83,66391637,844833580.8249999
2022-10-26 00:00:00+00:00,12.8,13.06,12.52,12.82,86986066,1113421644.8
2022-10-27 00:00:00+00:00,12.77,13.22,12.42,13.0,88421541,1136437855.7025
2022-10-28 00:00:00+00:00,13.0,13.31,12.97,13.26,55777905,732642782.175
2022-10-31 00:00:00+00:00,13.15,13.51,13.14,13.37,54676666,726789582.805
2022-11-01 00:00:00+00:00,13.57,13.645,13.155,13.4,47454702,637909831.635
2022-11-02 00:00:00+00:00,13.215,13.67,13.06,13.06,73673501,976265980.12625
2022-11-03 00:00:00+00:00,12.81,13.46,12.77,13.26,58782591,768582377.325
2022-11-04 00:00:00+00:00,13.57,13.77,13.27,13.51,61489097,831947482.41
2022-11-07 00:00:00+00:00,13.61,13.76,13.37,13.7,48176910,655687745.1
2022-11-08 00:00:00+00:00,13.78,13.8,13.51,13.72,52731899,722558846.0474999
2022-11-09 00:00:00+00:00,13.57,13.7,13.28,13.31,74199228,999092605.02
2022-11-10 00:00:00+00:00,13.69,14.36,13.67,14.18,75638492,1057047925.6999999
2022-11-11 00:00:00+00:00,14.26,14.666,14.2,14.5,60187621,867092961.9365001
2022-11-14 00:00:00+00:00,14.23,14.35,14.06,14.06,57691628,817778826.9000001
2022-11-15 00:00:00+00:00,14.29,14.58,14.2,14.3,61835728,886878928.8399998
2022-11-16 00:00:00+00:00,14.1,14.165,13.84,13.9,47484181,664837889.22625
2022-11-17 00:00:00+00:00,13.66,13.91,13.55,13.91,54317918,747278756.885
2022-11-18 00:00:00+00:00,14.08,14.13,13.8201,13.99,37101866,519612560.87665004
2022-11-21 00:00:00+00:00,13.86,14.0399,13.66,13.95,34087072,473042489.5032
2022-11-22 00:00:00+00:00,14.045,14.15,13.9836,14.07,28738809,404129442.97935003
2022-11-23 00:00:00+00:00,14.0,14.06,13.85,14.03,25974213,363249368.805
2022-11-25 00:00:00+00:00,13.96,14.11,13.9,14.08,12980862,181894328.77499998
2022-11-28 00:00:00+00:00,13.94,13.96,13.7,13.73,35299129,488275201.8925
2022-11-29 00:00:00+00:00,13.85,13.9,13.71,13.75,28380813,391726171.4325
2022-11-30 00:00:00+00:00,13.78,13.95,13.45,13.9,61537327,847368992.7899998
2022-12-01 00:00:00+00:00,14.09,14.36,14.0,14.08,45335140,640698866.0500001
2022-12-02 00:00:00+00:00,13.84,13.9672,13.75,13.86,42417381,587663121.5883
2022-12-05 00:00:00+00:00,13.75,13.7699,13.37,13.38,39714532,538825920.0467
2022-12-06 00:00:00+00:00,13.42,13.565,13.06,13.28,39995955,533196075.09375
2022-12-07 00:00:00+00:00,13.2,13.42,13.09,13.1,36609793,483340792.0825
2022-12-08 00:00:00+00:00,13.2,13.26,13.07,13.12,32376250,426152390.625
2022-12-09 00:00:00+00:00,13.04,13.36,13.04,13.18,41553557,546637042.3349999
2022-12-12 00:00:00+00:00,13.2,13.47,13.1,13.46,35473847,472068218.95250005
2022-12-13 00:00:00+00:00,13.78,13.92,13.37,13.57,57872139,790533418.74
2022-12-14 00:00:00+00:00,13.57,13.775,13.36,13.48,51199900,693566645.375
2022-12-15 00:00:00+00:00,13.23,13.26,12.95,13.03,55725328,730976990.04
2022-12-16 00:00:00+00:00,12.77,12.82,12.08,12.12,118345741,1473108611.0975
2022-12-19 00:00:00+00:00,12.12,12.17,11.54,11.69,88062513,1046182654.4399999
2022-12-20 00:00:00+00:00,11.65,11.68,11.12,11.47,82057926,942024990.4799999
2022-12-21 00:00:00+00:00,11.61,11.79,11.55,11.78,49256033,575433605.5225
2022-12-22 00:00:00+00:00,11.535,11.54,11.1,11.31,75158742,854648844.9675
2022-12-23 00:00:00+00:00,11.27,11.4,11.22,11.36,38200652,432144875.75
2022-12-27 00:00:00+00:00,11.28,11.39,11.13,11.2,44837433,504421121.25
2022-12-28 00:00:00+00:00,11.18,11.25,10.9,10.95,49375402,546585700.14
2022-12-29 00:00:00+00:00,11.08,11.55,11.05,11.54,53550262,605385711.9100001
2022-12-30 00:00:00+00:00,11.4,11.64,11.39,11.63,39232216,451758967.24
2023-01-03 00:00:00+00:00,11.82,11.92,11.57,11.68,45809007,538141309.7325001
2023-01-04 00:00:00+00:00,11.88,12.08,11.735,12.01,53429707,637216043.10875
2023-01-05 00:00:00+00:00,12.11,12.38,11.88,12.25,50785595,617298907.225
2023-01-06 00:00:00+00:00,12.12,12.59,12.1,12.58,53089146,655518230.235
2023-01-09 00:00:00+00:00,12.74,12.93,12.55,12.69,50865464,647390193.06
2023-01-10 00:00:00+00:00,12.68,12.87,12.5,12.84,47065515,598791014.5875
2023-01-11 00:00:00+00:00,12.93,13.26,12.89,13.22,51911556,678743594.6999999
2023-01-12 00:00:00+00:00,13.27,13.53,13.11,13.43,58113722,774946482.87
2023-01-13 00:00:00+00:00,12.63,12.82,12.47,12.72,96444004,1220981090.64
2023-01-17 00:00:00+00:00,12.71,12.85,12.43,12.67,60774868,769713703.22
2023-01-18 00:00:00+00:00,12.79,12.85,12.4,12.41,48774393,615167031.7125
2023-01-19 00:00:00+00:00,12.29,12.36,12.04,12.18,52918479,646531517.1825
2023-01-20 00:00:00+00:00,12.21,12.42,12.08,12.4,44349210,544497425.775
2023-01-23 00:00:00+00:00,12.48,12.91,12.43,12.8,49688044,628802196.82
2023-01-24 00:00:00+00:00,12.68,12.9,12.62,12.74,41537449,528979413.015
2023-01-25 00:00:00+00:00,12.6,12.85,12.485,12.79,37739031,478578086.86875004
2023-01-26 00:00:00+00:00,12.99,13.065,12.71,12.92,48970872,632764879.83
2023-01-27 00:00:00+00:00,12.88,13.365,12.87,13.27,62114602,813468356.4425001
2023-01-30 00:00:00+00:00,13.01,13.2,12.86,12.89,64512600,838018674.0
2023-01-31 00:00:00+00:00,13.39,13.57,13.25,13.51,83093269,1115942602.67
2023-02-01 00:00:00+00:00,13.52,13.99,13.49,13.79,70640965,967604618.0875
2023-02-02 00:00:00+00:00,14.17,14.6,14.03,14.32,102579799,1464839529.72
2023-02-03 00:00:00+00:00,13.05,13.6099,12.78,13.23,165500170,2179219350.97075
2023-02-06 00:00:00+00:00,13.16,13.21,12.78,13.14,77262802,1010017979.145
2023-02-07 00:00:00+00:00,13.08,13.51,12.98,13.45,70671095,936745364.2249999
2023-02-08 00:00:00+00:00,13.3,13.69,13.3,13.42,62028355,832885736.7625002
2023-02-09 00:00:00+00:00,13.655,13.93,13.4,13.49,78667123,1071347881.35625
2023-02-10 00:00:00+00:00,12.84,12.9,12.51,12.73,68205167,869274853.4150001
2023-02-13 00:00:00+00:00,12.71,13.1,12.7,13.09,64201899,828204497.1000001
2023-02-14 00:00:00+00:00,12.99,13.19,12.815,12.97,75352906,978928440.0724999
2023-02-15 00:00:00+00:00,12.75,12.94,12.6,12.93,66050079,845771261.595
2023-02-16 00:00:00+00:00,12.73,13.14,12.51,12.91,64145476,822505366.0100001
2023-02-17 00:00:00+00:00,12.82,12.94,12.65,12.89,54401004,697692876.3
2023-02-21 00:00:00+00:00,12.72,12.81,12.17,12.2,77724245,969609956.3750001
2023-02-22 00:00:00+00:00,12.24,12.31,12.14,12.21,52844734,646026873.15
2023-02-23 00:00:00+00:00,12.32,12.36,11.88,12.07,57952832,704561555.0400001
2023-02-24 00:00:00+00:00,11.82,11.976,11.75,11.88,50631582,600313351.983
2023-02-27 00:00:00+00:00,11.975,12.42,11.96,12.06,60378082,730801210.0075
2023-02-28 00:00:00+00:00,12.07,12.18,12.01,12.07,59796834,722495246.805
2023-03-01 00:00:00+00:00,12.35,12.54,12.17,12.32,85328789,1053383900.205
2023-03-02 00:00:00+00:00,12.38,12.55,12.23,12.55,78392015,974216766.4124999
2023-03-03 00:00:00+00:00,12.72,13.105,12.65,13.08,80080208,1032133780.86
2023-03-06 00:00:00+00:00,13.08,13.18,12.93,12.98,50571191,659574758.6175001
2023-03-07 00:00:00+00:00,12.94,12.98,12.78,12.83,46540445,599557282.7125
2023-03-08 00:00:00+00:00,12.78,13.01,12.71,12.98,46421009,597438385.83
2023-03-09 00:00:00+00:00,13.02,13.08,12.44,12.45,65423519,833986308.4524999
2023-03-10 00:00:00+00:00,12.43,12.51,12.0,12.1,73897397,905982087.22
2023-03-13 00:00:00+00:00,11.93,12.305,11.32,12.03,119167591,1417647454.43375
2023-03-14 00:00:00+00:00,12.21,12.31,11.77,11.93,93844167,1131291433.1850002
2023-03-15 00:00:00+00:00,11.495,11.73,11.32,11.71,108909267,1259399536.27125
2023-03-16 00:00:00+00:00,11.53,11.89,11.42,11.82,74066944,863990901.7600001
2023-03-17 00:00:00+00:00,11.7,11.725,11.12,11.3,249885126,2863995900.3675
2023-03-20 00:00:00+00:00,11.33,11.48,11.15,11.18,74975054,846093484.39
2023-03-21 00:00:00+00:00,11.4,11.78,11.38,11.72,74794901,865377004.57
2023-03-22 00:00:00+00:00,11.76,11.94,11.47,11.48,69729141,813216106.9125001
2023-03-23 00:00:00+00:00,11.65,11.78,11.27,11.42,74225336,855818124.08
2023-03-24 00:00:00+00:00,11.32,11.51,11.18,11.51,72584554,826012224.52
2023-03-27 00:00:00+00:00,11.63,11.7,11.41,11.52,55941139,646959272.5349998
2023-03-28 00:00:00+00:00,11.55,11.65,11.46,11.6,41385908,478628026.02000004
2023-03-29 00:00:00+00:00,11.78,12.06,11.71,12.05,48655408,578999355.1999999
2023-03-30 00:00:00+00:00,12.28,12.39,12.2,12.29,57751293,709763390.97
2023-03-31 00:00:00+00:00,12.41,12.63,12.39,12.6,66868199,836353998.9925001
2023-04-03 00:00:00+00:00,12.525,12.73,12.48,12.68,55956287,705259052.27625
2023-04-04 00:00:00+00:00,12.77,12.85,12.51,12.72,54655660,694810077.7499999
2023-04-05 00:00:00+00:00,12.58,12.65,12.22,12.43,53332895,665061200.65
2023-04-06 00:00:00+00:00,12.415,12.48,12.29,12.33,36355779,450039099.29625
2023-04-10 00:00:00+00:00,12.2,12.72,12.16,12.72,61326170,763510816.5
2023-04-11 00:00:00+00:00,12.79,13.07,12.785,12.87,63633649,819521857.0587499
2023-04-12 00:00:00+00:00,13.06,13.08,12.65,12.67,53845481,692722113.065
2023-04-13 00:00:00+00:00,12.64,12.64,12.22,12.46,75485674,942816068.26
2023-04-14 00:00:00+00:00,12.45,12.66,12.42,12.52,43541955,544818711.9375
2023-04-17 00:00:00+00:00,12.5,12.68,12.455,12.68,40191114,505553975.22749996
2023-04-18 00:00:00+00:00,12.7,12.76,12.62,12.73,38865869,493693700.9725
2023-04-19 00:00:00+00:00,12.6,12.6,12.17,12.22,69451849,861029297.9775
2023-04-20 00:00:00+00:00,11.81,11.93,11.55,11.87,79563052,938048383.08
2023-04-21 00:00:00+00:00,11.9,11.917,11.66,11.81,46926458,554752854.8615
2023-04-24 00:00:00+00:00,11.89,12.18,11.88,12.16,57794695,695125694.1125
2023-04-25 00:00:00+00:00,11.97,11.98,11.7,11.77,63114709,748224875.195
2023-04-26 00:00:00+00:00,11.8,11.86,11.51,11.54,58105314,678524804.235
2023-04-27 00:00:00+00:00,11.61,11.71,11.44,11.61,53280322,617652132.785
2023-04-28 00:00:00+00:00,11.59,11.94,11.57,11.88,55045022,646503783.3900001
2023-05-01 00:00:00+00:00,12.005,12.29,11.99,12.06,59834199,723171087.66375
2023-05-02 00:00:00+00:00,12.05,12.09,11.66,11.8,91090362,1083975307.8
2023-05-03 00:00:00+00:00,11.74,12.09,11.73,11.79,94050677,1113324888.9875
2023-05-04 00:00:00+00:00,11.8,11.83,11.47,11.56,79792934,930784575.11
2023-05-05 00:00:00+00:00,11.79,12.04,11.72,11.99,64173265,762699254.525
2023-05-08 00:00:00+00:00,12.02,12.055,11.85,12.02,49943813,598639028.57125
2023-05-09 00:00:00+00:00,11.89,11.93,11.78,11.86,42878330,508751385.45
2023-05-10 00:00:00+00:00,12.02,12.04,11.73,11.89,49193077,586381477.84
2023-05-11 00:00:00+00:00,11.83,11.88,11.755,11.87,43030794,509215658.4975
2023-05-12 00:00:00+00:00,11.93,11.94,11.65,11.67,45155446,532721374.185
2023-05-15 00:00:00+00:00,11.7,11.72,11.59,11.64,53196967,620409627.6375
2023-05-16 00:00:00+00:00,11.55,11.58,11.24,11.25,60514939,690172879.2950001
2023-05-17 00:00:00+00:00,11.35,11.64,11.32,11.5,50077493,573512488.5825
2023-05-18 00:00:00+00:00,11.46,11.66,11.45,11.64,38181421,441090866.1025
2023-05-19 00:00:00+00:00,11.66,11.77,11.54,11.65,43474192,506691707.76
2023-05-22 00:00:00+00:00,11.71,11.73,11.37,11.63,57417158,666613204.3800001
2023-05-23 00:00:00+00:00,11.53,11.91,11.53,11.73,56843819,663651586.825
2023-05-24 00:00:00+00:00,11.64,11.65,11.25,11.33,71391019,818676510.3824999
2023-05-25 00:00:00+00:00,11.33,11.52,11.33,11.38,51328854,584635647.0600001
2023-05-26 00:00:00+00:00,11.59,12.29,11.54,12.09,123257508,1463991051.2700002
2023-05-30 00:00:00+00:00,12.65,12.78,12.5129,12.59,86226891,1089323715.053475
2023-05-31 00:00:00+00:00,12.48,12.49,11.96,12.0,86275276,1055362313.67
2023-06-01 00:00:00+00:00,12.065,12.18,11.84,12.11,64407823,776033757.3712499
2023-06-02 00:00:00+00:00,12.26,12.51,12.14,12.39,65261190,804344166.75
2023-06-05 00:00:00+00:00,12.66,12.72,12.5,12.59,49890207,629489686.8225
2023-06-06 00:00:00+00:00,12.39,12.93,12.39,12.93,57258449,724891964.34
2023-06-07 00:00:00+00:00,13.02,13.6,12.98,13.59,99341981,1320999992.3474998
2023-06-08 00:00:00+00:00,13.53,13.74,13.46,13.58,64254707,872418284.2925
2023-06-09 00:00:00+00:00,13.83,14.03,13.7,13.74,70329520,972305614.0000001
2023-06-12 00:00:00+00:00,13.8,13.8847,13.65,13.78,44628274,614918483.25695
2023-06-13 00:00:00+00:00,13.9,14.17,13.89,14.13,61781143,866326077.7175001
2023-06-14 00:00:00+00:00,14.25,14.45,13.97,14.2,69748538,991649839.0150001
2023-06-15 00:00:00+00:00,14.12,14.5,14.12,14.45,61463420,878773247.4499999
2023-06-16 00:00:00+00:00,14.52,14.61,14.32,14.42,75398063,1090821476.4525
2023-06-20 00:00:00+00:00,14.3,14.42,13.98,14.22,56645775,806069378.25
2023-06-21 00:00:00+00:00,14.24,14.28,13.94,14.02,49984276,705777977.12
2023-06-22 00:00:00+00:00,13.91,14.3,13.89,14.19,46862483,659472292.0175
2023-06-23 00:00:00+00:00,13.93,14.15,13.92,14.02,48260245,675884731.2249999
2023-06-26 00:00:00+00:00,14.01,14.23,13.99,14.11,44956274,633209119.2900001
2023-06-27 00:00:00+00:00,14.19,14.455,14.06,14.41,49813098,711268773.0675
2023-06-28 00:00:00+00:00,14.39,14.79,14.37,14.79,58380778,851483647.13
2023-06-29 00:00:00+00:00,14.87,15.13,14.79,14.95,58488577,873526897.4949999
2023-06-30 00:00:00+00:00,15.05,15.23,14.96,15.13,54036917,815552169.8225001
2023-07-03 00:00:00+00:00,15.15,15.4,15.15,15.24,29412748,448103215.78000003
2023-07-05 00:00:00+00:00,15.21,15.42,15.12,15.35,52003891,794359435.025
2023-07-06 00:00:00+00:00,15.17,15.25,14.88,14.98,64914441,978260625.87
2023-07-07 00:00:00+00:00,14.99,15.24,14.94,14.98,53375490,802633930.8750001
2023-07-10 00:00:00+00:00,14.96,15.09,14.83,15.07,51881975,777581100.3125
2023-07-11 00:00:00+00:00,15.07,15.25,14.97,15.23,45849717,693706218.2099999
2023-07-12 00:00:00+00:00,15.37,15.42,15.2,15.22,47636769,728961657.6225
2023-07-13 00:00:00+00:00,15.27,15.28,15.0801,15.19,49664260,755146314.9065
2023-07-14 00:00:00+00:00,15.23,15.27,14.91,14.98,48747870,735970967.325
2023-07-17 00:00:00+00:00,14.58,14.63,14.09,14.09,99402099,1426171615.4025
2023-07-18 00:00:00+00:00,13.95,14.17,13.92,14.17,71775088,1008619424.12
2023-07-19 00:00:00+00:00,14.14,14.26,14.06,14.1,58280814,824090709.96
2023-07-20 00:00:00+00:00,14.03,14.08,13.9,14.03,45952606,643796010.06
2023-07-21 00:00:00+00:00,14.13,14.16,13.75,13.93,55800462,780787964.535
2023-07-24 00:00:00+00:00,13.89,14.02,13.85,13.96,46686966,650349436.38
2023-07-25 00:00:00+00:00,13.86,13.86,13.56,13.58,58772710,806067717.65
2023-07-26 00:00:00+00:00,13.55,13.75,13.52,13.67,42019688,572413199.78
2023-07-27 00:00:00+00:00,13.83,13.98,13.7,13.73,67313469,929599006.8900001
2023-07-28 00:00:00+00:00,13.58,13.65,13.015,13.26,116696546,1560962173.4325001
2023-07-31 00:00:00+00:00,13.01,13.22,12.91,13.21,64507651,844243882.4625
2023-08-01 00:00:00+00:00,13.15,13.44,13.11,13.42,59221812,786465663.36
2023-08-02 00:00:00+00:00,13.2,13.23,12.98,13.04,57997356,760490330.55
2023-08-03 00:00:00+00:00,12.99,13.14,12.86,13.1,52073105,678122009.8625001
2023-08-04 00:00:00+00:00,13.1,13.1,12.8,12.89,48412895,628036280.3875
2023-08-07 00:00:00+00:00,12.93,12.96,12.78,12.94,43929201,566796515.9025
2023-08-08 00:00:00+00:00,12.77,12.9,12.7,12.88,45103815,577892629.6875001
2023-08-09 00:00:00+00:00,12.77,12.83,12.66,12.73,42932645,547283892.1375
2023-08-10 00:00:00+00:00,12.78,12.78,12.08,12.16,104063861,1295595069.4499998
2023-08-11 00:00:00+00:00,12.12,12.2,12.0,12.14,64371737,779863593.755
2023-08-14 00:00:00+00:00,12.03,12.23,12.02,12.2,48099567,582966752.0400001
2023-08-15 00:00:00+00:00,12.06,12.145,11.97,11.98,42616408,513048281.81
2023-08-16 00:00:00+00:00,11.9,12.03,11.8,11.81,44838860,532909851.1000001
2023-08-17 00:00:00+00:00,11.88,11.97,11.78,11.83,36104890,428384519.85
2023-08-18 00:00:00+00:00,11.73,12.02,11.72,11.96,44519910,527894832.825
2023-08-21 00:00:00+00:00,12.04,12.06,11.87,11.97,33456665,400978130.025
2023-08-22 00:00:00+00:00,12.01,12.03,11.84,11.87,32045258,382540267.37499994
2023-08-23 00:00:00+00:00,11.82,11.97,11.8,11.96,30437702,361828182.52500004
2023-08-24 00:00:00+00:00,11.89,11.93,11.75,11.75,33338167,394390515.61
2023-08-25 00:00:00+00:00,11.83,11.99,11.58,11.91,47610014,563107440.585
2023-08-28 00:00:00+00:00,11.95,12.06,11.85,11.9,29693468,354540007.91999996
2023-08-29 00:00:00+00:00,11.95,12.06,11.89,12.05,32009025,383708187.1875
2023-08-30 00:00:00+00:00,12.07,12.15,12.01,12.03,30617910,369405084.15
2023-08-31 00:00:00+00:00,12.13,12.27,12.09,12.13,39025745,474357930.47499996
2023-09-01 00:00:00+00:00,12.16,12.27,12.04,12.14,34716856,421896592.54
2023-09-05 00:00:00+00:00,12.12,12.18,12.035,12.09,35202039,426164684.64374995
2023-09-06 00:00:00+00:00,12.0,12.11,11.825,12.07,41881456,502629823.82000005
2023-09-07 00:00:00+00:00,11.95,12.05,11.9,11.96,38559570,461365255.05
2023-09-08 00:00:00+00:00,11.97,12.36,11.97,12.3,49538883,601897428.4499999
2023-09-11 00:00:00+00:00,12.36,12.4,12.17,12.22,34673645,426052412.9375
2023-09-12 00:00:00+00:00,12.23,12.59,12.22,12.45,49507699,612534005.8774999
2023-09-13 00:00:00+00:00,12.69,12.91,12.63,12.64,62579704,795857385.6200001
2023-09-14 00:00:00+00:00,12.61,12.7,12.41,12.62,43461647,546964827.495
2023-09-15 00:00:00+00:00,12.4,12.79,12.4,12.61,63982367,802978705.8499999
2023-09-18 00:00:00+00:00,12.5,12.52,12.25,12.34,47444112,588425599.08
2023-09-19 00:00:00+00:00,12.34,12.65,12.31,12.56,40899972,509818150.9800001
2023-09-20 00:00:00+00:00,12.65,12.67,12.35,12.36,37449590,468400746.925
2023-09-21 00:00:00+00:00,12.2,12.35,12.16,12.2,40140537,490818416.16749996
2023-09-22 00:00:00+00:00,12.5,12.765,12.41,12.43,65205496,816780344.27
2023-09-25 00:00:00+00:00,12.35,12.7,12.34,12.58,41219439,514933841.7075
2023-09-26 00:00:00+00:00,12.49,12.655,12.37,12.43,41261041,515195673.18625003
2023-09-27 00:00:00+00:00,12.52,12.52,12.25,12.39,41616550,516877551.0
2023-09-28 00:00:00+00:00,12.32,12.66,12.17,12.56,49109812,610312188.63
2023-09-29 00:00:00+00:00,12.61,12.66,12.35,12.42,62364855,780184336.05
2023-10-02 00:00:00+00:00,12.38,12.44,12.23,12.44,51204004,633521539.4899999
2023-10-03 00:00:00+00:00,12.16,12.23,12.02,12.07,55074671,667505012.52
2023-10-04 00:00:00+00:00,12.02,12.08,11.88,11.99,45217854,542275114.095
2023-10-05 00:00:00+00:00,11.94,11.9999,11.69,11.9,47424951,563525794.6337249
2023-10-06 00:00:00+00:00,11.82,12.15,11.685,12.0,57558506,685737650.8575
2023-10-09 00:00:00+00:00,11.8,12.15,11.78,12.07,33327964,398269169.8
2023-10-10 00:00:00+00:00,12.1,12.3,12.09,12.2,40404623,491825273.4675
2023-10-11 00:00:00+00:00,12.29,12.39,12.15,12.25,31321511,384314939.96999997
2023-10-12 00:00:00+00:00,11.88,12.07,11.84,12.0,51644023,617016964.7925001
2023-10-13 00:00:00+00:00,11.97,12.0,11.8,11.81,47289167,562504641.465
2023-10-16 00:00:00+00:00,11.91,11.96,11.82,11.93,29183012,347423757.85999995
2023-10-17 00:00:00+00:00,11.85,12.17,11.85,12.04,40516473,485286055.35749996
2023-10-18 00:00:00+00:00,11.93,11.93,11.75,11.75,44840139,530907245.76
2023-10-19 00:00:00+00:00,11.59,11.76,11.51,11.53,49057509,568944460.6275
2023-10-20 00:00:00+00:00,11.58,11.76,11.54,11.64,53307523,619966492.4899999
2023-10-23 00:00:00+00:00,11.55,11.69,11.42,11.48,49073771,566065948.485
2023-10-24 00:00:00+00:00,11.5,11.5703,11.38,11.39,47775584,547511775.8088
2023-10-25 00:00:00+00:00,11.35,11.64,11.21,11.54,74213782,848634597.1700001
2023-10-26 00:00:00+00:00,11.91,11.93,11.33,11.35,84725885,985362042.5500001
2023-10-27 00:00:00+00:00,10.93,10.97,9.9,9.96,187029559,1952588595.9599998
2023-10-30 00:00:00+00:00,10.08,10.14,9.68,9.77,106474686,1055962698.4050001
2023-10-31 00:00:00+00:00,9.72,9.91,9.63,9.75,82238823,802034121.3075001
2023-11-01 00:00:00+00:00,9.835,9.93,9.76,9.91,75469744,744037338.6600001
2023-11-02 00:00:00+00:00,10.02,10.15,9.97,10.14,66913974,673823718.1800001
2023-11-03 00:00:00+00:00,10.26,10.64,10.25,10.56,60912422,635164280.405
2023-11-06 00:00:00+00:00,10.56,10.6,10.24,10.31,48435471,505060873.8525
2023-11-07 00:00:00+00:00,10.25,10.29,10.05,10.17,50430833,513890188.27
2023-11-08 00:00:00+00:00,10.19,10.21,10.03,10.05,38700606,391650132.72
2023-11-09 00:00:00+00:00,10.04,10.07,9.69,9.7,59356873,586149120.875
2023-11-10 00:00:00+00:00,9.81,9.87,9.67,9.86,45122030,442308699.075
2023-11-13 00:00:00+00:00,9.83,9.865,9.74,9.82,34458278,338164925.7225
2023-11-14 00:00:00+00:00,9.99,10.46,9.98,10.4,67683987,690884297.3025001
2023-11-15 00:00:00+00:00,10.41,10.57,10.39,10.47,45193674,472725830.04
2023-11-16 00:00:00+00:00,10.4,10.43,10.1,10.16,45408080,466454501.8
2023-11-17 00:00:00+00:00,10.26,10.3199,10.19,10.27,36611424,375632294.9544
2023-11-20 00:00:00+00:00,10.29,10.43,10.2601,10.34,46996985,485480029.97462493
2023-11-21 00:00:00+00:00,10.28,10.32,10.1,10.19,47284270,483363450.075
2023-11-22 00:00:00+00:00,10.24,10.38,10.17,10.26,41151666,422318972.325
2023-11-24 00:00:00+00:00,10.28,10.53,10.28,10.4,22028062,228486073.09499997
2023-11-27 00:00:00+00:00,10.37,10.42,10.3,10.34,32247604,334004558.43
2023-11-28 00:00:00+00:00,10.33,10.4,10.24,10.37,38510645,398007516.075
2023-11-29 00:00:00+00:00,10.875,10.96,10.56,10.59,77246762,830113016.1425
2023-11-30 00:00:00+00:00,10.68,10.7,10.18,10.26,80525748,841896695.34
2023-12-01 00:00:00+00:00,10.29,10.6,10.22,10.58,61619835,642232730.2875
2023-12-04 00:00:00+00:00,10.52,10.79,10.5,10.7,54196099,575969042.1225
2023-12-05 00:00:00+00:00,10.64,10.68,10.54,10.6,41551108,441065011.42
2023-12-06 00:00:00+00:00,10.75,10.88,10.6725,10.69,47223507,507564156.174375
2023-12-07 00:00:00+00:00,10.71,10.88,10.68,10.82,40523178,436535935.00500005
2023-12-08 00:00:00+00:00,10.81,11.07,10.79,11.01,48961188,534656172.96
2023-12-11 00:00:00+00:00,11.02,11.15,10.9801,11.07,39700859,438893988.766475
2023-12-12 00:00:00+00:00,11.09,11.2,11.05,11.16,40206239,447294408.875
2023-12-13 00:00:00+00:00,11.03,11.29,10.8,11.24,68066738,754860124.4200001
2023-12-14 00:00:00+00:00,11.47,12.125,11.47,12.08,110777633,1305652876.94625
2023-12-15 00:00:00+00:00,12.07,12.18,11.93,12.02,85298216,1027843502.8000001
2023-12-18 00:00:00+00:00,11.99,12.08,11.91,11.93,43424398,520115727.045
2023-12-19 00:00:00+00:00,11.97,12.07,11.89,12.02,35722949,428228851.13750005
2023-12-20 00:00:00+00:00,11.97,12.14,11.79,11.8,54981074,655649307.45
2023-12-21 00:00:00+00:00,11.93,12.355,11.9,12.34,66424636,805813865.4750001
2023-12-22 00:00:00+00:00,12.32,12.46,12.28,12.35,43764612,540602369.73
2023-12-26 00:00:00+00:00,12.39,12.5,12.37,12.45,26293667,326764546.6425
2023-12-27 00:00:00+00:00,12.43,12.45,12.23,12.39,39891275,493654528.125
2023-12-28 00:00:00+00:00,12.38,12.43,12.28,12.34,26688508,329803237.6100001
2023-12-29 00:00:00+00:00,12.35,12.39,12.16,12.19,40964735,502739710.2875
2024-01-02 00:00:00+00:00,12.04,12.38,11.94,12.16,47494841,576112421.3299999
2024-01-03 00:00:00+00:00,12.02,12.03,11.64,11.71,70120140,830923659.0
2024-01-04 00:00:00+00:00,11.76,11.82,11.63,11.68,54920320,643803451.2
2024-01-05 00:00:00+00:00,11.645,12.04,11.63,11.85,44443784,524047768.09
2024-01-08 00:00:00+00:00,11.85,12.05,11.79,11.97,41514367,494643682.80499995
2024-01-09 00:00:00+00:00,11.81,11.9,11.77,11.84,49536672,586018829.7600001
2024-01-10 00:00:00+00:00,11.83,11.86,11.71,11.83,37539238,443244552.68499994
2024-01-11 00:00:00+00:00,11.75,11.77,11.57,11.71,48691956,569695885.2
2024-01-12 00:00:00+00:00,11.65,11.77,11.41,11.46,55030084,636835647.09
2024-01-16 00:00:00+00:00,11.3,11.5,11.18,11.46,45207712,513559608.32000005
2024-01-17 00:00:00+00:00,11.17,11.31,11.11,11.27,52671318,590708831.37
2024-01-18 00:00:00+00:00,11.25,11.31,10.96,10.99,71667170,797476434.1750001
2024-01-19 00:00:00+00:00,10.94,11.22,10.825,11.2,61143347,675404696.79875
2024-01-22 00:00:00+00:00,11.23,11.4,11.14,11.2,45479614,511304560.395
2024-01-23 00:00:00+00:00,11.36,11.46,11.24,11.37,45465174,516370713.705
2024-01-24 00:00:00+00:00,11.435,11.45,11.0,11.03,59064619,663221840.5962499
2024-01-25 00:00:00+00:00,11.09,11.36,11.025,11.34,49356728,552980441.3299999
2024-01-26 00:00:00+00:00,11.4,11.5,11.3,11.39,35837036,408452617.81
2024-01-29 00:00:00+00:00,11.38,11.56,11.3,11.55,58249574,666811998.3650001
2024-01-30 00:00:00+00:00,11.77,11.87,11.62,11.78,70213343,825708913.68
2024-01-31 00:00:00+00:00,11.76,11.9864,11.72,11.72,74558853,879540965.2998
2024-02-01 00:00:00+00:00,11.82,12.14,11.62,12.1,81065811,966304467.12
2024-02-02 00:00:00+00:00,12.03,12.19,11.94,12.14,73130933,883056015.9749999
2024-02-05 00:00:00+00:00,12.01,12.08,11.54,11.59,81026752,956520807.36
2024-02-06 00:00:00+00:00,11.64,12.1,11.62,12.07,99263928,1177022026.26
2024-02-07 00:00:00+00:00,12.73,12.98,12.2,12.8,137224000,1739657259.9999998
2024-02-08 00:00:00+00:00,12.87,12.9,12.54,12.83,68653945,877740686.825
2024-02-09 00:00:00+00:00,12.81,12.92,12.64,12.68,47649648,608128632.6
2024-02-12 00:00:00+00:00,12.68,13.07,12.64,12.98,54036501,693963764.0925001
2024-02-13 00:00:00+00:00,12.77,12.9,12.48,12.68,67907704,862937148.58
2024-02-14 00:00:00+00:00,12.72,12.7898,12.52,12.56,52978755,670046154.92475
2024-02-15 00:00:00+00:00,12.35,12.55,12.31,12.52,57811774,718744880.2550001
2024-02-16 00:00:00+00:00,12.42,12.51,12.26,12.3,43228567,534845445.2074999
2024-02-20 00:00:00+00:00,12.185,12.33,12.1,12.25,44591049,544735402.34625
2024-02-21 00:00:00+00:00,12.21,12.32,12.05,12.14,41910263,510467003.34
2024-02-22 00:00:00+00:00,12.13,12.24,12.05,12.12,36980470,448758003.45
2024-02-23 00:00:00+00:00,12.1,12.26,12.09,12.14,32152064,390567197.44
2024-02-26 00:00:00+00:00,12.13,12.27,11.95,11.95,40241300,485913697.5
2024-02-27 00:00:00+00:00,12.02,12.17,11.96,12.0,36508807,439474764.2625
2024-02-28 00:00:00+00:00,11.97,12.4,11.955,12.3,51447900,625413534.375
2024-02-29 00:00:00+00:00,12.37,12.47,12.32,12.44,43098490,534421275.99999994
2024-03-01 00:00:00+00:00,12.53,12.64,12.32,12.45,48761436,608786528.4599999
2024-03-04 00:00:00+00:00,12.57,13.03,12.57,12.74,81871730,1042022443.575
2024-03-05 00:00:00+00:00,12.65,12.7377,12.5,12.58,47896213,604302927.205025
2024-03-06 00:00:00+00:00,12.52,12.57,12.33,12.38,48834461,607989039.45
2024-03-07 00:00:00+00:00,12.41,12.47,12.26,12.41,38971016,482753460.7
2024-03-08 00:00:00+00:00,12.43,12.515,12.14,12.18,54723777,673991718.47625
2024-03-11 00:00:00+00:00,12.13,12.24,12.075,12.11,35135363,426499387.61625
2024-03-12 00:00:00+00:00,12.14,12.16,12.03,12.11,31245242,378379880.62
2024-03-13 00:00:00+00:00,12.12,12.48,12.11,12.37,50595276,620804036.52
2024-03-14 00:00:00+00:00,12.34,12.37,12.01,12.08,52619863,641962328.5999999
2024-03-15 00:00:00+00:00,12.05,12.27,12.02,12.06,88254036,1067873835.6000001
2024-03-18 00:00:00+00:00,12.14,12.19,11.98,12.18,36599219,443674032.32750005
2024-03-19 00:00:00+00:00,12.11,12.35,12.11,12.3,32668658,399129329.115
2024-03-20 00:00:00+00:00,12.26,12.92,12.255,12.9,67721511,852190564.04625
2024-03-21 00:00:00+00:00,12.92,13.06,12.79,12.92,55822521,721366527.6225
2024-03-22 00:00:00+00:00,12.87,12.96,12.85,12.91,33137467,427390480.63250005
2024-03-25 00:00:00+00:00,12.92,13.06,12.74,12.9,39063514,504114648.16999996
2024-03-26 00:00:00+00:00,12.96,12.96,12.43,12.44,67140228,852513045.03
2024-03-27 00:00:00+00:00,12.53,13.07,12.52,13.06,53555794,685246384.2300001
2024-03-28 00:00:00+00:00,13.07,13.3,13.05,13.28,61846366,814825872.0500001
2024-04-01 00:00:00+00:00,13.33,13.38,13.14,13.29,35898334,476909367.19
2024-04-02 00:00:00+00:00,13.16,13.37,13.09,13.28,42653403,564091254.6750001
2024-04-03 00:00:00+00:00,13.25,13.68,13.23,13.65,57498871,773503562.1274999
2024-04-04 00:00:00+00:00,13.9,13.95,13.17,13.21,67812379,919366328.2925
2024-04-05 00:00:00+00:00,13.27,13.395,13.09,13.28,46937362,622330748.4175
2024-04-08 00:00:00+00:00,13.345,13.54,13.345,13.41,29900547,400966335.27
2024-04-09 00:00:00+00:00,13.47,13.59,13.34,13.54,35542699,479293296.01500005
2024-04-10 00:00:00+00:00,13.26,13.29,12.95,13.06,51394979,675330024.0600001
2024-04-11 00:00:00+00:00,13.11,13.14,12.91,13.04,38383117,500899676.84999996
2024-04-12 00:00:00+00:00,12.92,12.92,12.5,12.61,52356332,666888778.85
2024-04-15 00:00:00+00:00,12.74,12.815,12.18,12.23,59484396,743034461.5350001
2024-04-16 00:00:00+00:00,12.14,12.25,11.9412,12.09,56392158,682643990.2373999
2024-04-17 00:00:00+00:00,12.135,12.249,12.02,12.04,43646582,528603754.60199994
2024-04-18 00:00:00+00:00,12.08,12.17,11.98,12.06,39902098,481718078.1050001
2024-04-19 00:00:00+00:00,12.02,12.23,12.02,12.14,39623838,479547499.395
2024-04-22 00:00:00+00:00,12.31,12.9,12.25,12.88,86462687,1088132915.895
2024-04-23 00:00:00+00:00,13.05,13.05,12.82,12.94,62807064,814293584.76
2024-04-24 00:00:00+00:00,12.94,13.0499,12.78,12.95,74510419,963417854.9095249
2024-04-25 00:00:00+00:00,12.85,13.18,12.63,13.04,86944122,1123752776.8500001
2024-04-26 00:00:00+00:00,12.76,13.02,12.61,12.79,57257796,732613499.82
2024-04-29 00:00:00+00:00,12.81,12.84,12.55,12.75,50385481,641785064.2375001
2024-04-30 00:00:00+00:00,12.6,12.6,12.13,12.15,75890495,938765423.15
2024-05-01 00:00:00+00:00,12.16,12.43,12.15,12.195,48784967,596823090.03625
2024-05-02 00:00:00+00:00,12.4,12.55,12.36,12.49,46868636,583514518.2
2024-05-03 00:00:00+00:00,12.64,12.76,12.39,12.43,47463317,595901944.935
2024-05-06 00:00:00+00:00,12.54,12.62,12.4575,12.5,29780308,373128646.54749995
2024-05-07 00:00:00+00:00,12.4,12.45,12.085,12.17,48102921,590523483.9262501
2024-05-08 00:00:00+00:00,12.08,12.25,12.02,12.15,38177150,462897943.74999994
2024-05-09 00:00:00+00:00,12.14,12.22,12.06,12.13,29103843,353247894.4125
2024-05-10 00:00:00+00:00,12.145,12.17,11.9122,11.99,51447811,620167348.1373
2024-05-13 00:00:00+00:00,12.05,12.45,12.05,12.33,60962280,744959061.5999999
2024-05-14 00:00:00+00:00,12.44,12.64,12.36,12.44,39980406,498555662.81999993
2024-05-15 00:00:00+00:00,12.49,12.56,12.18,12.31,50739865,628413228.0250001
2024-05-16 00:00:00+00:00,12.27,12.48,12.26,12.38,41502234,512448834.315
2024-05-17 00:00:00+00:00,12.37,12.38,12.25,12.27,24011285,295759002.98749995
2024-05-20 00:00:00+00:00,12.27,12.33,12.14,12.15,27019079,330240693.0775
2024-05-21 00:00:00+00:00,12.16,12.203,12.03,12.15,32850977,398671244.12775
2024-05-22 00:00:00+00:00,12.06,12.08,11.97,12.03,35403000,426075105.0
2024-05-23 00:00:00+00:00,12.1,12.22,12.01,12.11,43590060,527875626.59999996
2024-05-24 00:00:00+00:00,12.16,12.27,12.04,12.16,40840448,496517746.55999994
2024-05-28 00:00:00+00:00,12.11,12.13,11.66,11.68,57460063,683487449.3850001
2024-05-29 00:00:00+00:00,11.57,11.65,11.5,11.56,45759472,529437091.04
2024-05-30 00:00:00+00:00,11.58,11.78,11.48,11.77,42249512,492312438.58
2024-05-31 00:00:00+00:00,11.77,12.15,11.66,12.13,57205750,682321583.125
2024-06-03 00:00:00+00:00,12.25,12.32,12.02,12.19,53784070,655896733.65
2024-06-04 00:00:00+00:00,12.08,12.13,11.96,12.03,41533094,500473782.70000005
2024-06-05 00:00:00+00:00,12.05,12.12,11.82,12.07,45509803,546800283.0450001
2024-06-06 00:00:00+00:00,11.98,12.1,11.96,12.07,28289872,340256435.48
2024-06-07 00:00:00+00:00,12.0,12.16,11.95,12.15,31933996,385283661.74
2024-06-10 00:00:00+00:00,12.13,12.52,12.1,12.38,68347159,839473980.4175
2024-06-11 00:00:00+00:00,12.32,12.355,12.05,12.11,48201770,588483359.4875
2024-06-12 00:00:00+00:00,12.28,12.37,12.03,12.08,57116231,696246855.89
2024-06-13 00:00:00+00:00,12.08,12.085,11.85,11.94,41422297,496601563.15875
2024-06-14 00:00:00+00:00,11.8,11.83,11.55,11.71,49382087,578881514.8575001
2024-06-17 00:00:00+00:00,11.66,11.89,11.66,11.85,31970135,376128638.27500004
2024-06-18 00:00:00+00:00,11.81,11.935,11.77,11.78,29023356,343164905.505
2024-06-20 00:00:00+00:00,11.71,11.97,11.65,11.94,53467972,631857759.1099999
2024-06-21 00:00:00+00:00,11.9,11.91,11.76,11.84,50201923,595018292.3575
2024-06-24 00:00:00+00:00,11.93,12.25,11.92,12.23,58436912,706063989.24
2024-06-25 00:00:00+00:00,12.17,12.21,12.03,12.09,39323934,476802699.75
2024-06-26 00:00:00+00:00,12.01,12.13,11.945,12.11,41426609,499138855.18875
2024-06-27 00:00:00+00:00,12.08,12.38,12.045,12.23,48080238,585797599.7325
2024-06-28 00:00:00+00:00,12.26,12.62,12.26,12.54,65914694,818660499.48
2024-07-01 00:00:00+00:00,12.56,12.87,12.53,12.76,56152652,712015627.36
2024-07-02 00:00:00+00:00,12.83,12.95,12.72,12.87,46990380,603473955.15
2024-07-03 00:00:00+00:00,12.89,12.96,12.8,12.87,26894317,346398802.96000004
2024-07-05 00:00:00+00:00,12.87,12.96,12.75,12.84,31589285,406080258.675
2024-07-08 00:00:00+00:00,12.97,13.2,12.915,12.98,44346152,577220600.97
2024-07-09 00:00:00+00:00,12.96,13.07,12.88,12.9,40734880,527618533.20000005
2024-07-10 00:00:00+00:00,12.95,13.21,12.91,13.17,36305525,474150156.5
2024-07-11 00:00:00+00:00,13.25,13.54,13.25,13.47,51443439,688184605.2225
2024-07-12 00:00:00+00:00,13.53,14.21,13.53,14.03,85609696,1183554047.2
2024-07-15 00:00:00+00:00,14.21,14.43,14.12,14.23,65643288,935252745.78
2024-07-16 00:00:00+00:00,14.27,14.47,14.19,14.39,52040136,745735148.88
2024-07-17 00:00:00+00:00,14.29,14.63,14.28,14.48,58087097,837615938.7400001
2024-07-18 00:00:00+00:00,14.51,14.85,14.45,14.55,58077004,847343488.36
2024-07-19 00:00:00+00:00,14.49,14.5,13.96,13.98,75908553,1080368480.5725002
2024-07-22 00:00:00+00:00,14.0201,14.18,13.79,14.12,59116800,829262389.92
2024-07-23 00:00:00+00:00,14.06,14.07,13.57,13.83,85897668,1192474376.01
2024-07-24 00:00:00+00:00,13.73,13.875,13.59,13.67,81768685,1121559725.6312501
2024-07-25 00:00:00+00:00,11.8,11.98,11.15,11.16,259483955,2989903871.4875
2024-07-26 00:00:00+00:00,11.205,11.36,11.05,11.19,79599879,891618144.6487498
2024-07-29 00:00:00+00:00,11.18,11.18,10.8,11.01,91667537,1012238777.3224999
2024-07-30 00:00:00+00:00,11.03,11.11,10.78,10.84,69337033,758547141.0200001
2024-07-31 00:00:00+00:00,10.86,11.01,10.72,10.82,75477976,819124734.54
2024-08-01 00:00:00+00:00,10.86,10.92,10.605,10.69,60516458,651686607.0875001
2024-08-02 00:00:00+00:00,10.55,10.55,10.0,10.03,110703005,1138303648.9125001
2024-08-05 00:00:00+00:00,9.56,9.9,9.49,9.71,115594188,1117217827.0200002
2024-08-06 00:00:00+00:00,9.79,9.86,9.675,9.78,111817647,1093157271.4837499
2024-08-07 00:00:00+00:00,9.85,9.98,9.75,9.77,69482430,683533405.1249999
2024-08-08 00:00:00+00:00,9.8,10.25,9.8,10.13,73007624,729711201.8800001
2024-08-09 00:00:00+00:00,10.08,10.17,9.97,10.1,48860845,492517317.6
2024-08-12 00:00:00+00:00,10.1,10.104,9.84,9.86,56118717,559840320.7919999
2024-08-13 00:00:00+00:00,9.92,10.15,9.77,10.14,44766088,447437049.56000006
2024-08-14 00:00:00+00:00,10.16,10.24,10.05,10.18,37026425,376095911.93749994
2024-08-15 00:00:00+00:00,10.37,10.5,10.37,10.46,41597908,433658190.9
2024-08-16 00:00:00+00:00,10.4,10.515,10.37,10.51,33986305,355114404.36875
2024-08-19 00:00:00+00:00,10.56,10.75,10.54,10.72,41066305,437048150.9625
2024-08-20 00:00:00+00:00,10.7,10.79,10.61,10.68,32468000,347245259.99999994
2024-08-21 00:00:00+00:00,10.835,10.97,10.75,10.85,48943888,531102364.66
2024-08-22 00:00:00+00:00,10.85,11.01,10.84,10.92,50885398,554905265.19
2024-08-23 00:00:00+00:00,10.98,11.28,10.94,11.27,64612665,718331303.1374999
2024-08-26 00:00:00+00:00,11.32,11.37,11.07,11.11,53070331,595316437.9925
2024-08-27 00:00:00+00:00,11.12,11.22,10.99,11.14,44840996,498519773.03
2024-08-28 00:00:00+00:00,11.1,11.185,10.98,11.04,35442160,392566224.7
2024-08-29 00:00:00+00:00,11.02,11.2,10.99,11.11,44989170,498480003.6
2024-08-30 00:00:00+00:00,11.15,11.23,11.055,11.19,44977055,501775269.84375
2024-09-03 00:00:00+00:00,11.08,11.14,10.94,10.98,49613545,547485469.075
2024-09-04 00:00:00+00:00,10.99,11.155,10.85,10.95,47900654,526248560.00749993
2024-09-05 00:00:00+00:00,11.08,11.135,10.72,10.77,50551941,552343145.3512499
2024-09-06 00:00:00+00:00,10.78,10.87,10.53,10.58,47508883,507869959.27
2024-09-09 00:00:00+00:00,10.61,10.76,10.535,10.66,39223340,417385366.775
2024-09-10 00:00:00+00:00,10.49,10.49,10.17,10.32,63019219,653351752.9825
2024-09-11 00:00:00+00:00,10.31,10.46,10.13,10.45,55840227,577248346.6125001
2024-09-12 00:00:00+00:00,10.4,10.6497,10.31,10.62,43807346,459754810.71905
2024-09-13 00:00:00+00:00,10.68,10.79,10.625,10.69,35184817,376345598.83624995
2024-09-16 00:00:00+00:00,10.74,10.92,10.71,10.8,34802362,375604491.885
2024-09-17 00:00:00+00:00,10.89,11.135,10.82,10.9,52068606,569435292.3675
2024-09-18 00:00:00+00:00,10.93,11.255,10.915,10.98,55017320,606290866.4
2024-09-19 00:00:00+00:00,11.22,11.31,10.865,10.92,52436431,580930109.9412501
2024-09-20 00:00:00+00:00,10.86,10.88,10.69,10.88,68809148,745031049.97
2024-09-23 00:00:00+00:00,10.84,10.92,10.71,10.91,40421271,438368683.99499995
2024-09-24 00:00:00+00:00,10.97,11.0,10.81,10.87,37746280,411906280.5
2024-09-25 00:00:00+00:00,10.59,10.59,10.32,10.42,74109618,776668796.64
2024-09-26 00:00:00+00:00,10.56,10.75,10.56,10.68,51408483,546857737.9125
2024-09-27 00:00:00+00:00,10.84,10.99,10.76,10.78,45469611,493004257.2675
2024-09-30 00:00:00+00:00,10.48,10.61,10.43,10.56,59709712,628146170.24
2024-10-01 00:00:00+00:00,10.72,10.815,10.58,10.75,63962965,685443123.68125
2024-10-02 00:00:00+00:00,10.73,10.73,10.43,10.48,51457448,545063017.94
2024-10-03 00:00:00+00:00,10.41,10.47,10.33,10.45,44458312,463033319.47999996
2024-10-04 00:00:00+00:00,10.59,10.61,10.44,10.57,45967802,485075230.605
2024-10-07 00:00:00+00:00,10.55,10.61,10.45,10.49,38009116,400045945.90000004
2024-10-08 00:00:00+00:00,10.5,10.58,10.38,10.49,46355726,486155676.425
2024-10-09 00:00:00+00:00,10.49,10.68,10.44,10.62,40406992,426596818.03999996
2024-10-10 00:00:00+00:00,10.58,10.7,10.54,10.68,39458338,419244841.25
2024-10-11 00:00:00+00:00,10.64,10.8,10.63,10.72,31915718,341418393.305
2024-10-14 00:00:00+00:00,10.71,10.96,10.655,10.92,41940151,453425457.49875003
2024-10-15 00:00:00+00:00,10.91,11.02,10.82,10.84,53097073,578625353.0175
2024-10-16 00:00:00+00:00,10.89,11.18,10.89,11.03,46996409,516843007.9775
2024-10-17 00:00:00+00:00,11.04,11.13,10.935,11.07,37617185,415434786.84375006
2024-10-18 00:00:00+00:00,11.16,11.17,11.04,11.1,26074884,289887522.87
2024-10-21 00:00:00+00:00,11.08,11.16,10.86,10.88,41008550,450889007.25000006
2024-10-22 00:00:00+00:00,10.92,11.15,10.92,11.11,51597599,568863528.975
2024-10-23 00:00:00+00:00,11.11,11.24,11.02,11.06,37335434,414703333.1550001
2024-10-24 00:00:00+00:00,11.24,11.25,11.07,11.24,44736444,501048172.8000001
2024-10-25 00:00:00+00:00,11.28,11.33,11.015,11.07,39120742,437125390.9225
2024-10-28 00:00:00+00:00,11.165,11.39,11.1212,11.37,97967008,1103260358.9424
2024-10-29 00:00:00+00:00,10.53,10.55,10.18,10.41,156227983,1627505012.9025002
2024-10-30 00:00:00+00:00,10.395,10.53,10.33,10.47,48853742,509605596.23749995
2024-10-31 00:00:00+00:00,10.43,10.48,10.24,10.29,72098705,746942583.8
2024-11-01 00:00:00+00:00,10.33,10.41,10.2,10.22,43472278,447329740.62000006
2024-11-04 00:00:00+00:00,10.23,10.57,10.23,10.36,55323849,572463527.5275
2024-11-05 00:00:00+00:00,10.3299,10.64,10.3,10.6,49308968,516140389.8158
2024-11-06 00:00:00+00:00,10.95,11.23,10.835,11.19,100781772,1113764557.815
2024-11-07 00:00:00+00:00,11.005,11.11,10.83,10.96,55407938,608171379.4725
2024-11-08 00:00:00+00:00,10.93,10.97,10.86,10.97,45463442,497029079.66499996
2024-11-11 00:00:00+00:00,11.07,11.32,11.02,11.23,56630455,631995877.8
2024-11-12 00:00:00+00:00,11.14,11.3,10.95,11.1,44921390,499638160.27500004
2024-11-13 00:00:00+00:00,11.12,11.17,11.02,11.1,55150861,612312434.2525
2024-11-14 00:00:00+00:00,11.13,11.23,11.02,11.07,56780890,630977640.1249999
2024-11-15 00:00:00+00:00,11.05,11.15,10.98,11.01,58895435,650647318.1625
2024-11-18 00:00:00+00:00,11.05,11.27,11.03,11.21,47807637,532577076.18
2024-11-19 00:00:00+00:00,11.06,11.32,11.01,11.05,53227720,591359969.1999999
2024-11-20 00:00:00+00:00,11.01,11.049,10.61,10.73,68633296,744654103.276
2024-11-21 00:00:00+00:00,10.78,10.85,10.61,10.8,53409527,574686510.5199999
2024-11-22 00:00:00+00:00,10.81,11.38,10.8,11.18,82556658,911631895.965
2024-11-25 00:00:00+00:00,11.3,11.52,11.2799,11.4,63469313,721961848.642175
2024-11-26 00:00:00+00:00,11.16,11.23,11.04,11.1,47458773,528334790.4225
2024-11-27 00:00:00+00:00,11.13,11.255,11.06,11.1,28474186,317095653.84250003
2024-11-29 00:00:00+00:00,11.16,11.27,11.12,11.13,28935163,323205770.71
2024-12-02 00:00:00+00:00,11.22,11.245,10.96,10.98,50034381,555444172.07625
2024-12-03 00:00:00+00:00,10.99,11.01,10.82,10.82,43904253,478995400.23
2024-12-04 00:00:00+00:00,10.85,10.87,10.59,10.74,66780705,718727337.5625001
2024-12-05 00:00:00+00:00,10.64,10.69,10.39,10.44,68162049,718427996.4599999
2024-12-06 00:00:00+00:00,10.505,10.6,10.42,10.51,56227007,590875559.81125
2024-12-09 00:00:00+00:00,10.555,10.8,10.53,10.6,53230053,565369700.42625
2024-12-10 00:00:00+00:00,10.72,10.74,10.55,10.56,45084301,479809673.3925001
2024-12-11 00:00:00+00:00,10.61,10.61,10.28,10.41,60487100,633753590.25
2024-12-12 00:00:00+00:00,10.38,10.505,10.35,10.39,38432619,399939441.46875
2024-12-13 00:00:00+00:00,10.4,10.44,10.32,10.39,40560679,421324053.11249995
2024-12-16 00:00:00+00:00,10.07,10.12,9.88,9.99,96264420,964088166.3000001
2024-12-17 00:00:00+00:00,9.96,10.04,9.88,9.97,76208551,759227689.3375
2024-12-18 00:00:00+00:00,9.94,10.09,9.66,9.69,84199505,828944126.725
2024-12-19 00:00:00+00:00,9.79,9.945,9.7,9.74,81659031,799748134.8562499
2024-12-20 00:00:00+00:00,9.7,9.96,9.68,9.88,87705543,859952849.115
2024-12-23 00:00:00+00:00,9.87,9.92,9.75,9.9,50646626,499375732.35999995
2024-12-24 00:00:00+00:00,9.9,10.06,9.89,10.02,29083142,289886217.88500005
2024-12-26 00:00:00+00:00,10.0,10.12,9.98,10.07,35956110,361089234.675
2024-12-27 00:00:00+00:00,10.025,10.2,9.98,10.03,52899918,532107050.1825
2024-12-30 00:00:00+00:00,9.95,9.975,9.82,9.88,47116735,466750156.09375
2024-12-31 00:00:00+00:00,9.91,10.01,9.84,9.9,54104154,536442686.91
2025-01-02 00:00:00+00:00,9.91,9.955,9.635,9.65,67156220,657291503.25
2025-01-03 00:00:00+00:00,9.69,9.95,9.53,9.88,77245879,754112893.7375001
2025-01-06 00:00:00+00:00,10.0601,10.19,9.9,9.92,63840827,639527080.493175
2025-01-07 00:00:00+00:00,9.95,10.01,9.72,9.76,62404019,615303627.3399999
2025-01-08 00:00:00+00:00,9.74,9.75,9.58,9.74,61678835,598438896.5875
2025-01-10 00:00:00+00:00,9.67,9.84,9.59,9.65,73373449,710805287.1875
2025-01-13 00:00:00+00:00,9.6599,9.72,9.57,9.71,66023040,638111031.024
2025-01-14 00:00:00+00:00,9.775,9.82,9.68,9.78,45419942,443468958.7025
2025-01-15 00:00:00+00:00,9.97,10.06,9.89,9.95,68674379,684511872.6825001
2025-01-16 00:00:00+00:00,9.91,10.06,9.89,10.01,45770032,456212793.96
2025-01-17 00:00:00+00:00,10.08,10.21,10.04,10.18,60802749,615779840.4975
2025-01-21 00:00:00+00:00,10.3,10.45,10.24,10.43,65670776,680020885.48
2025-01-22 00:00:00+00:00,10.25,10.25,10.02,10.03,64949161,658422119.6374999
2025-01-23 00:00:00+00:00,10.05,10.17,9.97,10.16,56241104,567332136.5999999
2025-01-24 00:00:00+00:00,10.16,10.31,10.09,10.12,42909105,436385597.85
2025-01-27 00:00:00+00:00,10.11,10.42,10.1,10.38,73082579,749279141.1975001
2025-01-28 00:00:00+00:00,10.23,10.23,9.92,10.08,92177598,932376403.77
2025-01-29 00:00:00+00:00,10.1,10.29,10.03,10.21,69986892,710891855.49
2025-01-30 00:00:00+00:00,10.26,10.39,10.06,10.16,69663121,711782938.8175001
2025-01-31 00:00:00+00:00,10.17,10.35,9.99,10.08,103726234,1052561959.5149999
2025-02-03 00:00:00+00:00,9.72,10.06,9.6,9.89,131430275,1290316724.8125
2025-02-04 00:00:00+00:00,9.94,10.16,9.905,10.16,68716480,689999354.8000001
2025-02-05 00:00:00+00:00,10.16,10.315,9.96,10.01,124187814,1255694034.3075001
2025-02-06 00:00:00+00:00,9.49,9.64,9.26,9.26,222758349,2096712959.9624999
2025-02-07 00:00:00+00:00,9.33,9.35,9.18,9.24,140852731,1306409080.025
2025-02-10 00:00:00+00:00,9.25,9.3,9.12,9.24,72168013,665930339.9575001
2025-02-11 00:00:00+00:00,9.21,9.26,9.17,9.21,54844582,505255711.675
2025-02-12 00:00:00+00:00,9.17,9.29,9.1,9.23,67339559,619355593.9025002
2025-02-13 00:00:00+00:00,9.29,9.41,9.24,9.35,72059816,671777634.66
2025-02-14 00:00:00+00:00,9.43,9.51,9.39,9.48,53778335,508339711.58750004
2025-02-18 00:00:00+00:00,9.32,9.35,9.23,9.29,62175764,578079165.79
2025-02-19 00:00:00+00:00,9.27,9.39,9.21,9.34,50191726,466908531.115
2025-02-20 00:00:00+00:00,9.33,9.395,9.28,9.39,39787792,371966120.46000004
2025-02-21 00:00:00+00:00,9.38,9.41,9.23,9.28,58437662,544931198.15
2025-02-24 00:00:00+00:00,9.305,9.4,9.21,9.35,72562637,676011666.95125
2025-02-25 00:00:00+00:00,9.365,9.49,9.31,9.42,88876827,835108885.69875
2025-02-26 00:00:00+00:00,9.46,9.62,9.44,9.47,87948083,835286918.2924999
2025-02-27 00:00:00+00:00,9.44,9.53,9.29,9.29,70518755,661994812.5625
2025-02-28 00:00:00+00:00,9.315,9.69,9.31,9.55,137992574,1306272203.6274998
2025-03-03 00:00:00+00:00,9.71,9.82,9.32,9.39,154435905,1476407251.8000002
2025-03-04 00:00:00+00:00,9.23,9.27,9.06,9.12,167499954,1535974578.18
2025-03-05 00:00:00+00:00,9.26,9.67,9.2,9.65,157774904,1490183968.28
2025-03-06 00:00:00+00:00,9.515,9.72,9.42,9.61,136680746,1307522186.4225001
2025-03-07 00:00:00+00:00,9.54,9.96,9.51,9.9,150644884,1465398109.11
2025-03-10 00:00:00+00:00,9.77,10.14,9.77,9.96,167183809,1656791547.19
2025-03-11 00:00:00+00:00,9.92,9.96,9.49,9.69,210126974,2051889901.1100001
2025-03-12 00:00:00+00:00,9.7,9.71,9.46,9.59,129994592,1249898002.08
2025-03-13 00:00:00+00:00,9.57,9.95,9.5,9.53,137747632,1327542803.3999999
2025-03-14 00:00:00+00:00,9.66,9.79,9.64,9.73,91313759,886200031.095
2025-03-17 00:00:00+00:00,9.74,9.98,9.74,9.92,98583068,970550304.46
2025-03-18 00:00:00+00:00,9.95,10.04,9.88,9.95,102730930,1022686408.1499999
2025-03-19 00:00:00+00:00,9.96,10.28,9.945,10.17,124697379,1258040682.38625
2025-03-20 00:00:00+00:00,10.07,10.15,9.99,10.01,109103733,1097038035.315
2025-03-21 00:00:00+00:00,9.915,10.12,9.83,10.0,240638631,2398264756.2037497
2025-03-24 00:00:00+00:00,10.04,10.25,10.01,10.25,102847191,1042613398.7624999
2025-03-25 00:00:00+00:00,10.3,10.35,10.17,10.29,83674856,859968332.54
2025-03-26 00:00:00+00:00,10.27,10.35,10.09,10.3,140975582,1445352154.455
2025-03-27 00:00:00+00:00,10.26,10.4,9.82,9.9,229032469,2312082774.5550003
2025-03-28 00:00:00+00:00,9.84,9.89,9.62,9.72,136868327,1336861383.9725
2025-03-31 00:00:00+00:00,9.575,10.11,9.545,10.03,139951868,1373627584.4199998
2025-04-01 00:00:00+00:00,10.1,10.17,9.81,9.94,135388684,1354563783.4199998
2025-04-02 00:00:00+00:00,9.835,10.27,9.82,10.15,136908485,1371651884.09375
2025-04-03 00:00:00+00:00,9.995,10.2,9.53,9.54,220270980,2162235007.425
2025-04-04 00:00:00+00:00,9.315,9.73,9.2,9.58,177466228,1678165018.525
2025-04-07 00:00:00+00:00,9.27,9.64,9.0,9.24,274938497,2553491290.8875
2025-04-08 00:00:00+00:00,9.52,9.52,8.55,8.69,199286778,1807531076.46
2025-04-09 00:00:00+00:00,8.5,9.54,8.4406,9.5,199662988,1795998526.5081997
2025-04-10 00:00:00+00:00,9.1,9.28,8.88,9.14,163535434,1488172449.3999999
2025-04-11 00:00:00+00:00,9.11,9.35,9.04,9.33,146073701,1344973601.9575
2025-04-14 00:00:00+00:00,9.38,9.81,9.2,9.71,189955001,1809321384.525
2025-04-15 00:00:00+00:00,9.615,9.63,9.38,9.45,125469023,1194308262.68125
2025-04-16 00:00:00+00:00,9.47,9.62,9.29,9.4,133804943,1263787686.635
2025-04-17 00:00:00+00:00,9.41,9.69,9.405,9.63,129204565,1231804021.5687501
2025-04-21 00:00:00+00:00,9.58,9.63,9.35,9.47,94138882,895025420.615
2025-04-22 00:00:00+00:00,9.55,9.72,9.53,9.65,121387081,1166833316.1125002
2025-04-23 00:00:00+00:00,9.835,10.0054,9.71,9.78,158691527,1560350308.3802001
2025-04-24 00:00:00+00:00,9.87,10.09,9.815,10.06,87031042,866720389.5175
2025-04-25 00:00:00+00:00,10.045,10.1,9.97,10.04,88682432,890260764.24
2025-04-28 00:00:00+00:00,10.06,10.18,9.9701,10.02,77051524,774947628.9181001
2025-04-29 00:00:00+00:00,10.07,10.19,9.925,10.15,141980313,1431693981.2137501
2025-04-30 00:00:00+00:00,10.11,10.13,9.86,10.01,136406235,1367813521.4625
2025-05-01 00:00:00+00:00,10.14,10.32,10.02,10.18,126532486,1286202720.1899998
2025-05-02 00:00:00+00:00,10.3,10.39,10.215,10.28,82228655,846646789.04375
2025-05-05 00:00:00+00:00,10.23,10.24,10.095,10.17,105766259,1077097140.09125
2025-05-06 00:00:00+00:00,10.09,10.62,10.055,10.44,131814035,1357849328.04375
2025-05-07 00:00:00+00:00,10.46,10.505,10.12,10.28,116936644,1209271069.765
2025-05-08 00:00:00+00:00,10.34,10.464,10.26,10.28,107173416,1107744427.776
2025-05-09 00:00:00+00:00,10.355,10.49,10.35,10.43,76350701,794524482.28125
2025-05-12 00:00:00+00:00,10.56,10.73,10.48,10.55,102035764,1079538383.1200001
2025-05-13 00:00:00+00:00,10.595,10.63,10.42,10.6,83671012,883670475.4850001
2025-05-14 00:00:00+00:00,10.57,10.7,10.48,10.65,84453089,895202743.4
2025-05-15 00:00:00+00:00,10.59,10.78,10.55,10.75,71096528,758422212.44
2025-05-16 00:00:00+00:00,10.77,10.81,10.64,10.8,64913005,698139368.775
2025-05-19 00:00:00+00:00,10.69,10.785,10.63,10.75,60195734,644922045.1425
2025-05-20 00:00:00+00:00,10.79,10.84,10.66,10.72,61063828,656588810.5699999
2025-05-21 00:00:00+00:00,10.66,10.69,10.45,10.48,89090498,941686563.86
2025-05-22 00:00:00+00:00,10.48,10.5,10.34,10.44,94081143,982207132.92
2025-05-23 00:00:00+00:00,10.3,10.41,10.29,10.36,80519024,832566708.16
2025-05-27 00:00:00+00:00,10.45,10.4897,10.21,10.31,89066847,923171189.141475
2025-05-28 00:00:00+00:00,10.32,10.335,10.15,10.17,102335584,1048300138.6
2025-05-29 00:00:00+00:00,10.21,10.28,10.11,10.22,101688883,1037735051.015
2025-05-30 00:00:00+00:00,10.18,10.46,10.12,10.38,152191621,1565290821.9850001
2025-06-02 00:00:00+00:00,10.27,10.28,9.88,9.98,170340783,1720867760.2575
2025-06-03 00:00:00+00:00,9.97,10.225,9.89,10.19,121584328,1224202202.55
2025-06-04 00:00:00+00:00,10.19,10.365,10.18,10.24,123191229,1261940152.0687501
2025-06-05 00:00:00+00:00,10.2,10.25,10.03,10.1,133269444,1352018509.3799999
2025-06-06 00:00:00+00:00,10.16,10.35,10.1501,10.26,105916694,1083530427.53735
2025-06-09 00:00:00+00:00,10.29,10.45,10.29,10.34,63638928,658185612.8399999
2025-06-10 00:00:00+00:00,10.38,10.65,10.36,10.6,87955501,923312871.7475001
2025-06-11 00:00:00+00:00,10.64,10.77,10.6101,10.66,93094876,993324654.2918999
2025-06-12 00:00:00+00:00,10.58,10.59,10.43,10.53,76393291,804612337.4575001
2025-06-13 00:00:00+00:00,10.47,10.51,10.38,10.43,90106172,941384231.97
2025-06-16 00:00:00+00:00,10.5,10.67,10.5,10.62,75195179,795001029.9775
2025-06-17 00:00:00+00:00,10.59,10.63,10.38,10.42,100969375,1060683284.3750001
2025-06-18 00:00:00+00:00,10.43,10.53,10.395,10.43,82770168,864637867.4699999
2025-06-20 00:00:00+00:00,10.49,10.6,10.46,10.59,116743402,1229891740.07
2025-06-23 00:00:00+00:00,10.55,10.75,10.535,10.75,77576511,825898930.23375
2025-06-24 00:00:00+00:00,10.79,10.87,10.72,10.73,77244413,832501661.1075
2025-06-25 00:00:00+00:00,10.76,10.765,10.42,10.48,91927326,975004201.3874999
2025-06-26 00:00:00+00:00,10.4999,10.65,10.47,10.63,88416356,933895549.8411001
2025-06-27 00:00:00+00:00,10.7,10.92,10.68,10.8,182008244,1961138829.0999997
2025-06-30 00:00:00+00:00,10.72,10.86,10.685,10.85,88472231,953620059.89125
2025-07-01 00:00:00+00:00,10.81,11.38,10.7901,11.35,140150738,1553224057.65345
2025-07-02 00:00:00+00:00,11.38,11.78,11.37,11.77,122331588,1415988131.1
2025-07-03 00:00:00+00:00,11.75,11.96,11.75,11.81,60311463,712730714.0025
2025-07-07 00:00:00+00:00,11.6,11.79,11.48,11.59,73842100,857675991.5000001
2025-07-08 00:00:00+00:00,11.65,11.85,11.64,11.68,74190215,868396466.575
2025-07-09 00:00:00+00:00,11.78,11.9,11.76,11.83,63886882,754983228.035
2025-07-10 00:00:00+00:00,11.86,11.97,11.78,11.91,67263023,799084713.2399999
2025-07-11 00:00:00+00:00,11.85,11.86,11.71,11.78,65340737,771020696.6
2025-07-14 00:00:00+00:00,11.76,11.895,11.67,11.88,62098074,732834895.7925001
2025-07-15 00:00:00+00:00,11.9,11.93,11.5247,11.57,65101902,763721805.1948498
2025-07-16 00:00:00+00:00,11.35,11.45,11.15,11.24,107978145,1219883093.1375
2025-07-17 00:00:00+00:00,11.19,11.3465,11.11,11.15,70345257,787805326.300125
2025-07-18 00:00:00+00:00,11.17,11.24,11.05,11.16,68812553,767604028.715
2025-07-21 00:00:00+00:00,11.26,11.45,11.21,11.31,65515630,740817986.225
2025-07-22 00:00:00+00:00,11.24,11.29,11.08,11.19,79403755,889322056.0
2025-07-23 00:00:00+00:00,11.28,11.46,11.28,11.38,76163207,864452399.4500002
2025-07-24 00:00:00+00:00,11.31,11.429,11.23,11.26,63557796,718663888.821
2025-07-25 00:00:00+00:00,11.335,11.49,11.2401,11.47,52312257,595510963.430175
2025-07-28 00:00:00+00:00,11.48,11.49,11.25,11.28,54173647,616225234.625
2025-07-29 00:00:00+00:00,11.29,11.29,11.06,11.08,58371483,652593179.9399999
2025-07-30 00:00:00+00:00,11.125,11.125,10.82,10.87,79866858,877337435.13
2025-07-31 00:00:00+00:00,10.773,11.15,10.6801,11.07,101090884,1103738071.5051
2025-08-01 00:00:00+00:00,10.92,10.92,10.68,10.82,73541489,796822033.3149999
2025-08-04 00:00:00+00:00,10.89,11.02,10.86,10.95,56696828,619696330.04
2025-08-05 00:00:00+00:00,10.98,11.1,10.9,11.06,58864252,648095414.52
2025-08-06 00:00:00+00:00,11.11,11.26,11.08,11.21,59519843,664539047.0949999
2025-08-07 00:00:00+00:00,11.3,11.385,11.1,11.28,71774972,808634778.2950001
2025-08-08 00:00:00+00:00,11.305,11.37,11.21,11.32,48465317,547718663.74625
2025-08-11 00:00:00+00:00,11.3,11.57,11.06,11.14,84332966,950221694.405
2025-08-12 00:00:00+00:00,11.2,11.32,11.13,11.25,64021039,718636162.775
2025-08-13 00:00:00+00:00,11.27,11.49,11.19,11.44,63823345,724235407.3874999
2025-08-14 00:00:00+00:00,11.3,11.45,11.215,11.44,52469244,595591505.955
2025-08-15 00:00:00+00:00,11.43,11.52,11.41,11.44,46141355,528318514.74999994
2025-08-18 00:00:00+00:00,11.4,11.48,11.37,11.46,37113805,424118006.6375
2025-08-19 00:00:00+00:00,11.52,11.73,11.49,11.58,58020177,671873649.66
2025-08-20 00:00:00+00:00,11.52,11.6,11.47,11.49,46469853,535332706.56
2025-08-21 00:00:00+00:00,11.42,11.43,11.195,11.33,51779301,587371445.71875
2025-08-22 00:00:00+00:00,11.39,11.77,11.39,11.74,58538704,677439152.04
2025-08-25 00:00:00+00:00,11.72,11.85,11.68,11.82,45038754,529993537.695
2025-08-26 00:00:00+00:00,11.81,11.87,11.77,11.84,48613273,574730420.0425
2025-08-27 00:00:00+00:00,11.82,11.98,11.81,11.91,40381477,479731946.75999993
2025-08-28 00:00:00+00:00,11.985,11.99,11.63,11.71,47723668,564511337.855
2025-08-29 00:00:00+00:00,11.74,11.83,11.72,11.77,44069734,518480420.51000005
2025-09-02 00:00:00+00:00,11.755,11.89,11.64,11.72,57704182,678096268.7275001
2025-09-03 00:00:00+00:00,11.67,11.725,11.57,11.62,47728660,555859906.525
2025-09-04 00:00:00+00:00,11.65,11.7,11.57,11.68,33136650,386041972.5
2025-09-05 00:00:00+00:00,11.71,11.91,11.66,11.74,47547831,558924753.4050001
2025-09-08 00:00:00+00:00,11.75,11.75,11.58,11.69,39734522,464595898.48499995
2025-09-09 00:00:00+00:00,11.67,11.68,11.45,11.49,41262743,477513093.3675
2025-09-10 00:00:00+00:00,11.49,11.52,11.31,11.42,47021328,537688885.6800001
2025-09-11 00:00:00+00:00,11.46,11.79,11.43,11.76,64196118,745316929.98
2025-09-12 00:00:00+00:00,11.754,11.81,11.66,11.68,50100809,587482086.334
2025-09-15 00:00:00+00:00,11.74,11.755,11.61,11.68,47942431,560746658.58375
2025-09-16 00:00:00+00:00,11.685,11.78,11.51,11.61,58064970,676239156.8625001
2025-09-17 00:00:00+00:00,11.63,11.88,11.55,11.66,68585945,801083837.6
2025-09-18 00:00:00+00:00,11.69,11.78,11.62,11.74,55040063,644381537.5725
2025-09-19 00:00:00+00:00,11.77,11.8,11.585,11.62,71676341,838165212.56875
2025-09-22 00:00:00+00:00,11.6,11.7,11.565,11.66,58432710,679645458.1874999
2025-09-23 00:00:00+00:00,11.7,11.93,11.695,11.73,55667552,654859164.8400002
2025-09-24 00:00:00+00:00,11.73,11.83,11.59,11.63,60193780,703966257.1000001
2025-09-25 00:00:00+00:00,11.54,11.65,11.37,11.62,67656337,781092410.6649998
2025-09-26 00:00:00+00:00,11.65,12.315,11.65,12.01,117681848,1401149502.75
2025-09-29 00:00:00+00:00,12.1,12.12,11.89,12.09,83325012,1004066394.6
2025-09-30 00:00:00+00:00,12.11,12.2,11.91,11.96,70765048,852365003.16
2025-10-01 00:00:00+00:00,12.12,12.28,12.04,12.27,73578427,896001294.7924999
2025-10-02 00:00:00+00:00,12.28,12.43,12.12,12.22,74530532,913930648.65
2025-10-03 00:00:00+00:00,12.245,12.67,12.2,12.67,100778558,1254315127.5075
2025-10-06 00:00:00+00:00,12.63,12.8,12.48,12.7,90544937,1145619815.3925
2025-10-07 00:00:00+00:00,12.5,12.53,11.74,11.92,154390154,1879314149.5650003
2025-10-08 00:00:00+00:00,11.98,12.014,11.68,11.74,78469653,930140031.8355
2025-10-09 00:00:00+00:00,11.745,11.77,11.48,11.5,70320483,817387714.2712501
2025-10-10 00:00:00+00:00,11.55,11.59,11.35,11.41,84595402,970732237.9500002
2025-10-13 00:00:00+00:00,11.49,11.63,11.46,11.54,73939384,852521097.52
2025-10-14 00:00:00+00:00,11.38,11.76,11.34,11.65,89117946,1027752712.245
2025-10-15 00:00:00+00:00,11.675,11.78,11.64,11.76,88960726,1042063704.1824999
2025-10-16 00:00:00+00:00,11.74,11.79,11.64,11.74,108701202,1274793346.4550002
2025-10-17 00:00:00+00:00,11.74,12.01,11.72,11.92,107633522,1275188151.895
2025-10-20 00:00:00+00:00,11.93,12.08,11.91,11.99,77878936,932794955.94
2025-10-21 00:00:00+00:00,12.255,12.63,12.07,12.56,297153158,3678384654.5925
2025-10-22 00:00:00+00:00,12.53,12.595,12.28,12.43,415062173,5171155847.86375
2025-10-23 00:00:00+00:00,12.47,12.49,12.19,12.34,479840312,5936824260.219999
2025-10-24 00:00:00+00:00,12.73,13.97,12.71,13.84,298366862,3972008850.375
2025-10-27 00:00:00+00:00,13.8,13.8,13.21,13.26,140859004,1904061586.57
2025-10-28 00:00:00+00:00,13.24,13.28,13.04,13.13,96738451,1274287245.7975001
2025-10-29 00:00:00+00:00,13.1,13.39,13.07,13.24,127512240,1683161568.0000002
2025-10-30 00:00:00+00:00,13.14,13.29,13.06,13.06,80766301,1061067279.3875
2025-10-31 00:00:00+00:00,13.04,13.17,12.99,13.13,68861988,900886958.0100001
2025-11-03 00:00:00+00:00,13.1,13.1,12.9,13.01,80419403,1047663772.5825
2025-11-04 00:00:00+00:00,12.91,12.93,12.75,12.79,70360611,903782048.2950001
2025-11-05 00:00:00+00:00,12.92,13.305,12.88,13.11,79134307,1032999460.00125
2025-11-06 00:00:00+00:00,13.14,13.26,12.98,13.12,82291049,1080070018.1249998
2025-11-07 00:00:00+00:00,12.96,13.24,12.95,13.21,80011318,1047348152.6200001
2025-11-10 00:00:00+00:00,13.23,13.235,13.0,13.16,62051157,816360534.28125
2025-11-11 00:00:00+00:00,13.19,13.44,13.19,13.3,79742405,1058979138.4000001
2025-11-12 00:00:00+00:00,13.3,13.5,13.3,13.45,61840461,827889171.6374999
2025-11-13 00:00:00+00:00,13.4,13.5,13.25,13.28,71481613,954815645.6475
2025-11-14 00:00:00+00:00,13.18,13.31,13.1,13.19,67932422,896368308.29
2025-11-17 00:00:00+00:00,13.1751,13.1751,12.78,12.88,73404381,954444134.17155
2025-11-18 00:00:00+00:00,12.87,13.09,12.76,13.02,70215400,908236198.9999999
2025-11-19 00:00:00+00:00,13.03,13.15,12.8649,12.9,49619260,644366874.6934999
2025-11-20 00:00:00+00:00,12.91,13.01,12.38,12.41,95861863,1215288768.1825001
2025-11-21 00:00:00+00:00,12.51,12.94,12.49,12.83,74048860,939865155.55
2025-11-24 00:00:00+00:00,12.84,12.98,12.825,12.96,52936240,682943666.3
2025-11-25 00:00:00+00:00,12.99,13.26,12.975,13.17,52884970,692727000.7875
2025-11-26 00:00:00+00:00,13.17,13.26,13.12,13.19,44942203,592562946.555
2025-11-28 00:00:00+00:00,13.205,13.34,13.18,13.28,29536180,391391305.225
2025-12-01 00:00:00+00:00,13.195,13.385,13.13,13.16,51593955,681943100.2125001
2025-12-02 00:00:00+00:00,13.19,13.19,12.87,12.96,57641703,752368328.4075
2025-12-03 00:00:00+00:00,12.99,13.14,12.96,13.09,45364666,591782067.97
2025-12-04 00:00:00+00:00,13.19,13.24,13.06,13.14,47554803,625702320.4725001
2025-12-05 00:00:00+00:00,13.15,13.28,13.0,13.03,54099362,709513132.63
2025-12-08 00:00:00+00:00,13.07,13.16,12.945,13.14,45580830,596140280.3625
2025-12-09 00:00:00+00:00,13.13,13.2202,13.06,13.08,33349986,437636858.7843
2025-12-10 00:00:00+00:00,13.08,13.42,13.07,13.41,72210701,956430734.7450001
2025-12-11 00:00:00+00:00,13.385,13.68,13.3,13.63,59012304,796592338.62
2025-12-12 00:00:00+00:00,13.67,13.84,13.67,13.76,48337280,663912540.8
2025-12-15 00:00:00+00:00,13.8,13.81,13.49,13.65,53577255,733338677.8125
2025-12-16 00:00:00+00:00,13.72,13.99,13.5701,13.67,69408875,953506155.5343751
2025-12-17 00:00:00+00:00,13.63,13.66,13.29,13.31,58320635,785724755.0375
2025-12-18 00:00:00+00:00,13.38,13.4656,13.25,13.32,52604828,702479612.6292001
2025-12-19 00:00:00+00:00,13.31,13.475,13.28,13.47,61640571,824981992.1212499
2025-12-22 00:00:00+00:00,13.51,13.6095,13.42,13.46,31106109,419928583.23637503
2025-12-23 00:00:00+00:00,13.43,13.45,13.28,13.29,25440833,339953130.9625
2025-12-24 00:00:00+00:00,13.3,13.38,13.25,13.36,14227582,189546961.195
2025-12-26 00:00:00+00:00,13.335,13.375,13.26,13.31,22471423,299319354.36
2025-12-29 00:00:00+00:00,13.27,13.31,13.24,13.28,24398306,323887512.15000004
2025-12-30 00:00:00+00:00,13.28,13.29,13.2,13.23,23002807,304787192.75
2025-12-31 00:00:00+00:00,13.21,13.22,13.12,13.12,26302260,346335008.54999995
2026-01-02 00:00:00+00:00,13.18,13.39,13.06,13.34,46366861,614013156.7925
2026-01-05 00:00:00+00:00,13.25,13.48,13.2001,13.47,50135246,669306787.48115
2026-01-06 00:00:00+00:00,13.51,13.86,13.32,13.8,84534703,1151573991.6174998
2026-01-07 00:00:00+00:00,13.8,13.82,13.59,13.74,50608950,695240450.625
2026-01-08 00:00:00+00:00,13.89,14.5,13.89,14.4,154276839,2186102808.63
2026-01-09 00:00:00+00:00,14.3499,14.41,14.085,14.2,68436178,975983732.59805
2026-01-12 00:00:00+00:00,14.15,14.185,13.955,14.03,53443964,752491013.12
2026-01-13 00:00:00+00:00,14.055,14.13,13.96,13.98,58867535,825985100.46875
2026-01-14 00:00:00+00:00,14.0,14.12,13.79,13.84,65318552,910377318.5
2026-01-15 00:00:00+00:00,13.915,14.13,13.79,13.81,44241477,615454246.91625
2026-01-16 00:00:00+00:00,13.76,13.795,13.59,13.6,60750836,831451129.2049999
2026-01-20 00:00:00+00:00,13.47,13.61,13.23,13.28,67018098,897874967.955
2026-01-21 00:00:00+00:00,13.405,13.77,13.405,13.77,58160147,790250997.3625
2026-01-22 00:00:00+00:00,13.78,13.84,13.7,13.71,38170250,525127214.37499994
2026-01-23 00:00:00+00:00,13.7,13.7,13.55,13.56,39702051,541039700.0025
2026-01-26 00:00:00+00:00,13.56,13.655,13.3448,13.44,59170963,798805041.9518499
2026-01-27 00:00:00+00:00,13.64,13.945,13.51,13.93,100003667,1375675444.16875
2026-01-28 00:00:00+00:00,13.88,13.89,13.76,13.82,48751764,674602534.35
2026-01-29 00:00:00+00:00,13.89,14.09,13.795,14.0,84803904,1182484436.3999999
2026-01-30 00:00:00+00:00,13.91,13.98,13.79,13.88,66996343,930579204.27
2026-02-02 00:00:00+00:00,13.86,13.895,13.745,13.81,54218120,749701054.3000001
2026-02-03 00:00:00+00:00,13.82,14.0351,13.61,13.73,76637980,1057510242.4745
2026-02-04 00:00:00+00:00,13.72,14.0,13.69,13.82,70488674,973272366.255
2026-02-05 00:00:00+00:00,13.75,13.82,13.53,13.72,79719943,1092561818.815
2026-02-06 00:00:00+00:00,13.78,13.88,13.665,13.8,55588190,766074743.4375
2026-02-09 00:00:00+00:00,13.75,13.775,13.53,13.59,59777960,816641656.05
2026-02-10 00:00:00+00:00,13.635,13.74,13.57,13.57,80827666,1101580052.9975
2026-02-11 00:00:00+00:00,13.62,13.88,13.515,13.85,129595007,1777557514.76375
2026-02-12 00:00:00+00:00,13.9,14.36,13.85,14.0,133257187,1869265190.6425
2026-02-13 00:00:00+00:00,13.88,14.335,13.85,14.12,87400202,1227645087.3425
2026-02-17 00:00:00+00:00,14.09,14.17,13.933,14.13,57684793,812245149.03475
2026-02-18 00:00:00+00:00,14.11,14.14,13.805,13.85,64199313,897265648.31625
2026-02-19 00:00:00+00:00,13.77,13.945,13.69,13.78,58268473,803886420.62625
2026-02-20 00:00:00+00:00,13.775,14.035,13.72,14.01,67701102,940029801.27
2026-02-23 00:00:00+00:00,13.98,14.04,13.57,13.64,59134368,816497786.1600001
2026-02-24 00:00:00+00:00,13.77,14.325,13.73,14.2,73560767,1030310492.79375
2026-02-25 00:00:00+00:00,14.25,14.49,14.15,14.43,58968680,845021184.4
2026-02-26 00:00:00+00:00,14.45,14.795,14.3044,14.41,61456283,890492322.22755
2026-02-27 00:00:00+00:00,14.32,14.57,14.03,14.09,73156951,1042669444.1275
2026-03-02 00:00:00+00:00,13.93,13.93,13.22,13.39,110305523,1502085459.4524999
2026-03-03 00:00:00+00:00,13.07,13.18,12.68,12.7,102354711,1321143432.2324998
2026-03-04 00:00:00+00:00,12.945,13.15,12.81,12.81,73976741,956426790.20375
2026-03-05 00:00:00+00:00,12.7,12.745,12.24,12.34,71944256,899752851.6000001
2026-03-06 00:00:00+00:00,12.17,12.32,12.03,12.15,59877681,728561683.5675
2026-03-09 00:00:00+00:00,11.94,12.2,11.8,12.19,69611163,837596318.7974999
2026-03-10 00:00:00+00:00,12.19,12.51,12.19,12.24,56746283,696986220.9475
2026-03-11 00:00:00+00:00,12.27,12.49,12.031,12.11,50074537,612173733.45925
2026-03-12 00:00:00+00:00,11.93,12.19,11.85,12.04,51733909,620936242.7724999
2026-03-13 00:00:00+00:00,12.11,12.13,11.65,11.67,48546476,577217599.64
2026-03-16 00:00:00+00:00,11.815,11.875,11.64,11.71,49441381,581430640.56
2026-03-17 00:00:00+00:00,11.86,12.03,11.84,11.94,59520140,709331268.45
2026-03-18 00:00:00+00:00,11.87,12.01,11.7,11.79,55564771,658025800.5675
2026-03-19 00:00:00+00:00,11.68,11.75,11.48,11.64,47423416,551890003.6999999
2026-03-20 00:00:00+00:00,11.635,11.68,11.37,11.52,147725055,1706409041.56875
2026-03-23 00:00:00+00:00,11.93,12.01,11.72,11.76,44442151,526861700.10499996
2026-03-24 00:00:00+00:00,11.68,11.88,11.67,11.84,31903851,375428566.64250004
2026-03-25 00:00:00+00:00,11.945,12.01,11.66,11.67,37746080,446205848.2
2026-03-26 00:00:00+00:00,11.56,11.72,11.49,11.6,28517572,330589953.41
2026-03-27 00:00:00+00:00,11.54,11.55,11.29,11.37,33064553,378175824.93749994
2026-03-30 00:00:00+00:00,11.41,11.45,11.11,11.21,41459901,468289581.795
2026-03-31 00:00:00+00:00,11.36,11.59,11.27,11.54,38287891,438013473.03999996
2026-04-01 00:00:00+00:00,11.62,11.69,11.575,11.68,33991682,395705668.0825
2026-04-02 00:00:00+00:00,11.47,11.62,11.36,11.6,31109069,358143156.8625
2026-04-06 00:00:00+00:00,11.6,11.63,11.5,11.61,24374590,282379625.15000004
2026-04-07 00:00:00+00:00,11.54,11.605,11.35,11.52,41991577,483060603.91375
2026-04-08 00:00:00+00:00,11.96,12.24,11.96,12.18,58139980,702621658.3000001
2026-04-09 00:00:00+00:00,12.065,12.27,11.96,12.24,32576248,395272049.17
2026-04-10 00:00:00+00:00,12.34,12.42,12.07,12.13,28362740,347159937.6
2026-04-13 00:00:00+00:00,12.03,12.165,11.92,12.16,32688630,394510903.31250006
2026-04-14 00:00:00+00:00,12.51,12.75,12.45,12.71,50232181,633176641.5049999
2026-04-15 00:00:00+00:00,12.7,12.755,12.49,12.71,39926529,505619581.62375003
2026-04-16 00:00:00+00:00,12.67,12.75,12.42,12.44,37407678,470214512.46000004
2026-04-17 00:00:00+00:00,12.64,13.04,12.62,12.87,45734996,585064936.3299999
2026-04-20 00:00:00+00:00,12.81,12.915,12.75,12.87,26028970,334114366.16249996
2026-04-21 00:00:00+00:00,12.87,13.03,12.775,12.78,32209969,414340988.72375
2026-04-22 00:00:00+00:00,12.84,12.8797,12.575,12.63,23958292,305017208.1531
2026-04-23 00:00:00+00:00,12.61,12.695,12.37,12.48,30844543,386752013.54125
2026-04-24 00:00:00+00:00,12.45,12.46,12.29,12.38,35043473,434363847.83500004
2026-04-27 00:00:00+00:00,12.38,12.65,12.38,12.49,35098178,437849770.5500001
2026-04-28 00:00:00+00:00,12.52,12.52,12.2431,12.4,44277997,549967038.187675
2026-04-29 00:00:00+00:00,12.37,12.38,12.135,12.24,48672834,597763242.5625
2026-04-30 00:00:00+00:00,11.551,12.09,11.47,12.08,80557936,950402389.4439999
2026-05-01 00:00:00+00:00,12.06,12.07,11.78,11.88,52880467,631789379.4825001
2026-05-04 00:00:00+00:00,11.85,11.88,11.455,11.5,51014813,595406636.22625
2026-05-05 00:00:00+00:00,11.56,11.79,11.555,11.69,42262077,492300369.45375
2026-05-06 00:00:00+00:00,11.94,12.2499,11.94,12.17,52111220,629241678.7195001
2026-05-07 00:00:00+00:00,12.222,12.3,12.06,12.18,38986729,475267719.8745
2026-05-08 00:00:00+00:00,12.29,12.37,12.18,12.32,38453548,472594104.91999996
2026-05-11 00:00:00+00:00,12.34,12.39,12.01,12.05,48850838,595858096.5050001
2026-05-12 00:00:00+00:00,11.92,12.025,11.8,11.99,42165335,503190566.5562501
2026-05-13 00:00:00+00:00,11.97,13.94,11.97,13.57,216261152,2781659067.6000004
2026-05-14 00:00:00+00:00,13.75,14.94,13.63,14.48,187021634,2655707202.7999997
2026-05-15 00:00:00+00:00,13.98,14.05,13.285,13.4,108272346,1481030352.8474998
2026-05-18 00:00:00+00:00,13.99,13.99,13.015,13.03,69708827,941504844.66875
2026-05-19 00:00:00+00:00,12.89,13.23,12.72,13.06,41418196,537401093.1
2026-05-20 00:00:00+00:00,13.05,13.31,12.92,13.22,42349021,555830900.625
2026-05-21 00:00:00+00:00,13.17,13.8,13.14,13.67,72523073,975072716.485
2026-05-22 00:00:00+00:00,13.79,14.95,13.77,14.93,109712162,1575466646.32
2026-05-26 00:00:00+00:00,14.78,15.545,14.78,15.32,90423290,1365956824.5625
2026-05-27 00:00:00+00:00,15.425,16.06,15.39,15.88,89234057,1399970811.75875
2026-05-28 00:00:00+00:00,15.864,16.75,15.86,16.65,98577305,1604937102.705
2026-05-29 00:00:00+00:00,16.88,17.78,16.82,17.44,154228168,2657351334.64
2026-06-01 00:00:00+00:00,17.38,17.48,16.625,16.63,97586362,1661773761.9074998
2026-06-02 00:00:00+00:00,16.57,16.75,15.8301,16.15,72847530,1189237748.43825
2026-06-03 00:00:00+00:00,16.01,16.2,15.63,15.71,59298508,942105045.85
2026-06-04 00:00:00+00:00,15.89,15.89,15.22,15.34,50079427,780487869.7950001
2026-06-05 00:00:00+00:00,15.232,15.26,14.6801,14.9,65372109,981759967.264725
2026-06-08 00:00:00+00:00,14.99,15.19,14.91,15.0,33038291,496317726.5475
2026-06-09 00:00:00+00:00,15.105,15.39,14.49,14.95,51032582,764659450.5425
2026-06-10 00:00:00+00:00,14.84,14.84,14.23,14.3,50776696,738927868.54
2026-06-11 00:00:00+00:00,14.3,14.78,14.1,14.71,47657218,689719087.505
2026-06-12 00:00:00+00:00,14.75,15.0,14.61,14.84,42162231,624001018.8000001
2026-06-15 00:00:00+00:00,15.22,15.48,14.735,14.77,48551864,730766243.03
2026-06-16 00:00:00+00:00,14.79,14.85,14.41,14.41,47489971,694065926.165
2026-06-17 00:00:00+00:00,14.43,14.48,13.93,13.96,43099801,612017174.2
2026-06-18 00:00:00+00:00,14.12,14.13,13.72,14.06,88711728,1242629529.96
2026-06-22 00:00:00+00:00,14.1,14.56,13.95,14.11,66738123,946346584.14
2026-06-23 00:00:00+00:00,13.835,14.2151,13.74,14.0,65368276,911725663.7169
2026-06-24 00:00:00+00:00,14.03,14.15,13.71,13.84,51674976,719961603.12
2026-06-25 00:00:00+00:00,13.916,14.36,13.89,14.11,61756071,868846162.8989999
2026-06-26 00:00:00+00:00,13.97,14.48,13.97,14.13,59551911,841915141.7625
2026-06-29 00:00:00+00:00,14.09,14.25,13.96,14.02,46333183,652371216.6399999
2026-06-30 00:00:00+00:00,14.02,14.185,13.79,13.9,59308698,828764918.6774999
2026-07-01 00:00:00+00:00,13.85,13.88,13.545,13.64,44543988,611533275.255
2026-07-02 00:00:00+00:00,13.82,14.0,13.22,13.36,49011929,666562234.4
2026-07-06 00:00:00+00:00,13.51,13.895,13.4235,13.83,54301369,742007844.3716251
2026-07-07 00:00:00+00:00,13.75,13.8,13.55,13.56,43813404,598710165.6600001
2026-07-08 00:00:00+00:00,13.38,13.57,13.24,13.5,43967606,590155191.5350001
2026-07-09 00:00:00+00:00,13.59,13.745,13.435,13.61,41197467,560079563.865
2026-07-10 00:00:00+00:00,13.627,14.1,13.627,14.0,47092803,651693754.3155
2026-07-13 00:00:00+00:00,13.99,14.22,13.82,13.85,51284115,716439086.5500001
2026-07-14 00:00:00+00:00,14.0,14.03,13.76,13.94,42721919,595223136.4675
2026-07-15 00:00:00+00:00,14.04,14.375,13.97,14.18,57373202,811328792.7824999
2026-07-16 00:00:00+00:00,14.2,14.265,14.0,14.19,33315247,471868829.69625
2026-07-17 00:00:00+00:00,14.04,14.5,13.85,14.23,45456460,643436191.3000001
2026-07-20 00:00:00+00:00,14.3,14.3,13.94,13.99,39940064,564452954.48
2026-07-21 00:00:00+00:00,14.15,14.42,14.03,14.27,48936322,695752158.0350001
2026-07-22 00:00:00+00:00,14.27,14.7,14.26,14.42,62012048,893748641.8
2026-07-23 00:00:00+00:00,14.21,14.28,14.02,14.15,65393705,926301831.325
2026-07-24 00:00:00+00:00,14.17,14.545,14.135,14.37,76549636,1095042542.98
2026-07-27 00:00:00+00:00,14.81,14.87,14.34,14.68,58748371,862132344.425
2026-07-28 00:00:00+00:00,14.76,15.02,14.66,14.96,75709042,1124279273.7
