timestamps,open,high,low,close,volume,amount
2016-01-04 00:00:00+00:00,33.9,34.01,33.46,33.99,27882190,943533309.6000001
2016-01-05 00:00:00+00:00,33.96,34.0,33.53,33.83,16709510,565282723.3
2016-01-06 00:00:00+00:00,33.26,33.52,32.8,33.08,25491255,845417472.0749999
2016-01-07 00:00:00+00:00,32.26,33.0077,31.84,31.84,37680521,1214704129.4379249
2016-01-08 00:00:00+00:00,32.09,32.22,31.43,31.51,29953840,952906535.0000001
2016-01-11 00:00:00+00:00,31.79,32.22,31.68,32.06,27732435,885704642.8125
2016-01-12 00:00:00+00:00,32.89,32.89,32.27,32.68,28587697,934317407.2025001
2016-01-13 00:00:00+00:00,32.75,32.93,31.83,31.91,34445691,1114490332.305
2016-01-14 00:00:00+00:00,31.98,32.87,31.8,32.74,48728154,1576233961.5149999
2016-01-15 00:00:00+00:00,29.73,30.5,29.45,29.76,76373920,2280525251.2000003
2016-01-19 00:00:00+00:00,29.9675,30.06,29.48,29.8,28878108,861343717.5525
2016-01-20 00:00:00+00:00,29.35,29.87,29.21,29.59,39598190,1168344595.95
2016-01-21 00:00:00+00:00,29.73,30.03,29.24,29.66,30157376,894618559.04
2016-01-22 00:00:00+00:00,30.12,30.24,29.51,29.925,25326490,758496717.3875
2016-01-25 00:00:00+00:00,29.99,30.215,29.57,29.6,26440976,789097877.5
2016-01-26 00:00:00+00:00,29.61,30.05,29.61,29.94,24754949,737759367.5725
2016-01-27 00:00:00+00:00,29.87,30.22,29.64,29.81,26384138,788489964.13
2016-01-28 00:00:00+00:00,30.01,30.18,29.75,29.97,22028142,660348626.805
2016-01-29 00:00:00+00:00,30.21,31.03,30.1,31.02,38311356,1171944380.04
2016-02-01 00:00:00+00:00,30.69,31.12,30.64,30.82,19015120,585998460.6
2016-02-02 00:00:00+00:00,30.37,30.49,29.63,29.8,24994282,751640545.4449999
2016-02-03 00:00:00+00:00,29.72,29.72,28.52,29.34,44660057,1309656171.5249999
2016-02-04 00:00:00+00:00,29.21,29.88,29.11,29.77,29257839,862886816.7075
2016-02-05 00:00:00+00:00,29.58,29.76,28.91,29.04,27957541,819784995.9725
2016-02-08 00:00:00+00:00,28.74,28.98,28.3,28.82,28725928,824721392.88
2016-02-09 00:00:00+00:00,28.5,29.145,28.41,28.81,22902625,657677505.15625
2016-02-10 00:00:00+00:00,28.88,29.0,28.19,28.23,27267783,779176899.225
2016-02-11 00:00:00+00:00,27.83,28.41,27.68,28.22,28450212,797601693.42
2016-02-12 00:00:00+00:00,28.54,28.695,28.14,28.64,19698998,561495314.2425
2016-02-16 00:00:00+00:00,28.74,28.95,28.36,28.78,30705228,881470332.81
2016-02-17 00:00:00+00:00,28.86,29.6199,28.73,29.47,27691728,807767013.4668
2016-02-18 00:00:00+00:00,29.52,29.76,29.38,29.42,20623257,608798546.64
2016-02-19 00:00:00+00:00,29.26,29.33,28.71,28.71,42056701,1219749470.7525003
2016-02-22 00:00:00+00:00,29.14,29.54,29.0,29.35,23893145,699053689.8375
2016-02-23 00:00:00+00:00,29.33,29.345,28.6,28.8,26638208,773007498.4
2016-02-24 00:00:00+00:00,28.52,29.3,28.375,29.19,21593601,622894412.8462499
2016-02-25 00:00:00+00:00,29.32,29.62,28.95,29.62,17571439,516204949.2225
2016-02-26 00:00:00+00:00,29.89,30.08,29.7,29.8,19902219,594429525.9825
2016-02-29 00:00:00+00:00,29.72,30.14,29.58,29.59,22903077,681538313.8275
2016-03-01 00:00:00+00:00,29.92,30.53,29.75,30.37,25502568,768711155.94
2016-03-02 00:00:00+00:00,30.3,30.87,30.12,30.54,23779774,724272466.605
2016-03-03 00:00:00+00:00,31.12,31.35,30.54,30.58,25625212,791754987.77
2016-03-04 00:00:00+00:00,30.5,30.86,30.05,30.63,20356845,621087340.9499999
2016-03-07 00:00:00+00:00,30.6,31.12,30.5,30.94,18879949,581313629.71
2016-03-08 00:00:00+00:00,30.84,30.88,30.38,30.56,19104928,585852617.12
2016-03-09 00:00:00+00:00,30.83,31.04,30.67,30.865,14707806,453754199.85749996
2016-03-10 00:00:00+00:00,31.14,31.4,30.38,31.25,29584840,918387395.7
2016-03-11 00:00:00+00:00,31.65,31.79,31.53,31.76,22811232,722716857.84
2016-03-14 00:00:00+00:00,31.66,31.69,31.3,31.43,17438583,549664136.1600001
2016-03-15 00:00:00+00:00,31.34,31.65,31.06,31.65,16927746,531954418.04999995
2016-03-16 00:00:00+00:00,31.47,31.795,31.17,31.69,26298416,829221929.5
2016-03-17 00:00:00+00:00,31.76,32.17,31.7,31.98,22865286,729459786.6150001
2016-03-18 00:00:00+00:00,32.16,32.69,32.06,32.68,49934246,1617744734.785
2016-03-21 00:00:00+00:00,32.22,32.42,31.95,32.34,21760871,701407274.5075
2016-03-22 00:00:00+00:00,32.17,32.46,31.95,32.32,22200449,715409469.025
2016-03-23 00:00:00+00:00,32.47,32.47,31.98,32.0,18765319,604806231.3700001
2016-03-24 00:00:00+00:00,31.85,31.95,31.7001,31.88,14211908,452578565.5577
2016-03-28 00:00:00+00:00,31.88,32.0,31.62,31.9,11433018,364141623.3
2016-03-29 00:00:00+00:00,31.93,32.44,31.7269,32.38,15313190,491847795.07775
2016-03-30 00:00:00+00:00,32.45,32.75,32.289,32.71,16598019,540261368.94525
2016-03-31 00:00:00+00:00,32.53,32.66,32.315,32.35,17879995,580451687.68125
2016-04-01 00:00:00+00:00,32.27,32.47,32.1,32.45,18049694,583411234.315
2016-04-04 00:00:00+00:00,32.28,32.38,31.74,32.0,21581634,692770451.3999999
2016-04-05 00:00:00+00:00,31.89,32.12,31.72,31.9,20080011,640702950.9825
2016-04-06 00:00:00+00:00,31.97,32.23,31.77,32.08,15740607,503896181.5874999
2016-04-07 00:00:00+00:00,31.89,31.9,31.35,31.55,23738226,751848962.985
2016-04-08 00:00:00+00:00,31.77,32.02,31.48,31.63,17031882,540336456.45
2016-04-11 00:00:00+00:00,31.9,32.34,31.66,31.67,19707683,628527280.0775
2016-04-12 00:00:00+00:00,31.88,31.94,31.38,31.86,16774210,532832780.65000004
2016-04-13 00:00:00+00:00,32.02,32.18,31.95,32.13,19968076,640376197.32
2016-04-14 00:00:00+00:00,31.78,31.885,31.55,31.8,21620893,686544431.09875
2016-04-15 00:00:00+00:00,31.79,31.885,31.38,31.46,28782769,910363005.0087498
2016-04-18 00:00:00+00:00,31.4,31.72,31.38,31.65,21566599,680156615.9625
2016-04-19 00:00:00+00:00,31.7,31.81,31.4,31.6,33619314,1063294853.535
2016-04-20 00:00:00+00:00,31.34,32.26,31.25,32.0,57629791,1827584747.0874999
2016-04-21 00:00:00+00:00,31.94,32.06,31.81,31.97,28431358,908239731.3100001
2016-04-22 00:00:00+00:00,31.74,31.86,31.22,31.64,29625641,936614640.2149999
2016-04-25 00:00:00+00:00,31.36,31.5,31.195,31.39,19315711,605764841.59875
2016-04-26 00:00:00+00:00,31.39,31.7,31.17,31.4,20976362,658972412.23
2016-04-27 00:00:00+00:00,31.25,31.8,31.19,31.75,20006239,630146512.9025
2016-04-28 00:00:00+00:00,31.48,31.71,31.03,31.11,25146389,787899233.3425
2016-04-29 00:00:00+00:00,30.85,30.87,30.1,30.28,36443747,1112445377.175
2016-05-02 00:00:00+00:00,30.44,30.69,30.36,30.61,21086632,643669441.8000001
2016-05-03 00:00:00+00:00,30.41,30.56,30.09,30.36,27111147,822958867.1850001
2016-05-04 00:00:00+00:00,30.18,30.21,29.7,29.85,23278779,698014188.3149999
2016-05-05 00:00:00+00:00,29.85,30.02,29.75,29.9,23393270,698990907.6
2016-05-06 00:00:00+00:00,29.63,30.11,29.52,30.04,19632199,585530335.175
2016-05-09 00:00:00+00:00,30.08,30.17,29.76,29.8,16888275,505846056.9375
2016-05-10 00:00:00+00:00,29.99,30.18,29.82,30.14,17013816,510967429.02000004
2016-05-11 00:00:00+00:00,30.14,30.245,29.97,30.06,15754233,474261491.67375004
2016-05-12 00:00:00+00:00,30.1,30.24,29.57,29.76,20826694,623082617.745
2016-05-13 00:00:00+00:00,29.86,30.2,29.84,29.91,19999591,599037749.4275
2016-05-16 00:00:00+00:00,29.91,30.56,29.88,30.39,21826072,658819983.3199999
2016-05-17 00:00:00+00:00,30.57,30.57,29.86,29.98,25709903,777596016.235
2016-05-18 00:00:00+00:00,30.03,30.25,29.78,29.99,22469947,674379284.3375
2016-05-19 00:00:00+00:00,29.92,29.93,29.5,29.63,21740870,646682178.15
2016-05-20 00:00:00+00:00,29.7,30.38,29.7,30.15,22777251,682918928.1075001
2016-05-23 00:00:00+00:00,30.23,30.4825,30.13,30.23,20881905,632056110.778125
2016-05-24 00:00:00+00:00,30.5,31.12,30.45,31.06,23699229,729521516.6925001
2016-05-25 00:00:00+00:00,31.19,31.57,31.15,31.39,18423836,577126662.6999999
2016-05-26 00:00:00+00:00,31.47,31.63,31.4,31.49,12692300,399775719.25
2016-05-27 00:00:00+00:00,31.55,31.65,31.45,31.57,13341296,420984595.28
2016-05-31 00:00:00+00:00,31.51,31.65,31.31,31.59,23040218,726112470.27
2016-06-01 00:00:00+00:00,31.62,31.72,31.47,31.66,17753532,561322298.01
2016-06-02 00:00:00+00:00,31.6,31.76,31.45,31.76,14140127,447428968.5975
2016-06-03 00:00:00+00:00,31.69,31.74,31.395,31.62,15777539,498747729.71375
2016-06-06 00:00:00+00:00,31.64,31.82,31.58,31.68,15139603,479622623.04
2016-06-07 00:00:00+00:00,31.74,32.02,31.7,31.88,19339090,615659930.15
2016-06-08 00:00:00+00:00,31.79,32.0,31.79,31.89,12732088,405739814.34
2016-06-09 00:00:00+00:00,31.7,32.0,31.68,31.94,11276764,358939398.12
2016-06-10 00:00:00+00:00,31.72,32.24,31.65,32.04,35749113,1140843568.6125
2016-06-13 00:00:00+00:00,32.0489,32.5,32.04,32.17,23004832,740519215.7512
2016-06-14 00:00:00+00:00,32.01,32.24,31.79,32.14,18754277,600980806.465
2016-06-15 00:00:00+00:00,32.25,32.26,31.59,31.61,23783272,759340416.78
2016-06-16 00:00:00+00:00,31.43,31.77,31.22,31.69,18547853,584767435.4575
2016-06-17 00:00:00+00:00,31.72,31.81,31.47,31.76,27047860,857146683.4
2016-06-20 00:00:00+00:00,32.07,32.44,32.01,32.17,21961579,706558900.3774999
2016-06-21 00:00:00+00:00,32.3,32.375,32.09,32.32,15476450,499444387.06250006
2016-06-22 00:00:00+00:00,32.25,32.63,32.25,32.29,18304758,592250445.0899999
2016-06-23 00:00:00+00:00,32.54,33.0,32.5011,32.99,22048784,722269105.2956
2016-06-24 00:00:00+00:00,31.8,32.32,31.4,31.55,38094301,1210160707.0175002
2016-06-27 00:00:00+00:00,31.41,31.41,30.44,30.72,35454030,1098897659.8500001
2016-06-28 00:00:00+00:00,30.92,31.2,30.81,31.19,23693871,735220817.13
2016-06-29 00:00:00+00:00,31.3499,31.98,31.31,31.93,22771058,720532633.48855
2016-06-30 00:00:00+00:00,31.97,32.88,31.97,32.8,34528919,1118909620.195
2016-07-01 00:00:00+00:00,32.62,32.885,32.47,32.75,17084570,558345103.3125
2016-07-05 00:00:00+00:00,32.52,32.73,32.455,32.68,20107191,655419024.63375
2016-07-06 00:00:00+00:00,32.8,33.0,32.38,32.97,21070217,690839739.8875
2016-07-07 00:00:00+00:00,33.0,33.55,32.96,33.2,26119445,866577886.4874998
2016-07-08 00:00:00+00:00,33.68,34.0,33.5,34.0,23341870,788838496.6500001
2016-07-11 00:00:00+00:00,34.05,34.5,34.04,34.38,23820667,815679189.7475
2016-07-12 00:00:00+00:00,34.5,34.97,34.48,34.94,28064113,974456163.6424999
2016-07-13 00:00:00+00:00,35.0,35.25,34.88,35.01,29120904,1020250871.6399999
2016-07-14 00:00:00+00:00,35.19,35.3,34.96,35.2,25296374,889483750.7749999
2016-07-15 00:00:00+00:00,35.26,35.29,34.9,35.07,23661856,831241001.2799999
2016-07-18 00:00:00+00:00,35.18,35.2,34.95,35.05,19347177,678989176.8149999
2016-07-19 00:00:00+00:00,34.89,35.16,34.85,35.15,20395424,714094782.8000001
2016-07-20 00:00:00+00:00,35.27,35.93,35.06,35.69,42994187,1525756211.1625
2016-07-21 00:00:00+00:00,34.32,34.49,33.86,34.27,63708597,2181063818.295
2016-07-22 00:00:00+00:00,34.38,34.7,34.26,34.66,33033653,1139661028.5
2016-07-25 00:00:00+00:00,34.59,34.755,34.57,34.69,20277701,702647686.77625
2016-07-26 00:00:00+00:00,34.74,35.23,34.7,35.09,29644428,1035776314.3199999
2016-07-27 00:00:00+00:00,35.0,35.28,34.63,34.83,23601763,824527590.4050001
2016-07-28 00:00:00+00:00,34.79,34.83,34.52,34.77,21667377,752453834.7675002
2016-07-29 00:00:00+00:00,34.76,34.915,34.605,34.86,18171236,632086444.26
2016-08-01 00:00:00+00:00,34.81,34.91,34.56,34.85,18824409,654760006.0425
2016-08-02 00:00:00+00:00,34.81,34.87,34.325,34.56,20057327,694810878.93875
2016-08-03 00:00:00+00:00,34.12,34.28,33.99,34.25,18388764,628160178.24
2016-08-04 00:00:00+00:00,34.29,34.62,34.22,34.58,16362642,563324857.4549999
2016-08-05 00:00:00+00:00,34.8,35.13,34.7,34.98,20046211,699662879.4275
2016-08-08 00:00:00+00:00,34.86,35.17,34.86,35.04,19497332,682065416.69
2016-08-09 00:00:00+00:00,35.04,35.16,34.84,34.92,12578884,440135151.1599999
2016-08-10 00:00:00+00:00,35.0,35.0,34.5,34.53,19579027,680518030.9525
2016-08-11 00:00:00+00:00,34.66,34.74,34.49,34.68,16364120,566894027.1000001
2016-08-12 00:00:00+00:00,34.52,34.76,34.44,34.57,15708316,543075754.91
2016-08-15 00:00:00+00:00,34.7,35.16,34.63,34.91,18931063,659747545.5500001
2016-08-16 00:00:00+00:00,34.8,35.21,34.77,35.21,16320929,571191712.6775
2016-08-17 00:00:00+00:00,35.15,35.21,34.77,35.02,18221644,638440851.65
2016-08-18 00:00:00+00:00,34.96,35.09,34.75,34.97,16085181,562056437.0925001
2016-08-19 00:00:00+00:00,34.84,35.27,34.735,35.24,16417640,574966274.85
2016-08-22 00:00:00+00:00,35.2,35.45,35.12,35.36,14941430,527171003.97499996
2016-08-23 00:00:00+00:00,35.49,35.69,35.3,35.4,18316042,649670009.74
2016-08-24 00:00:00+00:00,35.33,35.41,35.02,35.15,16343525,575741526.9375
2016-08-25 00:00:00+00:00,35.05,35.22,34.896,35.09,12427980,435774690.72
2016-08-26 00:00:00+00:00,35.11,35.58,35.05,35.26,14469924,510064821.0
2016-08-29 00:00:00+00:00,35.26,35.67,35.15,35.55,15264300,540470702.25
2016-08-30 00:00:00+00:00,35.59,35.74,35.52,35.7,15183208,541091575.1
2016-08-31 00:00:00+00:00,35.62,35.9,35.58,35.89,20562722,735065904.695
2016-09-01 00:00:00+00:00,36.0,36.04,35.58,36.02,18925769,679624364.79
2016-09-02 00:00:00+00:00,36.2,36.33,35.95,36.08,16726718,604503588.52
2016-09-06 00:00:00+00:00,36.34,36.6,36.17,36.57,22337790,813542311.8000001
2016-09-07 00:00:00+00:00,36.55,36.65,36.38,36.46,18495645,675275998.9499999
2016-09-08 00:00:00+00:00,36.36,36.59,36.12,36.44,20356511,740518978.9024999
2016-09-09 00:00:00+00:00,36.1,36.39,35.44,35.44,29457900,1055844780.75
2016-09-12 00:00:00+00:00,35.19,36.12,35.064,36.08,22796599,811866678.4865
2016-09-13 00:00:00+00:00,35.75,35.88,35.32,35.61,23591345,840795535.8000001
2016-09-14 00:00:00+00:00,35.58,35.815,35.395,35.62,14127224,502964492.46
2016-09-15 00:00:00+00:00,35.65,36.65,35.54,36.56,24585103,887522218.3000001
2016-09-16 00:00:00+00:00,37.7,38.05,37.25,37.67,74577899,2809163010.5825005
2016-09-19 00:00:00+00:00,37.75,38.02,37.09,37.16,30531708,1145091708.54
2016-09-20 00:00:00+00:00,37.42,37.43,36.94,37.14,24796900,923250579.25
2016-09-21 00:00:00+00:00,37.21,37.46,36.8601,37.45,21233698,790849612.85245
2016-09-22 00:00:00+00:00,37.6,37.83,37.44,37.55,17013410,639789283.0500001
2016-09-23 00:00:00+00:00,37.6,37.65,37.12,37.19,18062474,675355902.86
2016-09-26 00:00:00+00:00,36.92,36.94,36.6,36.65,25518796,938517519.8900001
2016-09-27 00:00:00+00:00,36.74,37.22,36.63,37.18,22391576,827200796.3800001
2016-09-28 00:00:00+00:00,37.31,37.5,37.15,37.44,19020799,710426842.65
2016-09-29 00:00:00+00:00,37.49,37.53,37.0,37.32,17674969,659894967.615
2016-09-30 00:00:00+00:00,37.55,37.92,37.44,37.75,24279306,914480060.49
2016-10-03 00:00:00+00:00,37.73,37.95,37.53,37.66,14113578,532328878.21500003
2016-10-04 00:00:00+00:00,37.77,37.94,37.33,37.54,14393109,541828588.3050001
2016-10-05 00:00:00+00:00,37.75,38.31,37.64,37.99,22420804,850252939.6899999
2016-10-06 00:00:00+00:00,37.9,38.16,37.575,38.07,15171434,575395598.7425001
2016-10-07 00:00:00+00:00,38.17,38.22,37.78,38.1,16942539,644960103.3825
2016-10-10 00:00:00+00:00,38.25,38.36,37.9,38.02,14954297,570244730.3525
2016-10-11 00:00:00+00:00,37.93,38.0,36.821,37.27,27650460,1037037414.9150001
2016-10-12 00:00:00+00:00,37.2,37.25,36.81,37.13,14053888,521364110.08000004
2016-10-13 00:00:00+00:00,36.85,37.13,36.46,36.97,16936015,624134492.7875
2016-10-14 00:00:00+00:00,37.19,37.7,37.155,37.45,19123944,714733502.07
2016-10-17 00:00:00+00:00,37.44,37.7162,37.245,37.29,15788142,590836480.4375999
2016-10-18 00:00:00+00:00,37.76,38.05,37.53,37.75,42907753,1620733100.1925
2016-10-19 00:00:00+00:00,36.05,36.09,35.23,35.51,75229016,2687180451.52
2016-10-20 00:00:00+00:00,35.41,35.67,35.1,35.43,25669479,908763730.2975001
2016-10-21 00:00:00+00:00,35.21,35.4,34.81,35.15,20813248,731429567.8399999
2016-10-24 00:00:00+00:00,35.43,35.49,35.11,35.26,21524741,760307663.9725
2016-10-25 00:00:00+00:00,35.19,35.25,35.01,35.1,17860312,627566712.9
2016-10-26 00:00:00+00:00,35.04,35.205,34.74,34.92,19977604,698741671.9050001
2016-10-27 00:00:00+00:00,35.1,35.23,34.75,34.81,14634685,511811521.16249996
2016-10-28 00:00:00+00:00,34.87,35.17,34.71,34.74,22296428,777532185.4300001
2016-10-31 00:00:00+00:00,34.92,35.08,34.84,34.87,19188602,670209896.355
2016-11-01 00:00:00+00:00,34.9,35.16,34.27,34.52,25368222,880594406.1750002
2016-11-02 00:00:00+00:00,34.6,34.9,34.47,34.6,21416408,741917914.14
2016-11-03 00:00:00+00:00,34.45,34.52,33.87,33.93,19400032,663335594.1600001
2016-11-04 00:00:00+00:00,33.42,33.93,33.42,33.61,21914746,736225891.87
2016-11-07 00:00:00+00:00,34.22,34.75,34.15,34.69,19296598,664816042.595
2016-11-08 00:00:00+00:00,34.73,34.95,34.49,34.74,14833126,515117383.1650001
2016-11-09 00:00:00+00:00,33.85,34.85,33.67,34.75,25999427,891260357.5600001
2016-11-10 00:00:00+00:00,34.82,34.95,34.025,34.5,28250229,976716354.8887501
2016-11-11 00:00:00+00:00,34.5,34.87,34.34,34.61,22665026,783756599.0799999
2016-11-14 00:00:00+00:00,34.61,34.73,34.2,34.48,22558941,778396259.205
2016-11-15 00:00:00+00:00,34.63,35.29,34.61,34.91,20676112,720769264.3199999
2016-11-16 00:00:00+00:00,34.9,34.92,34.54,34.84,18565450,646077660.0
2016-11-17 00:00:00+00:00,34.92,35.02,34.63,35.02,15748521,549584011.5975
2016-11-18 00:00:00+00:00,34.9,35.0,34.64,34.95,16806853,586096981.2425001
2016-11-21 00:00:00+00:00,35.0,35.2,34.84,34.98,14259526,499154707.63000005
2016-11-22 00:00:00+00:00,35.17,35.5,35.11,35.48,22327447,788493790.805
2016-11-23 00:00:00+00:00,35.48,35.52,35.1,35.2,15843618,559675805.85
2016-11-25 00:00:00+00:00,35.2,35.45,35.11,35.44,6372836,224961110.79999998
2016-11-28 00:00:00+00:00,35.35,35.66,35.21,35.51,13549048,480076643.26
2016-11-29 00:00:00+00:00,35.64,35.64,35.27,35.31,19581040,694441583.6
2016-11-30 00:00:00+00:00,35.24,35.3,34.7,34.7,27016070,945157208.9499999
2016-12-01 00:00:00+00:00,34.86,34.93,33.56,33.76,29618687,1015254543.6424999
2016-12-02 00:00:00+00:00,33.75,34.26,33.6,34.16,21492534,729510335.295
2016-12-05 00:00:00+00:00,34.31,34.42,33.965,34.39,14461972,495629857.90500003
2016-12-06 00:00:00+00:00,34.5,34.75,34.3,34.72,15297703,528803348.4524999
2016-12-07 00:00:00+00:00,34.67,35.57,34.45,35.5,21710273,760890792.9675
2016-12-08 00:00:00+00:00,35.48,36.03,35.22,35.7,19966537,710958466.2275001
2016-12-09 00:00:00+00:00,35.75,35.9,35.59,35.76,16326925,583687568.75
2016-12-12 00:00:00+00:00,35.73,36.09,35.67,35.97,21985830,788521792.9499999
2016-12-13 00:00:00+00:00,36.05,36.89,35.93,36.8,35773592,1302784786.66
2016-12-14 00:00:00+00:00,36.71,36.89,36.46,36.55,30819365,1129606775.6625001
2016-12-15 00:00:00+00:00,36.58,37.16,36.53,36.79,23721538,872122344.57
2016-12-16 00:00:00+00:00,36.8,36.87,36.085,36.31,38212824,1395389034.3899999
2016-12-19 00:00:00+00:00,36.43,36.95,36.27,36.89,18744306,686697650.3100001
2016-12-20 00:00:00+00:00,36.95,37.24,36.89,37.21,18551844,687763236.6899999
2016-12-21 00:00:00+00:00,37.21,37.345,36.91,36.98,14323574,531565735.60749996
2016-12-22 00:00:00+00:00,37.23,37.24,36.81,36.93,10793879,399940201.64750004
2016-12-23 00:00:00+00:00,36.85,36.98,36.7709,36.97,6287281,231954928.93072498
2016-12-27 00:00:00+00:00,36.91,37.33,36.91,37.07,9033706,334743975.83
2016-12-28 00:00:00+00:00,37.1,37.2,36.58,36.63,12868584,474561206.46000004
2016-12-29 00:00:00+00:00,36.5,36.72,36.43,36.66,8447998,309006646.845
2016-12-30 00:00:00+00:00,36.79,36.8,36.2,36.27,17467984,637843435.76
2017-01-03 00:00:00+00:00,36.53,36.93,36.27,36.6,20196466,738837217.445
2017-01-04 00:00:00+00:00,36.71,36.77,36.34,36.41,15915729,581839262.9175
2017-01-05 00:00:00+00:00,36.45,36.72,36.305,36.35,13986002,509877185.41249996
2017-01-06 00:00:00+00:00,36.46,36.68,36.19,36.48,15113998,550943012.095
2017-01-09 00:00:00+00:00,36.48,36.885,36.4776,36.61,19461422,712543962.8993001
2017-01-10 00:00:00+00:00,36.55,36.93,36.53,36.54,15918766,583223789.3249999
2017-01-11 00:00:00+00:00,36.51,37.0,36.51,36.95,22398426,822974167.3049998
2017-01-12 00:00:00+00:00,36.83,36.83,36.32,36.71,20391946,747823639.685
2017-01-13 00:00:00+00:00,36.71,36.86,36.62,36.79,15072235,553829275.0749999
2017-01-17 00:00:00+00:00,36.71,36.83,36.59,36.8,20195202,741820257.465
2017-01-18 00:00:00+00:00,36.89,37.01,36.61,36.76,15382452,566343426.51
2017-01-19 00:00:00+00:00,36.74,36.91,36.51,36.57,13654522,500882003.265
2017-01-20 00:00:00+00:00,36.76,37.03,36.58,36.94,23950936,882053095.54
2017-01-23 00:00:00+00:00,37.07,37.21,36.55,36.77,27752565,1024069648.5
2017-01-24 00:00:00+00:00,36.84,37.74,36.81,37.62,35140871,1309085296.9275002
2017-01-25 00:00:00+00:00,37.91,38.0,37.515,37.8,32357313,1223308664.60625
2017-01-26 00:00:00+00:00,37.8,37.925,37.42,37.56,34144843,1286449641.07875
2017-01-27 00:00:00+00:00,38.0,38.45,37.81,37.98,44368566,1688667621.96
2017-01-30 00:00:00+00:00,37.74,37.84,37.33,37.42,23954716,900278114.07
2017-01-31 00:00:00+00:00,37.27,37.37,36.6401,36.82,27059084,1001863261.5771
2017-02-01 00:00:00+00:00,36.82,36.95,36.02,36.52,28380640,1038092859.6000003
2017-02-02 00:00:00+00:00,36.26,36.7,36.2,36.68,31916939,1163691595.94
2017-02-03 00:00:00+00:00,36.69,36.82,36.45,36.52,21038146,770416906.52
2017-02-06 00:00:00+00:00,36.51,36.51,36.15,36.27,21426961,779084301.96
2017-02-07 00:00:00+00:00,36.38,36.52,36.24,36.35,18581866,675868921.085
2017-02-08 00:00:00+00:00,36.34,36.65,36.14,36.38,20807358,756919665.6450001
2017-02-09 00:00:00+00:00,36.5,36.5,35.4,35.46,47802687,1719223637.9550002
2017-02-10 00:00:00+00:00,35.26,35.43,34.84,35.34,44106523,1553321473.7525
2017-02-13 00:00:00+00:00,35.57,35.85,35.34,35.8,28180550,1004354802.0
2017-02-14 00:00:00+00:00,35.84,35.96,35.53,35.93,25734801,921691897.8150002
2017-02-15 00:00:00+00:00,35.91,36.06,35.67,36.05,18452197,662849046.7325
2017-02-16 00:00:00+00:00,36.18,36.56,36.1,36.41,21317455,774090084.6875
2017-02-17 00:00:00+00:00,36.32,36.48,36.1,36.48,18909888,687279879.36
2017-02-21 00:00:00+00:00,36.53,36.65,36.33,36.52,20556017,750448790.6275
2017-02-22 00:00:00+00:00,36.34,36.3964,35.79,36.07,29904370,1081016061.567
2017-02-23 00:00:00+00:00,36.2,36.3,35.9,36.18,22774979,823201615.955
2017-02-24 00:00:00+00:00,36.14,36.53,35.95,36.53,18617592,675585869.7
2017-02-27 00:00:00+00:00,36.43,36.68,36.27,36.51,14065236,512994320.00999993
2017-02-28 00:00:00+00:00,36.42,36.46,36.0,36.2,24977011,905916188.9699999
2017-03-01 00:00:00+00:00,35.89,36.1,35.44,35.93,34085869,1221637544.96
2017-03-02 00:00:00+00:00,35.93,36.02,35.65,35.91,23602100,846784342.75
2017-03-03 00:00:00+00:00,35.92,36.085,35.67,35.9,17540896,629608535.8
2017-03-06 00:00:00+00:00,35.79,35.8,35.42,35.57,24416732,870334412.1400001
2017-03-07 00:00:00+00:00,35.43,35.8,35.385,35.8,23434893,834370071.6487498
2017-03-08 00:00:00+00:00,35.67,35.9,35.525,35.62,20920148,746404730.455
2017-03-09 00:00:00+00:00,35.6,35.94,35.5,35.82,23616786,843473511.9899999
2017-03-10 00:00:00+00:00,36.12,36.295,35.78,35.91,25402348,915151339.635
2017-03-13 00:00:00+00:00,35.85,36.04,34.94,35.16,53582931,1902060093.1725001
2017-03-14 00:00:00+00:00,35.11,35.23,34.66,35.18,28586871,1001826894.195
2017-03-15 00:00:00+00:00,34.94,35.17,34.68,35.1,27996095,979093432.3874999
2017-03-16 00:00:00+00:00,35.17,35.36,35.07,35.14,19616053,690190824.8050001
2017-03-17 00:00:00+00:00,35.31,35.33,35.1,35.27,30778867,1085032008.9175003
2017-03-20 00:00:00+00:00,35.27,35.63,35.26,35.43,17322274,613165193.915
2017-03-21 00:00:00+00:00,35.59,35.6,35.0,35.04,22814547,805524618.2025
2017-03-22 00:00:00+00:00,35.16,35.46,35.0,35.37,19144498,674795693.255
2017-03-23 00:00:00+00:00,35.39,35.49,35.02,35.27,20640352,728449622.96
2017-03-24 00:00:00+00:00,35.65,35.73,35.12,35.16,22187960,785786603.4
2017-03-27 00:00:00+00:00,35.01,35.5,34.94,35.39,16992235,598296594.3499999
2017-03-28 00:00:00+00:00,35.38,35.71,35.21,35.6,18398148,652674300.3000001
2017-03-29 00:00:00+00:00,35.52,35.7,35.435,35.57,17202642,611661439.6125
2017-03-30 00:00:00+00:00,35.58,35.89,35.52,35.75,16432950,586409820.75
2017-03-31 00:00:00+00:00,35.75,36.25,35.74,36.07,21438385,770763536.7125
2017-04-03 00:00:00+00:00,36.14,36.74,36.12,36.16,32013641,1161775031.8899999
2017-04-04 00:00:00+00:00,36.02,36.375,35.99,36.28,18918045,684194744.98125
2017-04-05 00:00:00+00:00,36.43,36.76,36.17,36.22,22455525,817268832.3749999
2017-04-06 00:00:00+00:00,36.13,36.285,36.03,36.03,20198223,729534566.9812499
2017-04-07 00:00:00+00:00,36.07,36.32,35.985,36.03,15689513,566411031.19125
2017-04-10 00:00:00+00:00,36.02,36.09,35.61,35.8,19973723,716657181.24
2017-04-11 00:00:00+00:00,35.72,35.79,35.21,35.74,22711830,808881825.45
2017-04-12 00:00:00+00:00,35.83,36.01,35.5,35.63,19289787,689465211.8475
2017-04-13 00:00:00+00:00,35.55,35.76,35.25,35.25,15763996,558873068.19
2017-04-17 00:00:00+00:00,35.44,35.59,35.33,35.48,12560746,445404053.16
2017-04-18 00:00:00+00:00,35.43,35.81,35.295,35.765,12321050,438321353.75000006
2017-04-19 00:00:00+00:00,35.97,36.22,35.89,35.91,16594635,597365373.4125
2017-04-20 00:00:00+00:00,36.18,36.2653,35.86,36.18,22968262,829644056.3871499
2017-04-21 00:00:00+00:00,36.2,36.42,35.85,36.32,20390513,738085594.3175
2017-04-24 00:00:00+00:00,36.69,36.85,36.46,36.75,26305762,965092643.375
2017-04-25 00:00:00+00:00,36.77,37.0,36.66,36.87,22066776,812609026.2
2017-04-26 00:00:00+00:00,36.87,37.23,36.78,36.93,27240993,1006622793.8325
2017-04-27 00:00:00+00:00,36.87,37.5,36.78,37.43,39889967,1481712824.2150002
2017-04-28 00:00:00+00:00,36.03,36.485,35.88,36.15,56769258,2051428099.4025002
2017-05-01 00:00:00+00:00,36.11,36.4,35.94,36.31,24825614,898438970.66
2017-05-02 00:00:00+00:00,36.37,37.03,36.35,36.97,35813021,1313621610.28
2017-05-03 00:00:00+00:00,36.62,37.17,36.62,36.98,22040256,812128332.9599999
2017-05-04 00:00:00+00:00,36.99,37.11,36.64,36.85,16437088,606487454.48
2017-05-05 00:00:00+00:00,36.86,36.93,36.5,36.82,18119243,666380459.4324999
2017-05-08 00:00:00+00:00,36.73,36.85,36.48,36.54,17660214,647246843.1
2017-05-09 00:00:00+00:00,36.48,36.75,36.28,36.37,17819144,649864181.68
2017-05-10 00:00:00+00:00,36.25,36.38,35.93,36.01,25133822,908399161.635
2017-05-11 00:00:00+00:00,35.91,36.0,35.4543,35.69,21508923,769235980.8797251
2017-05-12 00:00:00+00:00,35.72,35.74,35.4,35.53,19730842,702368648.095
2017-05-15 00:00:00+00:00,35.53,35.715,35.42,35.63,22120137,786896223.6037501
2017-05-16 00:00:00+00:00,35.79,35.89,35.42,35.82,22291843,796487550.3900001
2017-05-17 00:00:00+00:00,35.63,35.9896,35.02,35.04,26670188,944655391.9411999
2017-05-18 00:00:00+00:00,35.19,35.47,35.08,35.22,17171872,605136769.28
2017-05-19 00:00:00+00:00,35.15,35.55,35.13,35.4,18340127,647544034.0525
2017-05-22 00:00:00+00:00,35.48,36.11,35.38,35.77,14638066,522359385.21000004
2017-05-23 00:00:00+00:00,35.87,35.99,35.56,35.86,16903704,605490677.28
2017-05-24 00:00:00+00:00,35.98,36.18,35.89,36.12,20860257,751855812.9224999
2017-05-25 00:00:00+00:00,36.18,36.39,36.06,36.26,13148542,476273062.59499997
2017-05-26 00:00:00+00:00,36.26,36.33,36.13,36.26,11145523,403969481.135
2017-05-30 00:00:00+00:00,36.21,36.44,36.09,36.18,13026915,471965130.45000005
2017-05-31 00:00:00+00:00,36.3,36.38,35.87,36.11,17741896,641635668.8400002
2017-06-01 00:00:00+00:00,36.11,36.13,35.8,36.12,17510915,631093376.6
2017-06-02 00:00:00+00:00,36.33,36.33,36.0,36.32,19127420,693273337.9
2017-06-05 00:00:00+00:00,36.29,36.5,36.2,36.34,11685699,424570658.91749996
2017-06-06 00:00:00+00:00,36.16,36.45,35.98,36.13,18420926,666469102.68
2017-06-07 00:00:00+00:00,36.22,36.57,36.1,36.26,17191983,623854083.1125
2017-06-08 00:00:00+00:00,36.34,36.53,36.16,36.48,17154167,624025710.0425
2017-06-09 00:00:00+00:00,36.56,36.56,35.31,35.71,33322053,1200760179.855
2017-06-12 00:00:00+00:00,35.59,36.01,35.41,35.73,28488290,1016604628.6499999
2017-06-13 00:00:00+00:00,35.68,35.95,35.53,35.88,20588247,736235712.7199999
2017-06-14 00:00:00+00:00,36.03,36.05,35.22,35.53,19149017,683763524.5274999
2017-06-15 00:00:00+00:00,35.32,35.48,35.14,35.31,20410009,720728442.8125
2017-06-16 00:00:00+00:00,35.32,35.33,35.01,35.21,30762781,1083388239.8675
2017-06-19 00:00:00+00:00,35.61,35.61,35.32,35.51,21583752,766492992.8999999
2017-06-20 00:00:00+00:00,35.38,35.45,34.84,34.86,21536505,756631261.9125001
2017-06-21 00:00:00+00:00,34.41,34.6,34.09,34.58,27138493,934106929.0600001
2017-06-22 00:00:00+00:00,34.56,34.63,34.29,34.36,24602910,847816278.5999999
2017-06-23 00:00:00+00:00,34.22,34.55,34.095,34.19,29260888,1002587751.21
2017-06-26 00:00:00+00:00,34.26,34.51,34.03,34.07,18854766,645162955.605
2017-06-27 00:00:00+00:00,34.0,34.145,33.65,33.65,27078918,916926012.1275002
2017-06-28 00:00:00+00:00,33.75,34.24,33.74,34.2,25940057,881507987.0025
2017-06-29 00:00:00+00:00,33.93,34.1,33.34,33.54,25215664,850461307.56
2017-06-30 00:00:00+00:00,33.87,33.93,33.535,33.74,24432020,825038775.3749999
2017-07-03 00:00:00+00:00,33.71,34.03,33.43,33.46,12676894,426672559.80500007
2017-07-05 00:00:00+00:00,33.6,34.43,33.485,34.34,30010803,1019279410.3912501
2017-07-06 00:00:00+00:00,34.18,34.29,33.56,33.63,20733189,703166104.935
2017-07-07 00:00:00+00:00,33.77,34.12,33.7,33.88,18304460,619926299.05
2017-07-10 00:00:00+00:00,33.27,33.74,33.23,33.65,29918436,1001444849.0100001
2017-07-11 00:00:00+00:00,33.65,33.93,33.4311,33.92,25737540,868198645.8735001
2017-07-12 00:00:00+00:00,34.29,34.39,33.94,34.25,23768337,813293071.2975
2017-07-13 00:00:00+00:00,34.33,34.4,34.12,34.24,15046199,515670855.2275
2017-07-14 00:00:00+00:00,34.46,34.71,34.265,34.68,16316353,563383273.6487501
2017-07-17 00:00:00+00:00,34.65,34.74,34.36,34.47,21044407,727189483.885
2017-07-18 00:00:00+00:00,34.36,34.58,34.25,34.53,14362830,494512236.9
2017-07-19 00:00:00+00:00,34.68,34.68,34.46,34.56,17036197,589367235.215
2017-07-20 00:00:00+00:00,34.67,34.84,34.475,34.75,17506216,607181219.19
2017-07-21 00:00:00+00:00,34.54,34.82,34.395,34.73,22245041,770151125.7212499
2017-07-24 00:00:00+00:00,34.73,34.8,34.38,34.5,16146284,558701792.11
2017-07-25 00:00:00+00:00,34.55,34.735,34.4,34.67,18096682,625941609.5275
2017-07-26 00:00:00+00:00,34.73,34.97,34.59,34.75,15499322,538756432.72
2017-07-27 00:00:00+00:00,34.79,35.25,34.67,34.97,43062842,1503754442.64
2017-07-28 00:00:00+00:00,35.03,35.86,35.0,35.31,36291484,1281089385.1999998
2017-07-31 00:00:00+00:00,35.47,35.74,35.32,35.47,27056989,960523109.5
2017-08-01 00:00:00+00:00,35.68,36.43,35.57,36.35,38710244,1393859110.83
2017-08-02 00:00:00+00:00,36.33,36.67,36.055,36.64,35004283,1274987252.9212499
2017-08-03 00:00:00+00:00,36.5,36.59,36.15,36.49,26611347,969517899.5775001
2017-08-04 00:00:00+00:00,36.56,36.56,36.1,36.3,20520301,746528550.3799999
2017-08-07 00:00:00+00:00,36.4,36.55,36.22,36.43,18169335,661363794.0
2017-08-08 00:00:00+00:00,36.37,36.7,36.3,36.41,22819871,831670198.5949998
2017-08-09 00:00:00+00:00,36.21,36.66,36.02,36.59,22796797,829119506.8900001
2017-08-10 00:00:00+00:00,36.37,36.56,36.11,36.14,22693316,823653904.22
2017-08-11 00:00:00+00:00,36.26,36.4,35.79,35.87,19275060,695444164.8
2017-08-14 00:00:00+00:00,36.13,36.47,36.08,36.34,18469448,669609837.2399999
2017-08-15 00:00:00+00:00,36.3,36.32,35.815,36.0,21706563,783796856.72625
2017-08-16 00:00:00+00:00,35.98,36.07,35.56,35.81,22013991,789311647.3050001
2017-08-17 00:00:00+00:00,35.6,35.68,35.17,35.17,19524961,691281244.205
2017-08-18 00:00:00+00:00,35.2,35.31,34.99,35.01,16231408,570168784.52
2017-08-21 00:00:00+00:00,35.08,35.28,34.7,34.92,26493271,927132018.6450001
2017-08-22 00:00:00+00:00,35.02,35.19,34.62,34.65,26097791,910029972.1700001
2017-08-23 00:00:00+00:00,34.54,34.81,34.38,34.66,19648134,679776316.0649999
2017-08-24 00:00:00+00:00,34.69,34.89,34.55,34.71,14301892,496418671.32
2017-08-25 00:00:00+00:00,34.82,34.93,34.58,34.67,14726829,511757307.75
2017-08-28 00:00:00+00:00,34.78,34.8,34.59,34.65,20712876,718840361.5799999
2017-08-29 00:00:00+00:00,34.51,34.75,34.455,34.73,15843668,548369154.0649999
2017-08-30 00:00:00+00:00,34.75,34.96,34.63,34.89,18565007,646201481.1525
2017-08-31 00:00:00+00:00,34.94,35.18,34.87,35.07,16366772,573082521.58
2017-09-01 00:00:00+00:00,35.24,35.39,35.07,35.09,12821972,451301359.46999997
2017-09-05 00:00:00+00:00,35.03,35.33,34.93,35.02,19300594,677016586.035
2017-09-06 00:00:00+00:00,35.22,35.94,35.11,35.76,28076438,996924122.285
2017-09-07 00:00:00+00:00,35.9,35.95,35.33,35.54,16297077,581479707.36
2017-09-08 00:00:00+00:00,35.53,35.54,35.08,35.19,14125018,499107511.0299999
2017-09-11 00:00:00+00:00,35.49,36.0,35.14,35.77,20037575,713337670.0
2017-09-12 00:00:00+00:00,35.88,36.34,35.74,36.09,19489892,701879735.6500001
2017-09-13 00:00:00+00:00,35.98,36.4,35.97,36.33,15509787,560988995.7900001
2017-09-14 00:00:00+00:00,36.19,36.695,36.16,36.48,18093946,658280372.9124999
2017-09-15 00:00:00+00:00,36.56,37.08,36.22,37.0,33596072,1233479783.48
2017-09-18 00:00:00+00:00,37.0,37.33,36.8,37.0,19393834,718202157.605
2017-09-19 00:00:00+00:00,37.25,37.295,37.02,37.23,23850525,887209716.8437499
2017-09-20 00:00:00+00:00,37.23,37.29,36.655,37.07,23957476,887894007.405
2017-09-21 00:00:00+00:00,36.99,37.27,36.85,37.2,22954158,851082793.245
2017-09-22 00:00:00+00:00,36.98,37.22,36.95,37.18,21631754,802159517.7049999
2017-09-25 00:00:00+00:00,37.07,37.23,36.85,37.16,23180838,859487520.945
2017-09-26 00:00:00+00:00,37.21,37.64,37.0,37.47,29790369,1112074474.77
2017-09-27 00:00:00+00:00,37.62,37.69,37.1,37.54,25981384,973977132.6999999
2017-09-28 00:00:00+00:00,37.32,37.88,37.29,37.83,21171441,795622752.78
2017-09-29 00:00:00+00:00,37.84,38.15,37.7,38.08,23217336,880923771.1800001
2017-10-02 00:00:00+00:00,38.11,39.09,38.08,39.04,37394514,1442680350.12
2017-10-03 00:00:00+00:00,39.08,39.7,38.95,39.38,34002193,1335521135.5575001
2017-10-04 00:00:00+00:00,39.39,39.4,38.8606,39.34,28368824,1113409675.2636
2017-10-05 00:00:00+00:00,39.5,39.65,39.21,39.53,17710277,699068908.8825
2017-10-06 00:00:00+00:00,39.56,39.89,39.42,39.63,18887536,748418614.0
2017-10-09 00:00:00+00:00,39.74,39.88,39.52,39.86,18494080,735139680.0
2017-10-10 00:00:00+00:00,39.93,39.95,39.38,39.65,29890017,1187455650.3675
2017-10-11 00:00:00+00:00,39.48,39.67,39.06,39.3,30754708,1211043514.27
2017-10-12 00:00:00+00:00,39.34,39.39,38.98,39.19,18286944,717305378.4
2017-10-13 00:00:00+00:00,39.34,39.81,39.28,39.67,16829366,665180691.1500001
2017-10-16 00:00:00+00:00,39.71,39.79,39.44,39.76,12489135,495506431.12499994
2017-10-17 00:00:00+00:00,39.63,39.865,39.37,39.79,15532818,616089809.9475
2017-10-18 00:00:00+00:00,39.82,40.29,39.6,40.25,21424554,856767914.46
2017-10-19 00:00:00+00:00,40.0,40.33,39.83,40.09,19222705,770109619.0625
2017-10-20 00:00:00+00:00,40.39,40.45,40.1,40.43,18335672,739706847.66
2017-10-23 00:00:00+00:00,40.48,41.04,40.395,40.83,28646966,1165537620.4175
2017-10-24 00:00:00+00:00,41.0,41.05,40.72,40.95,19652417,804373427.81
2017-10-25 00:00:00+00:00,40.89,41.055,40.49,40.78,24031660,980581846.725
2017-10-26 00:00:00+00:00,40.96,41.575,40.71,41.35,38247395,1573832495.00625
2017-10-27 00:00:00+00:00,43.32,45.0,43.1,44.4,90028300,3957193926.5
2017-10-30 00:00:00+00:00,44.49,45.19,43.88,44.37,48161518,2142344724.4350002
2017-10-31 00:00:00+00:00,45.14,45.8,44.65,45.49,47000920,2127731648.4
2017-11-01 00:00:00+00:00,45.98,46.71,45.59,46.71,47813724,2211265200.69
2017-11-02 00:00:00+00:00,46.61,47.23,46.213,47.1,44602250,2086861223.5625
2017-11-03 00:00:00+00:00,47.25,47.3,45.6,46.34,39298110,1832176133.4750001
2017-11-06 00:00:00+00:00,46.6,46.74,46.09,46.7,34034971,1583732288.0575
2017-11-07 00:00:00+00:00,46.73,47.09,46.39,46.78,24461371,1143507940.8225
2017-11-08 00:00:00+00:00,46.62,46.7,46.28,46.7,21565759,1004425225.4250001
2017-11-09 00:00:00+00:00,46.04,46.39,45.65,46.3,25570358,1178665652.01
2017-11-10 00:00:00+00:00,46.09,46.09,45.38,45.58,24095354,1103205782.8899999
2017-11-13 00:00:00+00:00,45.26,45.94,45.25,45.75,18999002,865404541.0999999
2017-11-14 00:00:00+00:00,45.64,45.92,45.32,45.86,22201170,1014260451.45
2017-11-15 00:00:00+00:00,45.43,45.805,45.1725,45.46,17157204,780084449.6175001
2017-11-16 00:00:00+00:00,45.63,46.07,45.46,45.65,26439406,1208346952.715
2017-11-17 00:00:00+00:00,45.56,45.62,44.62,44.63,63798040,2877770089.3
2017-11-20 00:00:00+00:00,44.72,45.115,44.5,44.62,22420003,1003042909.2162501
2017-11-21 00:00:00+00:00,44.79,45.22,44.71,44.94,21871027,982337177.7049999
2017-11-22 00:00:00+00:00,44.87,44.95,44.535,44.65,19538331,874364735.1637499
2017-11-24 00:00:00+00:00,44.55,44.775,44.43,44.75,6465815,288545076.64375
2017-11-27 00:00:00+00:00,44.43,44.61,44.2736,44.49,18202115,809100393.6535001
2017-11-28 00:00:00+00:00,44.62,44.84,44.32,44.73,20194062,901210501.905
2017-11-29 00:00:00+00:00,44.88,45.09,43.77,43.95,27036870,1201045357.575
2017-11-30 00:00:00+00:00,44.34,45.2,44.33,44.84,34145303,1525526774.7825
2017-12-01 00:00:00+00:00,44.51,44.84,43.53,44.68,26656272,1183271914.08
2017-12-04 00:00:00+00:00,45.19,45.3,44.33,44.49,28000791,1255205458.5525
2017-12-05 00:00:00+00:00,44.59,44.9,43.23,43.44,30626850,1348806474.0
2017-12-06 00:00:00+00:00,43.14,43.72,42.67,43.45,27710812,1198354064.94
2017-12-07 00:00:00+00:00,43.46,43.6,42.78,43.08,32708441,1413985904.43
2017-12-08 00:00:00+00:00,43.35,43.58,43.11,43.35,23154749,1003700482.2775
2017-12-11 00:00:00+00:00,43.34,43.78,43.25,43.66,20425900,888679844.25
2017-12-12 00:00:00+00:00,43.47,43.62,43.08,43.33,16557398,718177138.25
2017-12-13 00:00:00+00:00,43.65,43.66,43.24,43.34,21399460,930288024.85
2017-12-14 00:00:00+00:00,43.46,43.57,43.015,43.26,19644917,851140585.17125
2017-12-15 00:00:00+00:00,43.4,44.84,43.07,44.56,47476952,2087442887.06
2017-12-18 00:00:00+00:00,45.13,46.35,45.04,46.26,50369327,2301626397.265
2017-12-19 00:00:00+00:00,46.25,47.26,45.89,47.04,41421116,1930638216.7599998
2017-12-20 00:00:00+00:00,47.48,47.64,46.66,47.56,40934978,1937657183.63
2017-12-21 00:00:00+00:00,47.54,47.59,46.56,46.76,42963451,2024115585.2375
2017-12-22 00:00:00+00:00,46.34,47.02,46.02,46.7,33913537,1577657741.2400002
2017-12-26 00:00:00+00:00,46.28,46.47,45.95,46.08,15533328,717562086.9599999
2017-12-27 00:00:00+00:00,46.11,46.36,46.0,46.11,13359671,616482018.295
2017-12-28 00:00:00+00:00,46.29,46.36,45.95,46.22,9504372,439149508.26000005
2017-12-29 00:00:00+00:00,46.21,46.49,46.09,46.16,17394491,804277777.6125001
2018-01-02 00:00:00+00:00,46.36,46.9,46.21,46.85,23370791,1088611444.78
2018-01-03 00:00:00+00:00,45.44,46.21,43.65,45.26,116478986,5257861428.04
2018-01-04 00:00:00+00:00,43.57,44.65,42.69,44.43,89209119,3910481731.3650002
2018-01-05 00:00:00+00:00,44.47,45.15,43.9,44.74,41824006,1863886827.39
2018-01-08 00:00:00+00:00,44.25,44.84,43.96,44.74,33733769,1499381697.6275
2018-01-09 00:00:00+00:00,44.71,44.84,43.49,43.62,44282311,1955728265.3150003
2018-01-10 00:00:00+00:00,43.37,43.6,42.44,42.5,45734951,1965573856.6025
2018-01-11 00:00:00+00:00,42.7,43.58,42.45,43.41,35371519,1522213320.1650002
2018-01-12 00:00:00+00:00,43.42,43.6,43.01,43.24,29973553,1298379382.0775
2018-01-16 00:00:00+00:00,43.56,43.79,42.885,43.14,38367181,1662977501.46875
2018-01-17 00:00:00+00:00,43.55,44.45,43.51,44.39,32368612,1423409712.6999998
2018-01-18 00:00:00+00:00,44.4,44.735,44.17,44.48,26826529,1192338614.56625
2018-01-19 00:00:00+00:00,44.62,44.89,44.25,44.82,25780217,1150957787.965
2018-01-22 00:00:00+00:00,44.79,45.79,44.79,45.75,27706762,1254562183.3600001
2018-01-23 00:00:00+00:00,45.88,46.09,45.63,46.06,22135103,1016333254.245
2018-01-24 00:00:00+00:00,45.93,46.13,44.96,45.51,32464221,1481423564.7825
2018-01-25 00:00:00+00:00,45.86,46.37,45.17,45.3,36758746,1678955723.55
2018-01-26 00:00:00+00:00,48.38,50.15,48.12,50.08,86916079,4274750055.4175005
2018-01-29 00:00:00+00:00,49.61,50.85,49.37,49.98,46304040,2313002558.1
2018-01-30 00:00:00+00:00,49.47,50.06,48.74,48.79,32814590,1616610776.35
2018-01-31 00:00:00+00:00,49.23,49.25,47.56,48.14,41619914,2020438725.13
2018-02-01 00:00:00+00:00,47.695,48.47,47.45,47.65,28840380,1379038820.1750002
2018-02-02 00:00:00+00:00,47.32,47.79,46.1,46.15,28663029,1342576278.3600001
2018-02-05 00:00:00+00:00,46.43,47.26,44.5,44.52,47869041,2186538120.2775
2018-02-06 00:00:00+00:00,44.04,44.93,43.0302,44.91,58145381,2571627745.44655
2018-02-07 00:00:00+00:00,44.58,46.3,44.34,45.2,37508414,1691817013.4700003
2018-02-08 00:00:00+00:00,45.28,45.42,42.74,42.75,43151330,1900708208.175
2018-02-09 00:00:00+00:00,43.55,44.28,42.04,43.95,49301141,2142381082.155
2018-02-12 00:00:00+00:00,44.14,45.16,44.09,44.83,28379521,1264449558.1549997
2018-02-13 00:00:00+00:00,44.42,44.775,44.255,44.46,19517609,868094454.2975
2018-02-14 00:00:00+00:00,44.13,45.51,44.04,45.38,19922010,891808777.65
2018-02-15 00:00:00+00:00,45.82,45.99,44.95,45.92,23536793,1074925336.31
2018-02-16 00:00:00+00:00,45.8,46.59,45.51,45.56,21475207,984960369.0550001
2018-02-20 00:00:00+00:00,45.4,46.71,45.39,46.32,25511962,1172402213.71
2018-02-21 00:00:00+00:00,46.72,47.06,45.92,45.94,27527487,1277550671.6699998
2018-02-22 00:00:00+00:00,46.14,46.56,45.62,45.8,16946353,780040628.59
2018-02-23 00:00:00+00:00,46.34,47.79,46.305,47.73,26040911,1224997004.57875
2018-02-26 00:00:00+00:00,48.21,49.13,48.1,49.11,26992306,1312838283.075
2018-02-27 00:00:00+00:00,49.31,50.9,49.31,49.91,43624077,2174987419.0275
2018-02-28 00:00:00+00:00,50.16,50.34,49.28,49.29,35541183,1768795824.9524999
2018-03-01 00:00:00+00:00,49.53,49.715,47.47,47.84,36326639,1766882312.66125
2018-03-02 00:00:00+00:00,47.2,49.05,46.96,48.98,33310592,1600490669.12
2018-03-05 00:00:00+00:00,48.55,49.795,48.041,49.75,30826521,1511547630.714
2018-03-06 00:00:00+00:00,50.22,51.33,50.15,50.71,39132300,1980192210.75
2018-03-07 00:00:00+00:00,50.18,51.485,50.1,51.32,31801943,1614624398.53875
2018-03-08 00:00:00+00:00,51.79,52.08,50.47,50.74,29481157,1511498919.39
2018-03-09 00:00:00+00:00,51.26,52.3,51.0,52.19,32727914,1691624054.875
2018-03-12 00:00:00+00:00,51.86,51.95,50.5,51.52,32044382,1648923786.765
2018-03-13 00:00:00+00:00,52.46,53.78,51.39,51.78,45573922,2385908751.505
2018-03-14 00:00:00+00:00,52.06,52.175,51.31,51.86,24993502,1295944320.5775
2018-03-15 00:00:00+00:00,52.23,52.3,50.88,50.88,25631228,1321866506.03
2018-03-16 00:00:00+00:00,50.99,51.7,50.99,51.17,42559810,2179594269.6250005
2018-03-19 00:00:00+00:00,50.74,51.23,49.93,50.83,31115248,1576998556.7600002
2018-03-20 00:00:00+00:00,50.88,51.81,50.85,51.55,22214951,1139016075.1474998
2018-03-21 00:00:00+00:00,51.55,52.17,51.17,51.56,23239476,1199447455.05
2018-03-22 00:00:00+00:00,50.7,51.96,50.6,50.83,30915970,1577410079.3249998
2018-03-23 00:00:00+00:00,50.59,50.99,49.36,49.36,37683871,1887019840.325
2018-03-26 00:00:00+00:00,50.7,52.49,50.32,52.48,39306227,2024172424.9325
2018-03-27 00:00:00+00:00,52.95,53.25,50.78,51.19,38777042,2018054208.285
2018-03-28 00:00:00+00:00,50.5,50.7,49.01,49.6,37970859,1896739334.1975
2018-03-29 00:00:00+00:00,50.0,52.08,49.87,52.08,45265805,2308895548.5375
2018-04-02 00:00:00+00:00,51.59,52.04,47.29,48.92,67187824,3356703687.0399995
2018-04-03 00:00:00+00:00,49.0,49.96,48.41,49.75,39432360,1943226700.8
2018-04-04 00:00:00+00:00,48.15,50.16,48.01,49.99,30370046,1490485932.565
2018-04-05 00:00:00+00:00,50.03,50.7199,49.97,50.38,25115351,1262673643.6412249
2018-04-06 00:00:00+00:00,49.79,50.4,48.5,48.79,28215164,1392982646.6799998
2018-04-09 00:00:00+00:00,49.19,51.11,49.16,49.55,31436989,1564068795.2224998
2018-04-10 00:00:00+00:00,51.12,51.49,50.34,51.27,26417762,1348758838.91
2018-04-11 00:00:00+00:00,50.99,51.73,50.82,51.1,17568432,898800981.1199999
2018-04-12 00:00:00+00:00,51.53,53.2689,51.45,52.72,29781357,1555844353.1993248
2018-04-13 00:00:00+00:00,53.1,53.21,51.6,51.86,20884874,1095255004.745
2018-04-16 00:00:00+00:00,52.29,52.53,51.79,52.4,18855458,985244819.145
2018-04-17 00:00:00+00:00,52.99,53.7,52.89,53.54,21228696,1131064922.8799999
2018-04-18 00:00:00+00:00,53.54,54.355,53.34,53.61,22164679,1190492614.9387503
2018-04-19 00:00:00+00:00,52.95,52.96,51.61,52.22,25422376,1333022285.56
2018-04-20 00:00:00+00:00,52.0,52.28,50.88,51.53,26910093,1390511780.5425
2018-04-23 00:00:00+00:00,51.78,51.89,50.85,51.1,21706733,1115834609.865
2018-04-24 00:00:00+00:00,51.87,53.64,51.14,51.45,42494668,2210785102.7
2018-04-25 00:00:00+00:00,51.87,52.1,50.6,51.38,25752805,1325947547.4375
2018-04-26 00:00:00+00:00,52.35,53.27,52.07,53.05,39575029,2085010402.865
2018-04-27 00:00:00+00:00,55.41,55.79,52.23,52.73,69888148,3776755517.9199996
2018-04-30 00:00:00+00:00,52.56,53.37,51.21,51.62,36417370,1900622540.3000002
2018-05-01 00:00:00+00:00,51.63,53.42,51.44,53.33,27600758,1447797760.8899999
2018-05-02 00:00:00+00:00,53.05,53.2,52.15,52.31,25778328,1357937873.22
2018-05-03 00:00:00+00:00,51.74,52.56,51.21,52.28,28560967,1483670833.2325
2018-05-04 00:00:00+00:00,51.62,52.84,51.0,52.78,25642474,1334947196.44
2018-05-07 00:00:00+00:00,52.86,53.58,52.83,53.33,20285746,1078187399.8999999
2018-05-08 00:00:00+00:00,53.27,53.63,52.8,53.63,21026793,1121411437.6725
2018-05-09 00:00:00+00:00,53.74,54.37,53.19,54.34,19827532,1068902250.1200001
2018-05-10 00:00:00+00:00,54.55,55.0,54.1,54.98,18715910,1022964850.8249999
2018-05-11 00:00:00+00:00,54.65,55.19,54.43,54.67,15405004,843192893.9399999
2018-05-14 00:00:00+00:00,54.9,55.2401,54.74,54.9,21878199,1202098191.009975
2018-05-15 00:00:00+00:00,54.6,54.75,53.56,53.92,21712649,1176988420.6675
2018-05-16 00:00:00+00:00,54.15,54.7,53.955,54.64,16260459,883938876.81375
2018-05-17 00:00:00+00:00,54.59,55.44,54.42,54.81,16872598,924871459.37
2018-05-18 00:00:00+00:00,54.41,54.54,53.47,53.5,23679944,1278243377.12
2018-05-21 00:00:00+00:00,54.36,55.22,53.86,54.32,25367377,1381000003.8799999
2018-05-22 00:00:00+00:00,54.73,55.05,54.05,54.45,19009588,1037353217.1599998
2018-05-23 00:00:00+00:00,54.04,55.23,53.84,55.21,20555425,1121915096.5
2018-05-24 00:00:00+00:00,55.18,55.3,54.13,54.75,19667095,1078543489.8
2018-05-25 00:00:00+00:00,54.8,55.5,54.54,55.44,18549989,1021547894.23
2018-05-29 00:00:00+00:00,55.03,55.81,54.81,55.32,24253509,1339824470.9325
2018-05-30 00:00:00+00:00,55.89,56.2,55.615,55.68,24711519,1380045667.9537501
2018-05-31 00:00:00+00:00,55.53,55.86,55.06,55.2,30962105,1715687643.3124998
2018-06-01 00:00:00+00:00,55.84,57.1,55.8,57.08,31183166,1760445636.53
2018-06-04 00:00:00+00:00,57.11,57.5995,56.775,56.83,22538053,1286441075.417125
2018-06-05 00:00:00+00:00,57.12,57.12,56.215,56.53,21687019,1230657001.92875
2018-06-06 00:00:00+00:00,56.58,57.06,56.08,57.03,22955355,1301281686.5625
2018-06-07 00:00:00+00:00,56.92,57.0,55.62,55.88,27596110,1555178779.05
2018-06-08 00:00:00+00:00,55.57,55.7,54.66,55.05,30822854,1702808569.2300003
2018-06-11 00:00:00+00:00,54.74,55.09,54.26,54.52,25752361,1407430909.5525
2018-06-12 00:00:00+00:00,54.93,55.03,54.22,54.82,23294943,1275398129.25
2018-06-13 00:00:00+00:00,54.98,55.7,54.91,55.03,22631436,1248236852.58
2018-06-14 00:00:00+00:00,55.49,55.86,55.18,55.54,23419829,1300210356.5075
2018-06-15 00:00:00+00:00,55.24,55.38,54.58,55.11,39194688,2158745428.32
2018-06-18 00:00:00+00:00,54.19,54.3,52.34,53.22,40764444,2181407309.5499997
2018-06-19 00:00:00+00:00,52.14,52.95,51.88,52.93,31780850,1667700103.75
2018-06-20 00:00:00+00:00,53.19,53.745,52.69,53.46,21403035,1140166428.24375
2018-06-21 00:00:00+00:00,54.48,54.53,51.94,52.19,44435555,2367748548.1749997
2018-06-22 00:00:00+00:00,52.69,53.09,52.3,52.5,34682074,1825837785.7299998
2018-06-25 00:00:00+00:00,51.18,51.75,49.91,50.71,45356466,2308077163.5750003
2018-06-26 00:00:00+00:00,49.9,50.41,49.36,49.67,37543003,1870955554.5050004
2018-06-27 00:00:00+00:00,49.19,50.06,48.75,48.76,33338795,1639935326.05
2018-06-28 00:00:00+00:00,48.51,49.49,48.5,49.25,29055690,1421912829.375
2018-06-29 00:00:00+00:00,49.57,50.11,49.5,49.71,28906523,1437304589.8675
2018-07-02 00:00:00+00:00,49.04,50.27,48.83,50.2,23755548,1177918847.58
2018-07-03 00:00:00+00:00,50.58,50.86,49.43,49.47,16327904,817783071.84
2018-07-05 00:00:00+00:00,49.89,50.96,49.75,50.75,26163528,1317006590.7
2018-07-06 00:00:00+00:00,50.77,51.5,50.4,51.37,19968048,1018570128.4800001
2018-07-09 00:00:00+00:00,51.78,51.89,51.0,51.86,21361609,1102953276.6925
2018-07-10 00:00:00+00:00,52.1,52.26,51.84,52.16,17362901,904433513.0899999
2018-07-11 00:00:00+00:00,51.69,51.87,51.19,51.2,18665554,961042711.5749999
2018-07-12 00:00:00+00:00,51.99,52.48,51.73,52.35,20292712,1058011271.8999999
2018-07-13 00:00:00+00:00,52.34,52.42,51.76,52.22,13750255,717557057.1750001
2018-07-16 00:00:00+00:00,52.27,52.32,51.87,52.01,15951549,831354855.0075
2018-07-17 00:00:00+00:00,51.02,51.8785,51.01,51.75,15754472,810010269.9530001
2018-07-18 00:00:00+00:00,51.87,51.97,51.465,51.72,14649019,758178289.61875
2018-07-19 00:00:00+00:00,51.6,52.01,51.05,51.98,15954636,824216495.76
2018-07-20 00:00:00+00:00,51.9,52.07,51.33,51.91,17387554,900718766.085
2018-07-23 00:00:00+00:00,51.77,52.495,51.33,52.31,15945470,828785735.0875
2018-07-24 00:00:00+00:00,52.77,53.3,52.075,52.18,17788677,935350872.5062499
2018-07-25 00:00:00+00:00,52.41,52.45,51.09,52.43,19892991,1036325366.145
2018-07-26 00:00:00+00:00,52.43,53.18,51.87,52.16,28282484,1482284986.4399998
2018-07-27 00:00:00+00:00,48.78,49.2,47.48,47.68,67816656,3274527234.96
2018-07-30 00:00:00+00:00,47.69,47.99,46.43,47.69,35696572,1693802341.4
2018-07-31 00:00:00+00:00,48.23,48.6757,47.69,48.1,36581201,1762260033.383925
2018-08-01 00:00:00+00:00,48.04,48.91,48.0,48.81,28060679,1359259290.76
2018-08-02 00:00:00+00:00,48.37,49.52,48.2,49.48,26452493,1293328514.0025
2018-08-03 00:00:00+00:00,49.48,49.78,49.1701,49.63,22008160,1089734592.6039999
2018-08-06 00:00:00+00:00,48.74,49.31,48.32,49.3,26669005,1304581052.0875
2018-08-07 00:00:00+00:00,49.42,49.83,49.41,49.7,28322714,1404523387.26
2018-08-08 00:00:00+00:00,49.6,50.13,49.44,49.96,21997841,1095107519.5825002
2018-08-09 00:00:00+00:00,49.86,50.6,49.72,50.14,23795628,1191685050.24
2018-08-10 00:00:00+00:00,48.5,49.17,48.3,48.85,28712389,1398436906.245
2018-08-13 00:00:00+00:00,48.92,49.24,48.38,48.45,17070585,832148342.2875
2018-08-14 00:00:00+00:00,48.67,48.76,47.65,48.12,23061591,1113874845.3000002
2018-08-15 00:00:00+00:00,47.65,48.0,46.9,47.46,26739870,1270210674.6750002
2018-08-16 00:00:00+00:00,47.92,47.95,47.05,47.17,24358040,1157554955.9
2018-08-17 00:00:00+00:00,46.97,47.39,46.33,47.1,26381992,1238568569.4199998
2018-08-20 00:00:00+00:00,47.07,47.12,46.19,46.5,24334042,1136886442.24
2018-08-21 00:00:00+00:00,46.66,47.85,46.64,47.62,19254336,908660251.68
2018-08-22 00:00:00+00:00,47.25,47.35,46.92,47.05,23182485,1092880299.1125
2018-08-23 00:00:00+00:00,46.9,47.17,46.71,46.98,31343206,1471250089.6399999
2018-08-24 00:00:00+00:00,47.29,47.89,47.08,47.66,18214708,864834335.8399999
2018-08-27 00:00:00+00:00,47.98,48.39,47.63,48.35,17170257,825674733.4875
2018-08-28 00:00:00+00:00,48.55,48.79,48.31,48.57,13472427,654153692.985
2018-08-29 00:00:00+00:00,48.7,48.86,48.4,48.75,13479099,656128841.5725
2018-08-30 00:00:00+00:00,48.52,48.83,48.09,48.24,16418812,794998877.0400001
2018-08-31 00:00:00+00:00,47.96,48.56,47.92,48.43,16483981,794816353.8675001
2018-09-04 00:00:00+00:00,48.38,48.4267,47.5601,47.96,15682894,754060204.4398
2018-09-05 00:00:00+00:00,47.75,48.12,47.47,47.72,20857150,996241769.75
2018-09-06 00:00:00+00:00,47.74,47.96,47.21,47.26,19318129,918432147.9825
2018-09-07 00:00:00+00:00,47.01,47.48,46.36,46.45,25958345,1215499504.625
2018-09-10 00:00:00+00:00,46.56,46.76,46.23,46.3,21522362,999982744.4249998
2018-09-11 00:00:00+00:00,46.0,46.03,44.89,44.93,32455320,1475499985.5000002
2018-09-12 00:00:00+00:00,44.58,44.98,44.06,44.93,29778722,1329247703.275
2018-09-13 00:00:00+00:00,45.71,45.85,45.11,45.57,18657116,850018204.96
2018-09-14 00:00:00+00:00,45.78,45.965,45.35,45.54,22998666,1050090341.2275
2018-09-17 00:00:00+00:00,45.29,45.9,45.19,45.42,17603171,800064121.95
2018-09-18 00:00:00+00:00,45.46,46.53,45.41,46.1,20528084,941725853.5
2018-09-19 00:00:00+00:00,46.01,46.44,45.89,46.15,15918914,734220110.9649999
2018-09-20 00:00:00+00:00,46.7,47.36,46.52,47.2,21999267,1032755589.3150002
2018-09-21 00:00:00+00:00,47.32,47.419,46.37,46.66,52650601,2471537674.79225
2018-09-24 00:00:00+00:00,46.48,47.0,46.15,46.91,17846994,832294565.1899999
2018-09-25 00:00:00+00:00,46.25,46.39,45.8,45.91,23389874,1077980817.975
2018-09-26 00:00:00+00:00,46.04,46.3,45.58,45.7,23957663,1099776520.015
2018-09-27 00:00:00+00:00,45.89,46.165,45.73,45.88,15415535,707823558.94375
2018-09-28 00:00:00+00:00,45.62,47.75,45.46,47.29,46223464,2150777779.92
2018-10-01 00:00:00+00:00,46.8,47.22,46.2,46.45,23797630,1110575898.025
2018-10-02 00:00:00+00:00,47.5,48.88,47.32,48.1,42121090,2019706265.4999998
2018-10-03 00:00:00+00:00,48.62,49.72,48.56,48.76,39211946,1918052338.59
2018-10-04 00:00:00+00:00,48.84,48.86,47.62,48.13,30108253,1456110385.7124999
2018-10-05 00:00:00+00:00,48.26,48.34,46.66,47.03,28901448,1374914134.98
2018-10-08 00:00:00+00:00,46.96,47.35,46.52,47.03,19376820,910032351.3000001
2018-10-09 00:00:00+00:00,47.25,47.62,46.54,46.55,23285714,1094195700.86
2018-10-10 00:00:00+00:00,45.87,46.12,44.8,44.8,43109488,1957062981.4799998
2018-10-11 00:00:00+00:00,45.1,45.61,43.73,44.23,43648820,1949683667.35
2018-10-12 00:00:00+00:00,45.3,45.3429,44.23,44.88,32087385,1441950126.7916248
2018-10-15 00:00:00+00:00,44.63,45.14,44.44,44.53,21632953,966668504.8050001
2018-10-16 00:00:00+00:00,44.97,46.01,44.825,45.94,21471984,975606433.02
2018-10-17 00:00:00+00:00,46.0,46.33,45.54,45.89,23124370,1062333557.8
2018-10-18 00:00:00+00:00,45.64,45.75,44.83,44.97,26638830,1206672401.925
2018-10-19 00:00:00+00:00,45.02,45.18,43.86,44.0,28368505,1262824000.075
2018-10-22 00:00:00+00:00,44.49,45.34,44.1,45.01,34508833,1543752644.2549999
2018-10-23 00:00:00+00:00,44.18,45.09,43.91,44.5,38590347,1714183213.74
2018-10-24 00:00:00+00:00,44.19,44.36,42.36,42.42,33631803,1457350103.4975
2018-10-25 00:00:00+00:00,43.62,44.94,43.28,44.31,48255281,2125041937.0375001
2018-10-26 00:00:00+00:00,45.66,46.44,44.7,45.69,67280359,3069498178.4775
2018-10-29 00:00:00+00:00,46.48,46.75,44.44,45.4,35732223,1635374516.1525
2018-10-30 00:00:00+00:00,45.53,47.88,45.46,47.76,43975214,2051773547.205
2018-10-31 00:00:00+00:00,48.29,48.56,46.83,46.88,33369091,1589703495.24
2018-11-01 00:00:00+00:00,46.91,48.47,46.86,48.22,28335329,1349186690.335
2018-11-02 00:00:00+00:00,48.17,48.25,46.75,47.11,30759786,1463243020.0200002
2018-11-05 00:00:00+00:00,47.34,48.25,46.92,47.97,23751221,1131033144.02
2018-11-06 00:00:00+00:00,47.7,47.92,47.03,47.25,23839582,1131784155.45
2018-11-07 00:00:00+00:00,47.86,48.75,47.59,48.72,29913193,1442713298.3899999
2018-11-08 00:00:00+00:00,48.49,49.29,48.46,48.99,26581744,1297388470.2800002
2018-11-09 00:00:00+00:00,48.78,49.025,47.87,48.11,21761447,1054260501.7237501
2018-11-12 00:00:00+00:00,47.71,47.8,46.6,46.65,24412843,1152042061.1699998
2018-11-13 00:00:00+00:00,47.02,48.25,46.99,47.39,29315924,1389941246.6500003
2018-11-14 00:00:00+00:00,47.86,47.965,46.89,47.09,25632731,1216305126.86375
2018-11-15 00:00:00+00:00,46.99,48.24,46.72,48.11,29580992,1405540834.88
2018-11-16 00:00:00+00:00,47.77,49.05,47.69,48.83,31670572,1530797097.62
2018-11-19 00:00:00+00:00,48.64,49.15,47.78,48.0,26859030,1299775609.2749999
2018-11-20 00:00:00+00:00,47.44,48.12,47.09,47.39,29200847,1387332240.9700003
2018-11-21 00:00:00+00:00,47.86,47.88,47.02,47.03,19011435,902045062.1625001
2018-11-23 00:00:00+00:00,46.63,47.07,46.52,46.54,8906879,415862180.51
2018-11-26 00:00:00+00:00,47.18,47.46,46.7,47.45,20723037,978075538.8075001
2018-11-27 00:00:00+00:00,46.94,48.22,46.59,48.07,27621025,1310755741.375
2018-11-28 00:00:00+00:00,47.87,48.88,47.65,48.86,28003222,1352975670.9299998
2018-11-29 00:00:00+00:00,48.49,48.56,47.63,47.7,23592512,1134681864.6399999
2018-11-30 00:00:00+00:00,47.96,49.32,47.56,49.31,43312603,2102285468.1125
2018-12-03 00:00:00+00:00,50.0,50.495,49.53,50.13,30866818,1544536989.1975
2018-12-04 00:00:00+00:00,49.52,49.6,47.675,47.75,35397722,1721612456.6225002
2018-12-06 00:00:00+00:00,46.74,48.39,46.52,48.37,31661749,1504091386.2450001
2018-12-07 00:00:00+00:00,47.98,48.06,46.23,46.24,34016375,1603106712.8125
2018-12-10 00:00:00+00:00,46.28,47.46,46.01,47.21,23289000,1088527860.0
2018-12-11 00:00:00+00:00,47.87,48.59,47.13,47.38,23850962,1138704553.285
2018-12-12 00:00:00+00:00,48.58,48.64,47.41,47.83,31305045,1506242240.175
2018-12-13 00:00:00+00:00,48.26,48.58,47.855,48.29,19525963,942054492.38875
2018-12-14 00:00:00+00:00,47.85,48.76,47.85,47.86,26372077,1267969462.1599998
2018-12-17 00:00:00+00:00,47.86,48.41,46.66,47.08,26598676,1263503606.69
2018-12-18 00:00:00+00:00,47.46,48.45,47.36,47.74,29014290,1385504883.225
2018-12-19 00:00:00+00:00,47.51,47.73,45.38,45.57,39717559,1848753077.5525
2018-12-20 00:00:00+00:00,45.52,46.31,45.01,45.54,37750948,1721254474.06
2018-12-21 00:00:00+00:00,45.48,46.65,44.8,44.84,52767741,2397898070.3925
2018-12-24 00:00:00+00:00,44.64,45.17,43.54,43.59,19241563,851150539.305
2018-12-26 00:00:00+00:00,44.0,46.2,43.51,46.19,28677632,1289776499.2
2018-12-27 00:00:00+00:00,45.65,46.38,44.67,46.36,29970725,1371610229.625
2018-12-28 00:00:00+00:00,46.51,47.74,46.3,46.75,24729695,1157967968.375
2018-12-31 00:00:00+00:00,47.1,47.48,46.55,46.93,20490405,963356391.075
2019-01-02 00:00:00+00:00,45.92,47.47,45.77,47.08,18774573,874144118.88
2019-01-03 00:00:00+00:00,46.15,46.28,44.39,44.49,32267297,1462595904.7675
2019-01-04 00:00:00+00:00,45.95,47.57,45.54,47.22,35447286,1650780109.02
2019-01-07 00:00:00+00:00,47.09,47.995,46.75,47.44,22736796,1075876765.7250001
2019-01-08 00:00:00+00:00,47.8,48.03,46.78,47.74,22749206,1082577840.525
2019-01-09 00:00:00+00:00,47.96,48.57,47.78,48.01,22554525,1084421562.0
2019-01-10 00:00:00+00:00,47.75,48.65,47.41,48.56,27202575,1308239838.1875
2019-01-11 00:00:00+00:00,48.14,49.291,48.05,48.93,21751291,1057172558.65025
2019-01-14 00:00:00+00:00,48.46,48.83,48.3,48.35,19193910,930616726.3499999
2019-01-15 00:00:00+00:00,48.71,49.13,48.44,48.6,22480820,1095265550.3999999
2019-01-16 00:00:00+00:00,48.58,48.89,48.08,48.13,19057707,922774172.94
2019-01-17 00:00:00+00:00,48.0,48.84,47.905,48.47,17448657,842835565.56375
2019-01-18 00:00:00+00:00,49.16,49.38,48.69,49.19,29874317,1466978336.2849998
2019-01-22 00:00:00+00:00,48.96,48.98,47.87,48.27,25940722,1258643831.44
2019-01-23 00:00:00+00:00,48.41,48.8,47.52,47.94,18960709,913289950.7574999
2019-01-24 00:00:00+00:00,48.7,50.035,48.6,49.76,50578269,2492180982.13875
2019-01-25 00:00:00+00:00,46.85,47.43,45.75,47.04,86471848,4044072151.3399997
2019-01-28 00:00:00+00:00,46.11,46.73,46.05,46.71,35928704,1667091865.6
2019-01-29 00:00:00+00:00,46.84,46.97,46.33,46.54,20988342,979525921.1399999
2019-01-30 00:00:00+00:00,46.69,47.68,46.45,47.54,26931676,1268212622.84
2019-01-31 00:00:00+00:00,46.74,47.18,46.1,47.12,43051306,2014155351.2100003
2019-02-01 00:00:00+00:00,47.06,49.05,47.01,48.73,37442926,1795856338.2749999
2019-02-04 00:00:00+00:00,48.62,49.24,48.24,49.22,20905010,1020791638.3
2019-02-05 00:00:00+00:00,49.25,50.7159,49.18,50.01,31641570,1575401337.6907501
2019-02-06 00:00:00+00:00,49.95,50.64,49.82,49.9,21647843,1084069857.8325
2019-02-07 00:00:00+00:00,49.5,49.85,48.68,49.23,27825875,1372233025.625
2019-02-08 00:00:00+00:00,48.77,49.02,48.01,48.84,18851208,917299781.2800001
2019-02-11 00:00:00+00:00,49.02,49.32,48.58,48.77,18004088,880804995.1800001
2019-02-12 00:00:00+00:00,49.35,50.14,49.27,50.01,18050058,896952507.1650001
2019-02-13 00:00:00+00:00,50.13,50.81,50.0,50.47,17712782,891882855.655
2019-02-14 00:00:00+00:00,50.41,51.04,50.35,50.81,17545365,888716600.6624999
2019-02-15 00:00:00+00:00,51.31,51.67,51.09,51.66,22520361,1158278467.1325
2019-02-19 00:00:00+00:00,51.35,51.71,51.34,51.4,15611772,803225669.4000001
2019-02-20 00:00:00+00:00,51.63,51.73,51.06,51.39,21607726,1111771522.015
2019-02-21 00:00:00+00:00,51.32,51.84,51.21,51.41,16162142,831461395.19
2019-02-22 00:00:00+00:00,52.7,52.975,52.055,52.49,31934146,1678299043.0300002
2019-02-25 00:00:00+00:00,53.06,53.61,52.86,53.1,20711750,1100984850.625
2019-02-26 00:00:00+00:00,53.01,53.37,52.91,53.23,16082213,854447976.6899999
2019-02-27 00:00:00+00:00,52.76,53.38,52.51,53.24,17590309,931802643.5025
2019-02-28 00:00:00+00:00,52.92,53.18,52.81,52.96,18388820,974009823.35
2019-03-01 00:00:00+00:00,53.44,53.68,52.89,53.3,18359274,979054184.235
2019-03-04 00:00:00+00:00,53.75,54.1,53.205,53.94,21706135,1166677623.58125
2019-03-05 00:00:00+00:00,53.85,53.99,53.11,53.68,21057745,1129905952.3374999
2019-03-06 00:00:00+00:00,53.63,53.65,52.94,52.95,14740525,785559428.5625
2019-03-07 00:00:00+00:00,52.77,52.985,52.36,52.6,17803407,937861226.50125
2019-03-08 00:00:00+00:00,51.97,52.56,51.7,52.48,16793891,876263247.6525
2019-03-11 00:00:00+00:00,52.88,53.65,52.57,53.35,18962954,1007169894.3249999
2019-03-12 00:00:00+00:00,53.34,53.96,53.175,53.57,20782077,1112074917.86625
2019-03-13 00:00:00+00:00,54.0,54.57,53.65,54.37,25522312,1381969389.02
2019-03-14 00:00:00+00:00,54.3,54.45,53.33,53.44,26647060,1435743592.8
2019-03-15 00:00:00+00:00,53.68,54.69,53.68,54.33,46485239,2514619003.705
2019-03-18 00:00:00+00:00,54.42,54.505,53.87,54.1,16273986,882436548.3675001
2019-03-19 00:00:00+00:00,54.47,54.645,54.0,54.17,18274766,992708132.5775001
2019-03-20 00:00:00+00:00,54.06,54.4,53.61,53.82,24325283,1312896336.7175
2019-03-21 00:00:00+00:00,53.92,54.99,53.84,54.639999,19127216,1039516366.778196
2019-03-22 00:00:00+00:00,54.4,54.615,53.21,53.26,21438435,1154915291.4937499
2019-03-25 00:00:00+00:00,52.97,53.545,52.375,52.78,16971406,898084377.005
2019-03-26 00:00:00+00:00,53.32,53.77,53.04,53.44,17724346,946347143.805
2019-03-27 00:00:00+00:00,53.59,53.86,52.94,53.16,19655973,1049383258.5374999
2019-03-28 00:00:00+00:00,53.25,53.44,52.77,53.11,13607888,723157188.04
2019-03-29 00:00:00+00:00,53.8,54.04,53.48,53.7,18736074,1007157657.8699999
2019-04-01 00:00:00+00:00,54.34,54.57,54.1,54.51,17830437,969619164.06
2019-04-02 00:00:00+00:00,54.53,54.8,54.225,54.36,13704511,746604628.64125
2019-04-03 00:00:00+00:00,55.03,55.99,54.89,55.48,24552838,1358938201.2050002
2019-04-04 00:00:00+00:00,55.27,56.14,55.27,55.92,16520453,919363209.45
2019-04-05 00:00:00+00:00,55.75,55.95,54.87,55.6,19268396,1070214884.8299999
2019-04-08 00:00:00+00:00,55.28,55.74,55.2,55.68,11758823,652320705.9250001
2019-04-09 00:00:00+00:00,55.35,55.43,54.9,55.32,13339677,737017154.25
2019-04-10 00:00:00+00:00,55.32,55.86,55.32,55.75,13084042,726982083.625
2019-04-11 00:00:00+00:00,55.76,56.07,55.63,55.8,10845819,605359387.485
2019-04-12 00:00:00+00:00,56.21,56.49,55.84,56.42,12910185,726068804.4000001
2019-04-15 00:00:00+00:00,56.46,56.555,55.92,56.28,11676910,657453821.4125
2019-04-16 00:00:00+00:00,56.66,57.47,56.07,56.71,30301933,1718952904.2575
2019-04-17 00:00:00+00:00,58.44,59.59,58.12,58.56,38788448,2276009157.52
2019-04-18 00:00:00+00:00,58.71,58.88,58.1238,58.49,20464197,1198198175.33715
2019-04-22 00:00:00+00:00,58.15,58.83,57.88,58.82,12327484,720171615.28
2019-04-23 00:00:00+00:00,58.89,58.98,58.5,58.78,17739929,1042886076.0875
2019-04-24 00:00:00+00:00,58.52,59.2899,58.14,58.72,17723745,1039807366.6938751
2019-04-25 00:00:00+00:00,58.3,58.38,57.23,57.61,27949926,1617741716.8799999
2019-04-26 00:00:00+00:00,52.74,53.09,51.52,52.43,72364512,3795156831.8400006
2019-04-29 00:00:00+00:00,52.17,52.43,51.0,51.11,42142301,2177808759.9275
2019-04-30 00:00:00+00:00,51.0,51.43,50.87,51.04,27130855,1385979727.675
2019-05-01 00:00:00+00:00,51.1,51.6,50.74,50.76,20467582,1044870061.0999999
2019-05-02 00:00:00+00:00,50.8,51.325,50.12,50.55,22655397,1148600308.6537502
2019-05-03 00:00:00+00:00,51.08,51.82,50.73,51.75,25656641,1317340232.145
2019-05-06 00:00:00+00:00,50.25,51.28,50.19,51.22,26245240,1331552251.4
2019-05-07 00:00:00+00:00,50.6,50.88,49.93,50.48,29713382,1499708672.995
2019-05-08 00:00:00+00:00,50.2,50.79,49.07,49.24,36812429,1834179274.9250002
2019-05-09 00:00:00+00:00,47.9,48.29,46.05,46.62,59642160,2816004584.4
2019-05-10 00:00:00+00:00,46.44,46.8,45.1,46.2,42522778,1961788363.0300002
2019-05-13 00:00:00+00:00,45.33,45.64,44.7,44.76,39091928,1763339142.26
2019-05-14 00:00:00+00:00,45.18,45.485,44.87,45.17,24706458,1116145123.2224998
2019-05-15 00:00:00+00:00,44.92,45.75,44.76,45.62,23407893,1059499756.9125
2019-05-16 00:00:00+00:00,45.47,45.95,45.42,45.53,19954653,909782516.9025
2019-05-17 00:00:00+00:00,45.18,45.73,44.7637,44.89,22500360,1015687063.2329999
2019-05-20 00:00:00+00:00,44.0,44.52,43.4538,43.56,28674965,1258356392.82925
2019-05-21 00:00:00+00:00,44.34,44.78,44.175,44.46,25543371,1135115478.0262501
2019-05-22 00:00:00+00:00,44.15,44.46,43.845,44.0,16932520,746956954.15
2019-05-23 00:00:00+00:00,43.37,44.74,42.86,44.53,35783928,1570019841.0
2019-05-24 00:00:00+00:00,44.59,45.05,44.49,44.57,27168066,1213733348.55
2019-05-28 00:00:00+00:00,44.66,44.69,43.3,43.57,34779863,1532226864.4649997
2019-05-29 00:00:00+00:00,43.35,44.53,43.3333,44.23,28450341,1247855427.7913249
2019-05-30 00:00:00+00:00,44.3,45.03,44.23,44.73,21618859,963606592.7774999
2019-05-31 00:00:00+00:00,44.18,44.9695,43.93,44.04,25532529,1130577192.553875
2019-06-03 00:00:00+00:00,44.25,44.585,43.2,43.46,31155678,1366916427.6525002
2019-06-04 00:00:00+00:00,44.16,44.855,43.77,44.79,28094917,1247238721.56875
2019-06-05 00:00:00+00:00,45.11,45.18,44.19,44.55,20802012,931046052.0899999
2019-06-06 00:00:00+00:00,44.75,45.17,44.505,45.1,19076170,856162354.8125
2019-06-07 00:00:00+00:00,45.25,46.12,45.1,46.03,24370253,1111892793.125
2019-06-10 00:00:00+00:00,46.23,47.19,46.2,46.8,20806083,969667498.215
2019-06-11 00:00:00+00:00,47.26,47.32,46.52,46.865,18415495,865367129.41875
2019-06-12 00:00:00+00:00,46.67,46.67,46.25,46.32,15900569,739018695.6975
2019-06-13 00:00:00+00:00,46.6,46.955,46.53,46.7,12267633,572852457.47625
2019-06-14 00:00:00+00:00,45.83,46.42,45.5459,46.19,15381077,707475323.703575
2019-06-17 00:00:00+00:00,46.14,46.53,45.8,46.13,12643343,583490279.4499999
2019-06-18 00:00:00+00:00,46.75,48.0,46.6,47.37,25732293,1214049583.74
2019-06-19 00:00:00+00:00,47.48,47.58,47.0,47.07,17436381,824435684.6324999
2019-06-20 00:00:00+00:00,47.87,48.05,46.87,47.19,20126780,955921416.0999999
2019-06-21 00:00:00+00:00,46.95,47.73,46.8,47.46,31096251,1468831415.9850001
2019-06-24 00:00:00+00:00,47.4,47.8455,47.17,47.63,14479942,687961954.34025
2019-06-25 00:00:00+00:00,47.56,47.68,46.8,46.85,16665577,786990209.8825
2019-06-26 00:00:00+00:00,47.65,48.48,47.56,48.19,21886309,1049886242.73
2019-06-27 00:00:00+00:00,48.15,48.42,47.24,47.46,23062947,1102812468.1725001
2019-06-28 00:00:00+00:00,47.77,48.2,47.68,47.87,26646183,1275819242.04
2019-07-01 00:00:00+00:00,49.29,49.45,47.745,48.05,27505447,1337693033.03625
2019-07-02 00:00:00+00:00,47.91,48.22,47.69,48.12,15384686,738234157.71
2019-07-03 00:00:00+00:00,48.18,48.56,47.995,48.52,10739100,518846192.62500006
2019-07-05 00:00:00+00:00,48.03,48.175,47.44,48.08,14339228,687297122.0749999
2019-07-08 00:00:00+00:00,47.62,47.95,47.07,47.82,16564291,788708715.9649999
2019-07-09 00:00:00+00:00,47.36,47.8,47.13,47.75,17853185,848204819.35
2019-07-10 00:00:00+00:00,47.92,48.61,47.9,48.21,16032269,772114075.0400001
2019-07-11 00:00:00+00:00,48.56,48.78,48.31,48.6,16615082,806869919.625
2019-07-12 00:00:00+00:00,49.0,49.93,48.81,49.92,20148730,995649492.9500002
2019-07-15 00:00:00+00:00,50.0,50.25,49.7693,50.12,14345082,717753667.48065
2019-07-16 00:00:00+00:00,49.91,50.0,48.96,49.17,17131368,848174029.6800001
2019-07-17 00:00:00+00:00,49.5,49.7,49.24,49.39,11928605,589958981.7874999
2019-07-18 00:00:00+00:00,49.28,49.99,48.89,49.94,15679636,776533972.9000001
2019-07-19 00:00:00+00:00,49.96,50.66,49.91,50.27,29141087,1462882567.4
2019-07-22 00:00:00+00:00,50.005,51.515,49.89,51.35,21686529,1099290155.01
2019-07-23 00:00:00+00:00,52.0,52.0,51.3,51.75,18413520,953129829.0
2019-07-24 00:00:00+00:00,51.98,52.97,51.8,52.92,20896369,1095335422.0575001
2019-07-25 00:00:00+00:00,52.51,52.6,51.88,52.16,27765432,1451785025.7
2019-07-26 00:00:00+00:00,52.69,53.5,51.53,51.59,36401545,1904801845.9875
2019-07-29 00:00:00+00:00,51.53,52.5599,50.78,52.51,21897455,1135273007.038625
2019-07-30 00:00:00+00:00,51.71,52.31,51.56,51.7,16487692,854392199.4400002
2019-07-31 00:00:00+00:00,51.51,51.72,50.05,50.55,24169751,1231630086.5825
2019-08-01 00:00:00+00:00,50.52,51.89,49.47,49.5,34020779,1712776118.7549999
2019-08-02 00:00:00+00:00,49.09,49.36,48.5,48.68,27881620,1363620330.1499999
2019-08-05 00:00:00+00:00,47.76,47.9599,46.57,46.97,38936649,1842286574.018775
2019-08-06 00:00:00+00:00,47.15,47.56,46.765,46.96,26119563,1230459963.4762502
2019-08-07 00:00:00+00:00,46.3,46.88,45.97,46.73,29440393,1368095062.71
2019-08-08 00:00:00+00:00,46.16,47.365,45.91,47.17,30643740,1429568775.6750002
2019-08-09 00:00:00+00:00,46.94,47.0,45.78,45.98,24975455,1159485498.375
2019-08-12 00:00:00+00:00,45.76,46.07,45.44,45.6,18494298,845513068.8149999
2019-08-13 00:00:00+00:00,45.49,47.045,45.36,46.84,29374656,1356631769.04
2019-08-14 00:00:00+00:00,46.06,46.625,45.65,45.87,25650218,1181224601.6725001
2019-08-15 00:00:00+00:00,46.1,46.18,45.435,45.7,21992683,1008446988.1112502
2019-08-16 00:00:00+00:00,46.34,46.68,46.06,46.5,23335693,1082659476.7350001
2019-08-19 00:00:00+00:00,47.46,47.6,47.04,47.23,21404916,1013148186.5699999
2019-08-20 00:00:00+00:00,47.03,47.12,46.46,46.6,23115324,1081854951.51
2019-08-21 00:00:00+00:00,47.11,47.29,46.8901,47.15,15915801,749793783.005025
2019-08-22 00:00:00+00:00,47.28,47.43,46.69,46.78,19785890,930827195.0500001
2019-08-23 00:00:00+00:00,46.35,46.63,44.8,44.96,32817083,1499248436.855
2019-08-26 00:00:00+00:00,45.82,45.82,45.25,45.56,22086633,1007426547.7125
2019-08-27 00:00:00+00:00,45.87,46.12,45.5,45.79,16927568,775621165.76
2019-08-28 00:00:00+00:00,45.7,45.91,45.37,45.79,14895346,680605597.1049999
2019-08-29 00:00:00+00:00,46.46,47.22,46.4,46.87,17806113,832213206.3375001
2019-08-30 00:00:00+00:00,47.24,47.79,47.16,47.41,16923146,802157120.4
2019-09-03 00:00:00+00:00,47.12,47.22,46.495,46.98,15010268,704788371.105
2019-09-04 00:00:00+00:00,47.56,48.95,47.54,48.92,23472112,1132353363.16
2019-09-05 00:00:00+00:00,49.925,51.17,49.87,50.1,30023117,1509149504.90125
2019-09-06 00:00:00+00:00,50.25,50.99,50.07,50.92,17067940,862912376.5500001
2019-09-09 00:00:00+00:00,51.06,52.03,51.02,51.59,20749659,1067051214.075
2019-09-10 00:00:00+00:00,51.33,51.84,50.825,51.82,18532029,953542387.1587499
2019-09-11 00:00:00+00:00,51.6,52.79,51.38,52.79,18968942,989040635.88
2019-09-12 00:00:00+00:00,53.0,53.33,52.065,53.01,23308710,1231894459.3874998
2019-09-13 00:00:00+00:00,52.76,53.0,52.2349,52.54,18010814,947976231.10215
2019-09-16 00:00:00+00:00,51.9,52.285,51.7011,52.2,13354588,694726033.5066999
2019-09-17 00:00:00+00:00,52.05,52.144,51.35,51.95,19888219,1031671528.2964998
2019-09-18 00:00:00+00:00,52.13,52.13,51.16,51.74,15029864,778396656.5600001
2019-09-19 00:00:00+00:00,51.7,51.99,51.5,51.57,11849919,612522313.11
2019-09-20 00:00:00+00:00,51.6,51.88,50.56,50.72,38632498,1977597572.6200001
2019-09-23 00:00:00+00:00,50.83,51.225,50.39,50.9,21574149,1096748832.10125
2019-09-24 00:00:00+00:00,51.1,51.18,49.64,49.82,28472934,1436032426.29
2019-09-25 00:00:00+00:00,49.75,51.21,49.42,51.02,20120838,1013084193.3000001
2019-09-26 00:00:00+00:00,50.98,51.145,50.34,50.92,11482105,583821981.3562499
2019-09-27 00:00:00+00:00,50.63,51.22,50.34,50.78,14846405,753343705.7125
2019-09-30 00:00:00+00:00,51.19,51.595,50.9384,51.53,14059201,721424701.63335
2019-10-01 00:00:00+00:00,51.97,52.24,50.43,50.76,18487336,949324703.6
2019-10-02 00:00:00+00:00,50.31,50.37,48.98,49.39,21436998,1066758612.975
2019-10-03 00:00:00+00:00,49.5,50.07,48.532,50.03,17235566,853729290.6779999
2019-10-04 00:00:00+00:00,50.35,50.97,50.03,50.92,12748071,644638080.2924999
2019-10-07 00:00:00+00:00,50.7,51.23,50.56,50.62,12722054,645994096.985
2019-10-08 00:00:00+00:00,50.16,50.48,49.61,49.725,17884433,894109872.2937499
2019-10-09 00:00:00+00:00,50.47,50.79,50.15,50.48,12189955,615257503.7375
2019-10-10 00:00:00+00:00,50.41,51.775,50.4,51.11,14611658,744080419.0775
2019-10-11 00:00:00+00:00,52.0,52.79,51.82,52.09,24167112,1260919068.6
2019-10-14 00:00:00+00:00,51.9,51.95,51.44,51.64,16425533,849733885.9225
2019-10-15 00:00:00+00:00,51.93,53.07,51.83,52.65,18970764,993498910.68
2019-10-16 00:00:00+00:00,52.35,52.56,52.12,52.445,15173069,794594657.19375
2019-10-17 00:00:00+00:00,52.635,52.84,51.38,51.86,16918323,882776946.2362499
2019-10-18 00:00:00+00:00,51.75,51.82,51.0291,51.36,16975159,874047117.4992249
2019-10-21 00:00:00+00:00,51.52,52.17,51.34,52.13,13120652,679518567.08
2019-10-22 00:00:00+00:00,51.9,52.32,51.8903,52.01,13347316,694461852.5287
2019-10-23 00:00:00+00:00,51.37,51.96,51.2,51.72,15961603,823020154.6875
2019-10-24 00:00:00+00:00,52.09,52.43,51.43,52.23,25654058,1335165448.6100001
2019-10-25 00:00:00+00:00,54.19,56.61,53.92,56.46,59767680,3304853865.6
2019-10-28 00:00:00+00:00,56.38,56.81,56.06,56.76,32307512,1825455196.78
2019-10-29 00:00:00+00:00,56.37,57.24,56.24,56.34,18155771,1026663460.6225
2019-10-30 00:00:00+00:00,56.32,56.63,55.615,56.6,15247999,858328923.70875
2019-10-31 00:00:00+00:00,56.33,56.58,55.62,56.53,19249679,1083083188.935
2019-11-01 00:00:00+00:00,55.94,56.6465,55.62,56.51,17953467,1008610066.7763749
2019-11-04 00:00:00+00:00,56.9303,57.8,56.85,57.61,19067981,1092549071.446075
2019-11-05 00:00:00+00:00,57.47,58.35,57.21,57.55,20865354,1202783331.33
2019-11-06 00:00:00+00:00,57.49,57.71,56.98,57.6,17720996,1017982615.22
2019-11-07 00:00:00+00:00,58.0,58.55,57.855,58.05,16962846,985774591.7325
2019-11-08 00:00:00+00:00,57.85,58.3,57.31,58.27,11890273,688833240.5725001
2019-11-11 00:00:00+00:00,57.97,58.5,57.9,58.35,11236365,653731715.7
2019-11-12 00:00:00+00:00,58.4,58.8,58.03,58.2,11954038,697607772.585
2019-11-13 00:00:00+00:00,57.87,57.97,57.35,57.89,15409832,890225994.64
2019-11-14 00:00:00+00:00,57.61,58.04,57.57,57.81,12141218,701246398.635
2019-11-15 00:00:00+00:00,58.17,58.7,57.62,57.96,16112991,936366189.4875001
2019-11-18 00:00:00+00:00,57.7,58.48,57.57,58.25,16101282,933874356.0
2019-11-19 00:00:00+00:00,58.48,58.65,57.75,58.35,17062825,994890668.6875
2019-11-20 00:00:00+00:00,58.26,58.36,57.3664,57.9,18559091,1075900199.8156002
2019-11-21 00:00:00+00:00,57.49,58.3,57.41,58.22,16139031,933723638.505
2019-11-22 00:00:00+00:00,58.34,58.65,57.49,57.61,15690160,910382308.6000001
2019-11-25 00:00:00+00:00,58.0,58.84,58.0,58.81,15012416,876912749.6
2019-11-26 00:00:00+00:00,58.95,59.13,58.45,58.9,22381498,1317319018.535
2019-11-27 00:00:00+00:00,58.53,58.59,57.905,58.51,18185512,1061738386.23
2019-11-29 00:00:00+00:00,58.15,58.295,57.79,58.05,9481129,550581012.44125
2019-12-02 00:00:00+00:00,58.55,58.69,57.47,57.66,19166768,1113445470.04
2019-12-03 00:00:00+00:00,56.86,56.86,55.75,56.07,26613647,1500610486.095
2019-12-04 00:00:00+00:00,56.66,56.66,55.86,56.02,18882730,1063097699.0000001
2019-12-05 00:00:00+00:00,56.41,56.41,55.76,56.08,17675582,992749063.0299999
2019-12-06 00:00:00+00:00,56.66,56.99,56.42,56.81,16477405,934598411.6
2019-12-09 00:00:00+00:00,56.54,56.96,56.5,56.53,14467822,819348929.415
2019-12-10 00:00:00+00:00,56.71,56.83,56.44,56.59,16157977,915228212.2225
2019-12-11 00:00:00+00:00,56.91,57.17,56.58,57.07,20051865,1141602804.1125
2019-12-12 00:00:00+00:00,56.75,58.05,56.61,57.55,27896156,1596775969.4399998
2019-12-13 00:00:00+00:00,57.55,58.34,57.38,57.79,22795852,1316802390.78
2019-12-16 00:00:00+00:00,58.21,58.57,57.65,57.7,19135285,1110468426.7625
2019-12-17 00:00:00+00:00,58.0,58.1,57.13,57.3,21656376,1248111089.82
2019-12-18 00:00:00+00:00,57.39,57.455,56.94,57.17,28273062,1618314727.5524998
2019-12-19 00:00:00+00:00,57.17,57.99,56.965,57.96,18869002,1085368581.2925
2019-12-20 00:00:00+00:00,58.32,59.05,57.89,58.95,49970823,2925916613.7075
2019-12-23 00:00:00+00:00,59.06,59.78,59.04,59.23,23593186,1398545083.115
2019-12-24 00:00:00+00:00,59.25,59.48,59.16,59.41,6313179,374529344.17499995
2019-12-26 00:00:00+00:00,59.41,59.85,59.35,59.82,11486640,684689893.8
2019-12-27 00:00:00+00:00,59.91,60.48,59.9,60.08,14086147,846471788.5975
2019-12-30 00:00:00+00:00,59.99,60.05,59.38,59.62,12751111,762006393.36
2019-12-31 00:00:00+00:00,59.62,59.93,59.36,59.85,14435832,861674812.0799999
2020-01-02 00:00:00+00:00,60.24,60.97,60.22,60.84,17713404,1072856596.7700001
2020-01-03 00:00:00+00:00,59.81,60.7,59.81,60.1,15298577,919520970.5849999
2020-01-06 00:00:00+00:00,59.59,60.195,59.33,59.93,17759137,1061308226.0412501
2020-01-07 00:00:00+00:00,59.78,59.8,58.89,58.93,21960524,1303357099.4
2020-01-08 00:00:00+00:00,58.89,59.32,58.52,58.97,23138274,1363422795.45
2020-01-09 00:00:00+00:00,59.05,59.51,58.83,59.3,18818492,1113537217.87
2020-01-10 00:00:00+00:00,59.57,60.075,58.87,58.94,15201929,902443512.67375
2020-01-13 00:00:00+00:00,59.17,59.775,59.08,59.59,16455825,977537714.3437499
2020-01-14 00:00:00+00:00,59.49,59.74,59.185,59.43,17092446,1016338204.7175001
2020-01-15 00:00:00+00:00,59.3,59.65,58.75,58.94,18498803,1094389185.48
2020-01-16 00:00:00+00:00,59.26,59.84,59.07,59.66,21365530,1270340999.975
2020-01-17 00:00:00+00:00,59.98,60.0,59.2403,59.6,21803446,1301776378.6884499
2020-01-21 00:00:00+00:00,59.81,61.25,59.79,60.55,28358468,1711433543.8
2020-01-22 00:00:00+00:00,61.04,62.85,60.97,62.73,29475122,1824436363.9950001
2020-01-23 00:00:00+00:00,62.86,63.705,62.81,63.32,42778737,2702493236.55375
2020-01-24 00:00:00+00:00,66.57,69.29,66.46,68.47,84711037,5734725427.307499
2020-01-27 00:00:00+00:00,66.72,67.42,65.6,65.69,30764002,2041422262.7149997
2020-01-28 00:00:00+00:00,66.5,67.58,65.94,67.31,30915394,2066153069.5049999
2020-01-29 00:00:00+00:00,67.63,68.06,66.17,66.33,18076688,1211996738.68
2020-01-30 00:00:00+00:00,65.64,66.5,64.93,66.47,18522360,1220345688.6
2020-01-31 00:00:00+00:00,65.8,65.98,63.67,63.93,25268428,1638531213.66
2020-02-03 00:00:00+00:00,64.455,65.04,64.3,64.42,16654563,1075114496.26125
2020-02-04 00:00:00+00:00,65.77,66.06,64.92,65.46,20970754,1374685351.5849998
2020-02-05 00:00:00+00:00,66.69,67.6,66.13,67.34,23401417,1566490853.98
2020-02-06 00:00:00+00:00,67.3,67.4,66.77,67.09,17408038,1168775671.3199997
2020-02-07 00:00:00+00:00,66.86,67.3,66.01,66.02,18134646,1206815354.685
2020-02-10 00:00:00+00:00,65.56,66.4,65.44,66.39,22299288,1470582295.38
2020-02-11 00:00:00+00:00,66.83,67.71,66.57,67.41,17975623,1206703571.99
2020-02-12 00:00:00+00:00,67.6,68.09,67.31,67.46,15586600,1053887958.9999999
2020-02-13 00:00:00+00:00,66.99,67.65,66.739,67.44,11602733,779758770.5817499
2020-02-14 00:00:00+00:00,67.52,67.865,66.82,67.27,13405451,903108477.0562499
2020-02-18 00:00:00+00:00,66.66,66.69,65.88,66.14,12766566,846965904.855
2020-02-19 00:00:00+00:00,66.39,67.2,66.18,67.11,13551202,904136197.4399999
2020-02-20 00:00:00+00:00,67.04,67.29,64.56,65.45,26452594,1748119674.4900002
2020-02-21 00:00:00+00:00,65.18,65.25,64.04,64.34,20780465,1344548036.6625004
2020-02-24 00:00:00+00:00,61.6135,62.77,61.32,61.76,26903117,1664384873.432375
2020-02-25 00:00:00+00:00,61.99,62.28,59.46,59.73,34495728,2099582484.72
2020-02-26 00:00:00+00:00,60.11,60.82,59.27,59.65,26217740,1572081234.7500002
2020-02-27 00:00:00+00:00,57.93,58.51,55.8,55.83,42226859,2407669933.0325
2020-02-28 00:00:00+00:00,54.3,56.38,53.6,55.52,60727999,3337003545.05
2020-03-02 00:00:00+00:00,55.79,58.22,54.52,58.18,43140304,2445084579.96
2020-03-03 00:00:00+00:00,58.03,59.02,55.4,55.97,49740276,2840418460.98
2020-03-04 00:00:00+00:00,57.01,58.71,56.16,58.68,29223071,1684417812.44
2020-03-05 00:00:00+00:00,57.06,58.66,56.61,56.96,29099163,1668036771.0674999
2020-03-06 00:00:00+00:00,55.18,56.01,54.54,55.77,36259158,2007850874.25
2020-03-09 00:00:00+00:00,51.92,52.71,50.0,50.85,56196983,2886839016.71
2020-03-10 00:00:00+00:00,52.76,54.0,50.43,53.98,36568951,1930566345.6674998
2020-03-11 00:00:00+00:00,52.39,53.54,51.01,51.66,38573961,2011632066.1499999
2020-03-12 00:00:00+00:00,47.99,50.091,45.37,45.54,50661745,2393653462.32375
2020-03-13 00:00:00+00:00,48.26,55.0,47.74,54.43,48805059,2506505817.5925
2020-03-16 00:00:00+00:00,47.51,52.25,43.63,44.61,53878939,2532310133.0
2020-03-17 00:00:00+00:00,45.755,51.63,45.2,50.08,52085162,2508746934.1825004
2020-03-18 00:00:00+00:00,46.71,50.05,45.2,47.61,49309879,2336918440.5074997
2020-03-19 00:00:00+00:00,47.84,49.23,45.16,45.94,44538030,2095180276.2749999
2020-03-20 00:00:00+00:00,46.51,49.42,45.47,45.83,52344045,2450093886.3375
2020-03-23 00:00:00+00:00,46.02,50.49,45.9132,49.58,46698478,2241564302.7824
2020-03-24 00:00:00+00:00,53.14,54.64,51.35,52.4,50019753,2645169588.0225
2020-03-25 00:00:00+00:00,52.48,53.785,49.91,51.26,41106063,2131709044.6012497
2020-03-26 00:00:00+00:00,51.74,55.95,51.66,55.54,41475406,2228162498.835
2020-03-27 00:00:00+00:00,53.42,54.64,52.065,52.37,31633487,1680489455.0162501
2020-03-30 00:00:00+00:00,52.99,56.1,52.83,55.49,31628610,1719094025.025
2020-03-31 00:00:00+00:00,55.06,55.795,53.22,54.12,48081861,2622805415.22375
2020-04-01 00:00:00+00:00,52.5,54.69,51.43,51.88,29586562,1556992825.25
2020-04-02 00:00:00+00:00,51.29,54.56,51.22,54.35,27809987,1469896862.885
2020-04-03 00:00:00+00:00,53.85,55.13,52.73,54.13,23906062,1289971105.52
2020-04-06 00:00:00+00:00,56.63,58.77,56.12,58.43,32323387,1858190710.1625001
2020-04-07 00:00:00+00:00,59.94,61.49,58.21,58.4,41410012,2464309814.1200004
2020-04-08 00:00:00+00:00,58.99,59.51,57.91,58.98,26719500,1572375776.25
2020-04-09 00:00:00+00:00,59.36,59.72,56.06,57.14,40515419,2352730381.33
2020-04-13 00:00:00+00:00,56.57,58.77,56.57,58.7,23251938,1340532355.545
2020-04-14 00:00:00+00:00,60.0378,60.9,59.51,60.66,25673992,1547549932.0844
2020-04-15 00:00:00+00:00,59.74,59.83,58.385,58.87,22841552,1352362638.1
2020-04-16 00:00:00+00:00,59.61,60.96,58.81,60.79,24433516,1467049384.4299998
2020-04-17 00:00:00+00:00,62.02,62.13,59.825,60.36,27385636,1672817343.0150003
2020-04-20 00:00:00+00:00,59.279,60.04,58.89,59.18,26420309,1567972683.30025
2020-04-21 00:00:00+00:00,58.11,58.6,55.93,56.36,25248033,1445449889.25
2020-04-22 00:00:00+00:00,58.27,60.5,57.81,60.1,23443745,1387166391.65
2020-04-23 00:00:00+00:00,59.6735,60.1,58.81,59.04,35091952,2084668114.0180001
2020-04-24 00:00:00+00:00,56.2,59.4,56.1,59.26,50220505,2899731958.7
2020-04-27 00:00:00+00:00,59.72,59.83,58.385,59.47,25902236,1537330084.395
2020-04-28 00:00:00+00:00,59.99,60.22,58.26,58.75,28784707,1707077048.635
2020-04-29 00:00:00+00:00,59.44,62.03,59.32,61.8,30451541,1846809832.7975
2020-04-30 00:00:00+00:00,61.3666,61.54,59.75,59.98,26279877,1594115000.9245498
2020-05-01 00:00:00+00:00,58.83,59.32,57.31,57.47,21194802,1234226307.4650002
2020-05-04 00:00:00+00:00,57.12,58.07,56.31,57.99,18957227,1087623506.0575001
2020-05-05 00:00:00+00:00,58.79,59.3,58.35,58.75,17252063,1014378174.2425
2020-05-06 00:00:00+00:00,59.04,59.95,58.94,59.18,17848655,1058023646.7625
2020-05-07 00:00:00+00:00,59.93,60.0969,58.92,59.17,14733519,877074967.592775
2020-05-08 00:00:00+00:00,59.6694,59.78,59.05,59.67,20391091,1214133477.20385
2020-05-11 00:00:00+00:00,59.74,60.84,59.71,60.13,18684439,1123028206.095
2020-05-12 00:00:00+00:00,60.22,60.64,58.26,58.39,16754898,994863955.995
2020-05-13 00:00:00+00:00,58.45,59.23,56.9,57.74,21064971,1223453515.68
2020-05-14 00:00:00+00:00,57.32,59.15,56.1,59.08,21569352,1249135097.6999998
2020-05-15 00:00:00+00:00,57.4,58.37,56.96,58.28,21373268,1234359660.1699998
2020-05-18 00:00:00+00:00,59.7406,60.28,59.36,59.92,20443708,1223047897.6562002
2020-05-19 00:00:00+00:00,60.13,61.77,59.85,60.29,21865009,1323051694.59
2020-05-20 00:00:00+00:00,61.16,63.489,61.02,63.1,30583988,1902087027.693
2020-05-21 00:00:00+00:00,63.095,63.8,61.82,62.0,20987740,1315485308.525
2020-05-22 00:00:00+00:00,61.98,62.32,61.42,62.255,14103013,874298662.1687499
2020-05-26 00:00:00+00:00,63.68,64.14,62.12,62.34,20933556,1320279376.92
2020-05-27 00:00:00+00:00,62.32,63.59,61.07,63.56,19886271,1245576584.085
2020-05-28 00:00:00+00:00,63.0,63.45,61.49,61.7,17264131,1077454415.71
2020-05-29 00:00:00+00:00,61.9,63.66,61.62,62.93,33395738,2088152007.795
2020-06-01 00:00:00+00:00,62.4851,62.66,61.66,61.86,14329044,890783289.7911
2020-06-02 00:00:00+00:00,61.7,62.17,60.825,62.12,20702353,1277412813.92375
2020-06-03 00:00:00+00:00,62.45,62.54,61.53,61.93,16737271,1039593744.9875001
2020-06-04 00:00:00+00:00,61.74,63.47,61.3438,62.97,22010142,1373013567.5949001
2020-06-05 00:00:00+00:00,63.36,65.11,63.16,64.34,26813098,1715837173.765
2020-06-08 00:00:00+00:00,63.97,64.15,62.94,63.67,21546178,1372114480.4850001
2020-06-09 00:00:00+00:00,62.9935,63.71,62.9,63.04,23594133,1490226085.146375
2020-06-10 00:00:00+00:00,62.79,64.289,62.75,63.87,21367845,1355250227.1637502
2020-06-11 00:00:00+00:00,63.07,63.3,59.52,59.7,26998242,1657624563.1950002
2020-06-12 00:00:00+00:00,60.11,60.96,58.121,59.33,30419768,1813938370.782
2020-06-15 00:00:00+00:00,59.33,60.36,58.58,60.1,29651719,1767020064.5075
2020-06-16 00:00:00+00:00,61.49,61.65,59.49,60.4,23226634,1411192215.255
2020-06-17 00:00:00+00:00,60.74,61.28,60.06,60.49,20454771,1240428450.3675
2020-06-18 00:00:00+00:00,60.35,60.51,59.32,60.08,24899699,1495600420.435
2020-06-19 00:00:00+00:00,60.65,60.89,59.1,59.62,60324579,3623395837.6349998
2020-06-22 00:00:00+00:00,59.73,60.545,58.83,60.09,22846013,1366163019.8837502
2020-06-23 00:00:00+00:00,60.19,60.47,59.8612,59.92,22809579,1371090636.5637
2020-06-24 00:00:00+00:00,59.64,59.805,58.67,59.09,27764482,1646468488.2025
2020-06-25 00:00:00+00:00,58.98,59.09,57.48,58.51,21906941,1281884652.6149998
2020-06-26 00:00:00+00:00,58.49,58.73,57.07,57.5,38477509,2229675452.7775
2020-06-29 00:00:00+00:00,57.47,58.35,56.76,58.27,22150266,1278347226.5249999
2020-06-30 00:00:00+00:00,58.71,59.98,58.54,59.83,31542056,1869339948.84
2020-07-01 00:00:00+00:00,59.91,60.03,58.76,58.81,14748072,875703645.18
2020-07-02 00:00:00+00:00,59.19,59.81,58.97,59.13,15578580,923420329.5
2020-07-06 00:00:00+00:00,58.72,59.62,58.6,59.54,20536717,1214130709.04
2020-07-07 00:00:00+00:00,59.07,59.57,58.14,58.31,15996487,940153532.2075
2020-07-08 00:00:00+00:00,58.45,58.695,57.93,58.61,13277868,775709645.895
2020-07-09 00:00:00+00:00,58.2,58.745,57.7,58.42,20683689,1205160994.19625
2020-07-10 00:00:00+00:00,57.95,59.69,57.83,59.53,17742324,1042361535.0
2020-07-13 00:00:00+00:00,59.84,60.62,58.39,58.58,19082943,1132715789.1225
2020-07-14 00:00:00+00:00,57.8735,59.25,57.345,58.98,24190866,1411830345.35025
2020-07-15 00:00:00+00:00,59.03,59.34,58.42,59.03,19986312,1178293023.96
2020-07-16 00:00:00+00:00,58.54,59.36,58.4,59.14,12425873,731386884.78
2020-07-17 00:00:00+00:00,59.42,60.46,59.28,60.0,16322814,975941049.06
2020-07-20 00:00:00+00:00,60.08,61.38,59.34,61.15,16868660,1020343071.7500001
2020-07-21 00:00:00+00:00,61.515,61.9275,60.44,60.7,19830305,1212536393.1656249
2020-07-22 00:00:00+00:00,61.31,61.765,60.62,61.05,18959921,1160086466.28625
2020-07-23 00:00:00+00:00,61.255,61.74,59.98,60.4,43518551,2647831837.40625
2020-07-24 00:00:00+00:00,52.15,52.18,49.5,50.59,182269902,9314903341.71
2020-07-27 00:00:00+00:00,51.03,51.14,49.465,49.57,107526547,5408719722.28375
2020-07-28 00:00:00+00:00,49.48,50.23,49.14,49.24,62362611,3088352403.2475
2020-07-29 00:00:00+00:00,49.49,49.5,47.9,48.07,60500806,2948809284.44
2020-07-30 00:00:00+00:00,47.83,48.5,47.59,47.99,39735185,1906394838.3375003
2020-07-31 00:00:00+00:00,48.13,48.3216,46.97,47.73,46569883,2225476911.8157
2020-08-03 00:00:00+00:00,48.27,48.6267,47.74,48.3,31767139,1532261741.7753253
2020-08-04 00:00:00+00:00,48.6,49.14,48.5,49.13,29045836,1418671244.83
2020-08-05 00:00:00+00:00,49.72,49.72,48.66,48.92,29471066,1451597355.83
2020-08-06 00:00:00+00:00,48.79,48.82,48.1,48.57,23795529,1155748843.53
2020-08-07 00:00:00+00:00,48.53,48.65,47.7,48.03,36765228,1773095033.37
2020-08-10 00:00:00+00:00,48.2,49.39,48.06,49.22,37442609,1824110303.9575
2020-08-11 00:00:00+00:00,49.63,49.73,48.06,48.19,35348092,1728610069.0300002
2020-08-12 00:00:00+00:00,48.67,49.26,48.24,49.19,30687169,1498761333.96
2020-08-13 00:00:00+00:00,49.26,49.33,48.385,48.56,24774512,1211071050.98
2020-08-14 00:00:00+00:00,48.73,49.21,48.65,48.89,22321168,1090835480.16
2020-08-17 00:00:00+00:00,49.11,49.305,48.73,48.93,20018273,981270719.61875
2020-08-18 00:00:00+00:00,49.26,49.57,48.62,48.65,19251395,943799639.875
2020-08-19 00:00:00+00:00,48.785,48.98,48.25,48.33,27774975,1349481879.0937498
2020-08-20 00:00:00+00:00,49.81,50.2,49.0,49.17,55081342,2729005089.39
2020-08-21 00:00:00+00:00,49.02,49.31,48.65,49.28,34316470,1683737600.5500002
2020-08-24 00:00:00+00:00,49.26,49.4,48.82,49.14,36295307,1784095815.585
2020-08-25 00:00:00+00:00,49.35,49.88,49.21,49.43,38384329,1898776794.8075001
2020-08-26 00:00:00+00:00,49.39,49.67,49.23,49.55,28616620,1415378025.1999998
2020-08-27 00:00:00+00:00,49.79,49.93,49.17,49.4,24420613,1210590837.9424999
2020-08-28 00:00:00+00:00,49.57,50.8,49.46,50.43,35384684,1771534204.4600003
2020-08-31 00:00:00+00:00,51.0,51.5,50.32,50.95,46114133,2349169220.3525
2020-09-01 00:00:00+00:00,50.91,51.0,50.22,50.79,30522707,1548416926.11
2020-09-02 00:00:00+00:00,51.21,52.68,51.09,52.25,53000730,2745835319.4750004
2020-09-03 00:00:00+00:00,52.5,52.62,50.135,50.39,47394340,2436602262.325
2020-09-04 00:00:00+00:00,50.53,51.23,49.49,50.08,43318369,2180321807.6924996
2020-09-08 00:00:00+00:00,49.26,49.9,48.85,48.91,39752694,1957025125.62
2020-09-09 00:00:00+00:00,49.53,49.9684,49.04,49.62,33437273,1656469129.5108
2020-09-10 00:00:00+00:00,50.0,50.09,48.71,48.96,32649149,1614173926.5600002
2020-09-11 00:00:00+00:00,49.2635,50.05,48.95,49.28,29333570,1448664021.3237503
2020-09-14 00:00:00+00:00,48.85,49.72,48.85,49.41,27212491,1339058650.8825
2020-09-15 00:00:00+00:00,49.79,50.6,49.73,50.0,27598263,1380741097.89
2020-09-16 00:00:00+00:00,50.51,51.03,50.165,50.37,26555283,1341539703.0562499
2020-09-17 00:00:00+00:00,49.37,50.485,49.3,50.32,26959934,1344458208.6624997
2020-09-18 00:00:00+00:00,50.33,50.5,49.04,49.89,50123495,2503167340.2999997
2020-09-21 00:00:00+00:00,49.39,49.745,48.83,49.72,27377117,1353011343.5362499
2020-09-22 00:00:00+00:00,49.89,50.21,49.47,49.95,22290855,1111867847.3999999
2020-09-23 00:00:00+00:00,49.83,50.145,48.66,48.82,30078801,1484802412.86375
2020-09-24 00:00:00+00:00,48.53,49.64,48.42,49.16,29343397,1435992490.6875
2020-09-25 00:00:00+00:00,48.96,50.28,48.75,49.94,26633411,1317887759.8075001
2020-09-28 00:00:00+00:00,50.51,51.46,50.16,51.43,29652247,1509002849.83
2020-09-29 00:00:00+00:00,51.305,51.735,50.95,51.19,19687447,1009867593.865
2020-09-30 00:00:00+00:00,51.24,52.38,51.15,51.78,27711346,1430944629.075
2020-10-01 00:00:00+00:00,52.4,52.72,51.99,52.24,22127580,1158102218.2500002
2020-10-02 00:00:00+00:00,51.5,51.9789,50.99,51.01,25811766,1325943321.18435
2020-10-05 00:00:00+00:00,51.3,51.81,51.27,51.69,20883245,1075852574.2875
2020-10-06 00:00:00+00:00,51.71,52.7,51.23,51.37,25642790,1327078489.475
2020-10-07 00:00:00+00:00,51.85,52.9,51.79,52.67,21978673,1149539544.5825
2020-10-08 00:00:00+00:00,52.91,53.58,52.67,53.37,22369537,1188549424.6525
2020-10-09 00:00:00+00:00,53.55,53.85,52.67,52.82,24343898,1295643111.3049998
2020-10-12 00:00:00+00:00,53.55,54.2,53.21,53.88,27303474,1466469588.54
2020-10-13 00:00:00+00:00,54.27,54.29,53.62,53.83,20005769,1080361540.4225
2020-10-14 00:00:00+00:00,54.01,54.4,53.51,53.55,21885105,1178895893.5874999
2020-10-15 00:00:00+00:00,52.75,53.98,52.62,53.85,18272865,973943704.5
2020-10-16 00:00:00+00:00,53.9,54.7,53.9,54.16,23421388,1268619481.02
2020-10-19 00:00:00+00:00,54.47,56.23,53.84,54.58,43537219,2384968856.82
2020-10-20 00:00:00+00:00,54.6,54.7,53.27,53.43,27224899,1470144546.0000002
2020-10-21 00:00:00+00:00,53.14,54.07,52.82,53.5,21866025,1167263079.5625
2020-10-22 00:00:00+00:00,53.12,54.22,53.07,53.9,41522739,2224684548.7725
2020-10-23 00:00:00+00:00,48.35,48.665,47.66,48.2,97322490,4692768814.6875
2020-10-26 00:00:00+00:00,47.85,47.86,46.25,46.72,54161291,2554788096.4700003
2020-10-27 00:00:00+00:00,45.98,46.41,45.36,45.64,50130518,2298358924.0049996
2020-10-28 00:00:00+00:00,44.89,45.285,44.2,44.25,45066011,2012479053.71875
2020-10-29 00:00:00+00:00,44.24,44.47,43.9201,44.11,36796801,1625867572.1050248
2020-10-30 00:00:00+00:00,44.1,44.795,43.61,44.28,46794171,2068126880.05875
2020-11-02 00:00:00+00:00,44.96,45.055,44.24,44.46,33856742,1512676911.6325
2020-11-03 00:00:00+00:00,44.73,45.46,44.7,44.85,33587541,1509256154.8349998
2020-11-04 00:00:00+00:00,45.11,46.15,44.78,45.7,34748153,1578782331.555
2020-11-05 00:00:00+00:00,46.15,46.38,45.525,45.68,31103209,1428687026.4037502
2020-11-06 00:00:00+00:00,45.54,45.795,44.9,45.39,36233675,1645235305.46875
2020-11-09 00:00:00+00:00,46.64,47.35,45.54,45.6,48481729,2243855622.4425
2020-11-10 00:00:00+00:00,45.4,46.48,45.25,45.44,39224462,1790302506.835
2020-11-11 00:00:00+00:00,45.9,46.455,45.86,46.35,31496938,1453308090.4924998
2020-11-12 00:00:00+00:00,46.13,46.19,44.55,44.95,42909915,1950470186.3249998
2020-11-13 00:00:00+00:00,44.99,45.58,44.97,45.46,30898107,1398139341.75
2020-11-16 00:00:00+00:00,46.04,46.75,45.79,46.19,36306293,1677078439.4025
2020-11-17 00:00:00+00:00,45.75,46.12,45.405,45.53,31072061,1420032027.7762501
2020-11-18 00:00:00+00:00,45.55,45.685,45.04,45.06,32817918,1487759290.1325002
2020-11-19 00:00:00+00:00,44.92,45.67,44.7,45.62,29469084,1332812996.6100001
2020-11-20 00:00:00+00:00,45.66,45.88,45.33,45.39,24199278,1102640102.07
2020-11-23 00:00:00+00:00,45.48,46.21,45.45,46.06,35489638,1625425420.3999999
2020-11-24 00:00:00+00:00,46.29,47.3,46.01,47.01,33901172,1581574426.7299998
2020-11-25 00:00:00+00:00,47.03,47.18,46.57,47.05,28126887,1320768296.3024998
2020-11-27 00:00:00+00:00,47.36,48.1,47.36,47.45,15921420,757342145.8499999
2020-11-30 00:00:00+00:00,47.42,48.5,47.265,48.35,46332671,2218582034.99625
2020-12-01 00:00:00+00:00,48.75,50.225,48.71,49.56,57778192,2849114870.26
2020-12-02 00:00:00+00:00,49.22,50.06,49.18,49.9,33753518,1673836957.6200001
2020-12-03 00:00:00+00:00,49.92,51.11,49.78,50.99,50261151,2535675067.9500003
2020-12-04 00:00:00+00:00,51.06,52.65,51.0,51.985,39767719,2054947169.67625
2020-12-07 00:00:00+00:00,51.0,51.29,49.56,50.2,51040300,2578173153.75
2020-12-08 00:00:00+00:00,49.83,50.72,49.81,50.69,28956507,1455426433.0875
2020-12-09 00:00:00+00:00,50.28,50.8383,49.73,50.07,34068390,1711240750.63425
2020-12-10 00:00:00+00:00,49.66,50.72,49.59,50.26,33705981,1687237143.9075
2020-12-11 00:00:00+00:00,50.14,50.14,49.115,49.73,29398840,1463511003.75
2020-12-14 00:00:00+00:00,49.82,51.34,49.74,50.47,33436404,1683272168.3700001
2020-12-15 00:00:00+00:00,50.98,51.01,50.21,50.665,25472993,1291894681.23625
2020-12-16 00:00:00+00:00,50.71,51.46,50.68,51.12,28350977,1445687194.6725
2020-12-17 00:00:00+00:00,51.15,51.32,50.22,50.65,26399017,1341994029.195
2020-12-18 00:00:00+00:00,50.57,50.68,47.11,47.46,119298410,5840253661.55
2020-12-21 00:00:00+00:00,46.32,46.45,45.24,46.36,53775701,2478656498.3425
2020-12-22 00:00:00+00:00,46.25,46.34,45.765,46.17,32188769,1484908149.9312503
2020-12-23 00:00:00+00:00,46.165,47.03,46.07,46.57,22564228,1048305827.5949999
2020-12-24 00:00:00+00:00,46.6,47.09,46.34,47.07,11865642,555015404.55
2020-12-28 00:00:00+00:00,47.19,47.635,46.86,47.07,21269166,1003665357.0825
2020-12-29 00:00:00+00:00,47.22,50.6667,46.49,49.39,84531388,4094842024.7949004
2020-12-30 00:00:00+00:00,49.11,49.19,48.56,48.75,37385409,1828239963.6225002
2020-12-31 00:00:00+00:00,48.75,50.19,48.72,49.82,28576790,1410836122.3
2021-01-04 00:00:00+00:00,49.89,51.39,49.4016,49.67,46102459,2309175356.1461
2021-01-05 00:00:00+00:00,49.445,50.83,49.33,50.61,24866563,1244664727.7612503
2021-01-06 00:00:00+00:00,50.435,52.15,50.2,51.1,36809644,1876233566.7350001
2021-01-07 00:00:00+00:00,51.49,52.69,51.3,52.19,32092336,1666153854.2800002
2021-01-08 00:00:00+00:00,52.45,52.53,51.27,51.65,34625379,1799654073.525
2021-01-11 00:00:00+00:00,51.29,52.24,51.25,51.54,32933279,1698698530.82
2021-01-12 00:00:00+00:00,51.9,53.85,51.56,53.24,39883888,2099388154.6000001
2021-01-13 00:00:00+00:00,59.5,60.25,56.9,56.95,124070671,7245727186.400001
2021-01-14 00:00:00+00:00,58.45,60.14,57.84,59.25,74680892,4400198156.64
2021-01-15 00:00:00+00:00,58.85,59.65,57.5,57.58,50265363,2935245872.3849998
2021-01-19 00:00:00+00:00,57.94,58.34,57.1,57.99,35647144,2061919926.82
2021-01-20 00:00:00+00:00,58.24,59.22,58.09,58.67,28701263,1680602454.9650002
2021-01-21 00:00:00+00:00,59.038,63.95,58.2233,62.46,87156464,5309382221.5708
2021-01-22 00:00:00+00:00,58.85,59.62,56.65,56.66,85729315,4967585157.675
2021-01-25 00:00:00+00:00,56.38,56.5,54.06,55.44,61968547,3445141370.465
2021-01-26 00:00:00+00:00,55.275,56.2,54.85,55.21,31485880,1743806106.45
2021-01-27 00:00:00+00:00,54.61,54.8481,53.3,53.59,49722945,2689366169.2886252
2021-01-28 00:00:00+00:00,54.79,57.4,54.7,56.065,49202558,2742489079.7225
2021-01-29 00:00:00+00:00,55.98,57.16,55.355,55.51,37256225,2086395170.2812498
2021-02-01 00:00:00+00:00,55.95,57.39,55.71,56.69,26926638,1519604815.53
2021-02-02 00:00:00+00:00,57.19,58.28,56.88,58.0,23580890,1357964502.875
2021-02-03 00:00:00+00:00,57.8943,58.33,57.38,57.68,21893188,1265887665.3371
2021-02-04 00:00:00+00:00,57.61,58.88,57.19,58.79,29853778,1735026942.915
2021-02-05 00:00:00+00:00,59.0,59.08,58.12,58.18,23432611,1373033841.545
2021-02-08 00:00:00+00:00,58.375,59.22,57.95,59.16,34358295,2016015906.99375
2021-02-09 00:00:00+00:00,58.77,59.31,57.935,58.78,28754075,1687828259.90625
2021-02-10 00:00:00+00:00,59.3,59.42,58.12,58.86,16325147,961959286.9749999
2021-02-11 00:00:00+00:00,59.095,60.99,58.86,60.66,27539121,1649627771.80125
2021-02-12 00:00:00+00:00,60.6,62.51,60.43,61.81,26214175,1607911959.0625
2021-02-16 00:00:00+00:00,62.0,62.87,61.7,62.47,26326297,1639075251.22
2021-02-17 00:00:00+00:00,61.49,62.185,61.21,61.85,21065334,1299388796.1225002
2021-02-18 00:00:00+00:00,60.645,61.98,60.64,61.61,17846142,1092518505.5625
2021-02-19 00:00:00+00:00,61.91,63.26,61.85,63.01,28290116,1768344425.87
2021-02-22 00:00:00+00:00,63.01,63.01,60.66,60.71,32288182,1996943336.2450001
2021-02-23 00:00:00+00:00,60.48,61.495,59.17,61.12,27374594,1657976503.8525
2021-02-24 00:00:00+00:00,60.53,63.28,60.38,63.19,24669870,1525708110.1499999
2021-02-25 00:00:00+00:00,62.405,63.54,60.13,60.4,36393952,2242549829.7999997
2021-02-26 00:00:00+00:00,60.89,61.69,59.68,60.78,38216774,2322051188.24
2021-03-01 00:00:00+00:00,61.72,63.08,61.65,62.88,28503500,1776694413.75
2021-03-02 00:00:00+00:00,62.8,63.14,61.11,61.24,23320016,1447531693.16
2021-03-03 00:00:00+00:00,60.64,61.52,59.7,59.9,28740357,1737067177.0800002
2021-03-04 00:00:00+00:00,59.83,60.235,57.905,58.33,40210352,2375426544.4
2021-03-05 00:00:00+00:00,59.26,61.175,58.51,60.74,39511670,2367588655.9875
2021-03-08 00:00:00+00:00,60.4677,61.695,59.72,59.85,33112387,2001086678.238725
2021-03-09 00:00:00+00:00,61.18,63.165,60.84,62.67,36387479,2254704651.88625
2021-03-10 00:00:00+00:00,63.22,64.12,62.13,62.25,27160323,1709199126.39
2021-03-11 00:00:00+00:00,62.94,64.09,62.39,63.31,30701765,1939814267.1125002
2021-03-12 00:00:00+00:00,62.65,63.3,62.24,62.9,20172961,1266307194.3725
2021-03-15 00:00:00+00:00,63.61,63.875,62.48,63.79,21251484,1348167580.605
2021-03-16 00:00:00+00:00,64.15,65.7302,64.08,64.78,30186635,1952623994.3067496
2021-03-17 00:00:00+00:00,64.2235,66.29,63.71,65.78,32394652,2105680725.3205001
2021-03-18 00:00:00+00:00,65.63,65.7,63.65,63.725,30107865,1947263803.70625
2021-03-19 00:00:00+00:00,63.18,64.99,62.92,63.76,54951650,3501107000.6249995
2021-03-22 00:00:00+00:00,64.82,66.38,64.56,65.63,34380148,2246656721.43
2021-03-23 00:00:00+00:00,66.0,66.05,63.17,63.48,35159952,2273969895.6000004
2021-03-24 00:00:00+00:00,66.58,67.44,61.99,62.04,74584670,4811643523.375
2021-03-25 00:00:00+00:00,61.655,62.44,60.975,62.02,35401428,2186834711.13
2021-03-26 00:00:00+00:00,61.8,64.97,61.77,64.87,34705755,2198696343.6375
2021-03-29 00:00:00+00:00,64.0113,65.125,63.61,64.5,26161610,1682494343.63575
2021-03-30 00:00:00+00:00,63.77,64.0,63.15,63.77,20709487,1318624811.0075002
2021-03-31 00:00:00+00:00,64.01,64.4899,63.58,64.0,33013231,2113506223.289225
2021-04-01 00:00:00+00:00,64.725,64.89,63.575,64.55,31416250,2024306068.75
2021-04-05 00:00:00+00:00,64.95,66.74,64.7,66.54,27947521,1837060424.1325
2021-04-06 00:00:00+00:00,66.0616,66.575,65.29,65.56,28771404,1895219854.2966
2021-04-07 00:00:00+00:00,65.67,66.57,65.36,66.25,17793257,1173687714.8625002
2021-04-08 00:00:00+00:00,66.97,67.29,66.36,67.05,22224223,1487189442.6025002
2021-04-09 00:00:00+00:00,66.7976,68.4,66.63,68.26,27177096,1835049158.4024
2021-04-12 00:00:00+00:00,68.2,68.49,64.71,65.405,51266884,3419565246.4049993
2021-04-13 00:00:00+00:00,65.61,65.6346,64.21,65.22,26821990,1747952878.6134996
2021-04-14 00:00:00+00:00,65.31,65.38,63.84,64.19,25768415,1666701082.2000003
2021-04-15 00:00:00+00:00,63.97,65.215,63.6799,65.02,24927676,1607117808.1231
2021-04-16 00:00:00+00:00,65.33,65.52,64.57,64.75,24625458,1601701351.9649997
2021-04-19 00:00:00+00:00,64.7,64.74,63.07,63.63,23997675,1536691118.625
2021-04-20 00:00:00+00:00,63.64,63.76,62.41,62.7,19872123,1254477444.6825
2021-04-21 00:00:00+00:00,62.79,63.775,62.3,63.7,24364209,1538386611.52125
2021-04-22 00:00:00+00:00,63.35,63.91,62.28,62.57,38257616,2411281892.44
2021-04-23 00:00:00+00:00,59.16,60.0,57.9,59.24,77519832,4579484075.400001
2021-04-26 00:00:00+00:00,59.1,59.52,58.46,58.76,39645910,2337522853.6
2021-04-27 00:00:00+00:00,58.555,58.63,57.77,57.97,38167700,2222552880.625
2021-04-28 00:00:00+00:00,57.52,58.16,57.15,57.62,30387352,1750691317.1000001
2021-04-29 00:00:00+00:00,57.88,58.3,57.47,58.28,23290618,1350448258.185
2021-04-30 00:00:00+00:00,57.61,58.43,57.07,57.53,30731840,1771997894.3999999
2021-05-03 00:00:00+00:00,57.855,57.8768,56.84,57.26,22281701,1280260861.97295
2021-05-04 00:00:00+00:00,56.88,56.98,55.81,56.9,35323622,2000818259.1350002
2021-05-05 00:00:00+00:00,56.96,57.3,56.46,56.85,21001931,1194852359.4175
2021-05-06 00:00:00+00:00,56.615,57.25,56.245,57.19,25529252,1450699744.9
2021-05-07 00:00:00+00:00,57.7,58.01,57.24,57.67,19959041,1150738508.855
2021-05-10 00:00:00+00:00,57.1465,57.23,55.88,55.97,35046472,1982110174.477
2021-05-11 00:00:00+00:00,55.05,55.63,54.3,55.04,35968053,1978422755.265
2021-05-12 00:00:00+00:00,54.39,54.65,53.42,53.62,30232253,1633146307.06
2021-05-13 00:00:00+00:00,54.04,54.39,53.46,54.01,29192470,1575663568.25
2021-05-14 00:00:00+00:00,54.6046,55.8467,54.255,55.35,28158312,1549103488.2414
2021-05-17 00:00:00+00:00,55.29,55.89,54.76,55.33,20010191,1106913740.6425
2021-05-18 00:00:00+00:00,55.95,56.14,54.8,54.84,18703385,1036775389.0124999
2021-05-19 00:00:00+00:00,54.07,55.43,53.8418,55.36,23769652,1299616419.4434
2021-05-20 00:00:00+00:00,55.57,56.24,55.36,55.95,23145167,1291037415.26
2021-05-21 00:00:00+00:00,56.42,56.71,55.9801,56.08,17723087,997765933.4596748
2021-05-24 00:00:00+00:00,56.648,57.39,56.4,56.96,19164350,1089483715.325
2021-05-25 00:00:00+00:00,57.56,57.56,56.42,56.87,22309872,1273949465.88
2021-05-26 00:00:00+00:00,57.05,57.23,56.585,56.92,15173599,864079562.05375
2021-05-27 00:00:00+00:00,57.11,57.88,57.0,57.73,32387637,1860021992.91
2021-05-28 00:00:00+00:00,57.55,57.65,56.94,57.12,20309599,1164044666.685
2021-06-01 00:00:00+00:00,57.61,57.82,56.59,56.89,20326366,1163227110.265
2021-06-02 00:00:00+00:00,56.91,57.69,56.755,57.48,18483588,1057422964.9949999
2021-06-03 00:00:00+00:00,56.98,57.1,56.085,56.24,21831303,1235679038.92875
2021-06-04 00:00:00+00:00,56.55,57.75,56.54,57.37,21493760,1226272742.4
2021-06-07 00:00:00+00:00,57.41,57.44,56.775,57.09,17364399,992874629.32125
2021-06-08 00:00:00+00:00,57.45,57.64,56.6,57.0,33254482,1901241872.145
2021-06-09 00:00:00+00:00,57.36,57.475,56.97,57.0,13904793,795371540.5912501
2021-06-10 00:00:00+00:00,57.15,58.03,56.925,57.38,26738082,1533997186.9425
2021-06-11 00:00:00+00:00,57.47,57.94,56.95,57.85,18119736,1042836106.14
2021-06-14 00:00:00+00:00,58.02,58.2,57.23,58.19,21784523,1261541726.9299998
2021-06-15 00:00:00+00:00,58.21,58.415,57.8001,57.99,20806538,1208938402.4809499
2021-06-16 00:00:00+00:00,58.15,58.37,56.765,57.22,21879679,1260843851.9737499
2021-06-17 00:00:00+00:00,57.05,57.9,56.7,57.18,21498755,1229890026.6625
2021-06-18 00:00:00+00:00,56.68,56.75,55.1,55.67,55118305,3089380995.25
2021-06-21 00:00:00+00:00,55.75,56.04,55.37,55.87,19254640,1073590589.8
2021-06-22 00:00:00+00:00,55.94,56.2799,55.5049,55.87,18682808,1044344679.5496
2021-06-23 00:00:00+00:00,55.87,55.974,55.23,55.26,20287879,1127671322.3964999
2021-06-24 00:00:00+00:00,55.49,56.1,55.34,56.07,21209732,1182442559.0
2021-06-25 00:00:00+00:00,56.02,56.405,55.745,55.91,21101239,1182091408.78
2021-06-28 00:00:00+00:00,56.36,57.725,56.34,57.48,22480879,1280876182.12375
2021-06-29 00:00:00+00:00,57.55,57.83,55.88,56.75,26359992,1502585443.98
2021-06-30 00:00:00+00:00,56.34,56.375,55.39,56.14,29891584,1675759563.52
2021-07-01 00:00:00+00:00,56.13,56.64,55.87,56.01,24871591,1396850729.5375001
2021-07-02 00:00:00+00:00,56.55,56.99,56.32,56.76,17223577,975801754.935
2021-07-06 00:00:00+00:00,56.92,57.01,55.7,56.09,26186595,1477709555.85
2021-07-07 00:00:00+00:00,56.37,56.45,55.705,55.96,14857388,833815186.295
2021-07-08 00:00:00+00:00,55.31,55.72,54.7901,55.39,19161963,1059704937.856575
2021-07-09 00:00:00+00:00,55.51,56.105,55.31,55.99,18708003,1042573622.1862501
2021-07-12 00:00:00+00:00,56.26,56.755,56.11,56.73,15392759,869132895.9862499
2021-07-13 00:00:00+00:00,56.62,57.3,56.34,56.87,15715983,892392804.6975
2021-07-14 00:00:00+00:00,57.17,57.455,56.3339,56.52,16263611,924907085.076975
2021-07-15 00:00:00+00:00,56.4,56.4,55.57,55.81,18917047,1060205899.115
2021-07-16 00:00:00+00:00,56.05,56.9295,54.9,54.97,25263792,1407505853.826
2021-07-19 00:00:00+00:00,54.41,54.805,53.97,54.64,27007665,1470736157.15625
2021-07-20 00:00:00+00:00,54.915,55.56,54.2684,55.24,19866965,1092600627.0952501
2021-07-21 00:00:00+00:00,55.18,56.28,55.01,56.23,18497169,1029829884.0749999
2021-07-22 00:00:00+00:00,56.06,56.54,55.68,55.96,36690982,2056896450.92
2021-07-23 00:00:00+00:00,54.58,54.71,52.32,53.0,67742254,3634541282.7349997
2021-07-26 00:00:00+00:00,52.81,54.54,52.76,54.31,32881174,1762595332.27
2021-07-27 00:00:00+00:00,53.12,53.2,52.31,53.18,39878025,2111641118.8125
2021-07-28 00:00:00+00:00,53.03,53.92,52.94,53.07,28478845,1516213707.8
2021-07-29 00:00:00+00:00,53.48,54.1,53.32,53.7,16886626,905967484.9000001
2021-07-30 00:00:00+00:00,53.65,53.9,53.25,53.72,16465689,883054901.07
2021-08-02 00:00:00+00:00,53.99,54.47,53.535,53.68,18098082,975825958.8375001
2021-08-03 00:00:00+00:00,53.89,54.16,53.26,54.06,16375928,881720903.34
2021-08-04 00:00:00+00:00,54.25,54.44,53.7,53.9,17612708,952363153.3299999
2021-08-05 00:00:00+00:00,53.99,54.02,53.58,53.89,15310009,824750184.83
2021-08-06 00:00:00+00:00,53.86,54.13,53.73,53.92,19256023,1038092199.93
2021-08-09 00:00:00+00:00,54.08,54.41,53.83,54.05,14670135,793544277.4875001
2021-08-10 00:00:00+00:00,54.24,54.385,53.51,53.94,16215714,875952600.6374999
2021-08-11 00:00:00+00:00,54.26,54.36,53.84,54.14,18590798,1006691711.7
2021-08-12 00:00:00+00:00,54.17,54.18,53.255,53.54,15073693,810757420.1212499
2021-08-13 00:00:00+00:00,53.5,53.555,53.055,53.49,15281066,816008924.4000001
2021-08-16 00:00:00+00:00,53.23,53.49,53.0,53.47,17692907,942987710.8325
2021-08-17 00:00:00+00:00,53.17,53.1784,52.22,52.69,22014903,1162708295.9838
2021-08-18 00:00:00+00:00,52.6,53.03,52.11,52.19,15061736,790477559.62
2021-08-19 00:00:00+00:00,52.0544,52.67,51.58,52.44,22999394,1200248675.2233999
2021-08-20 00:00:00+00:00,52.16,52.38,51.42,52.01,25728334,1337680405.495
2021-08-23 00:00:00+00:00,52.59,53.535,52.48,53.23,23976255,1269752494.4812498
2021-08-24 00:00:00+00:00,53.555,53.97,53.31,53.81,20348797,1091941883.0162501
2021-08-25 00:00:00+00:00,54.08,54.23,53.731,53.81,15048388,812052399.547
2021-08-26 00:00:00+00:00,53.745,53.745,52.9729,53.13,19569984,1045002408.8784
2021-08-27 00:00:00+00:00,53.36,53.94,52.92,53.89,16524991,884541455.7525
2021-08-30 00:00:00+00:00,54.26,54.87,53.76,53.94,14581326,790417229.145
2021-08-31 00:00:00+00:00,54.44,54.5,53.66,54.06,22350100,1210593166.5
2021-09-01 00:00:00+00:00,54.11,54.155,53.53,53.67,18615029,1002721805.8712502
2021-09-02 00:00:00+00:00,53.8,53.89,53.35,53.73,15880063,852640282.6274999
2021-09-03 00:00:00+00:00,53.44,54.08,53.3193,53.51,13472750,721968632.89375
2021-09-07 00:00:00+00:00,53.57,53.95,53.44,53.65,13914972,746573035.23
2021-09-08 00:00:00+00:00,53.73,53.92,52.99,53.57,18235078,976534014.595
2021-09-09 00:00:00+00:00,53.66,53.89,53.34,53.4,13495797,723003584.7825
2021-09-10 00:00:00+00:00,53.85,54.98,53.81,53.84,20324696,1099972547.52
2021-09-13 00:00:00+00:00,54.61,55.485,54.41,54.99,22639242,1242300105.6975
2021-09-14 00:00:00+00:00,55.37,55.44,54.27,54.52,22072717,1211792163.3000002
2021-09-15 00:00:00+00:00,54.67,55.15,54.42,55.12,18796181,1030782566.0400001
2021-09-16 00:00:00+00:00,54.86,54.95,54.24,54.83,19863089,1086908230.08
2021-09-17 00:00:00+00:00,54.59,54.59,53.665,54.26,35359233,1919166570.1162498
2021-09-20 00:00:00+00:00,53.2135,53.5,52.32,52.98,35051904,1857869212.1759999
2021-09-21 00:00:00+00:00,53.2,53.45,52.83,52.87,17968925,953925305.9375001
2021-09-22 00:00:00+00:00,53.4,53.87,53.0,53.5,18594117,993716097.7724999
2021-09-23 00:00:00+00:00,53.75,54.3,53.6,54.03,16474334,888296089.28
2021-09-24 00:00:00+00:00,53.775,54.423,53.73,54.22,12976200,701194919.4
2021-09-27 00:00:00+00:00,53.94,54.87,53.82,54.66,13899911,755077915.2975
2021-09-28 00:00:00+00:00,54.18,54.59,53.96,54.0,24691319,1337837391.7175002
2021-09-29 00:00:00+00:00,54.0,54.05,53.18,53.49,20514308,1101208053.44
2021-09-30 00:00:00+00:00,53.76,53.98,53.26,53.28,20534072,1100010237.04
2021-10-01 00:00:00+00:00,53.645,54.105,53.05,53.86,19895101,1067670595.1650001
2021-10-04 00:00:00+00:00,53.93,54.33,53.08,53.47,27353323,1468941828.4074998
2021-10-05 00:00:00+00:00,53.55,54.34,53.475,53.95,18129360,975880787.1
2021-10-06 00:00:00+00:00,53.48,54.07,53.07,53.98,20059578,1076196359.7
2021-10-07 00:00:00+00:00,54.319,54.985,54.12,54.18,20704443,1126342403.6430001
2021-10-08 00:00:00+00:00,54.55,54.58,53.7,53.81,16068031,870244558.9599999
2021-10-11 00:00:00+00:00,53.81,54.41,53.42,53.44,14398758,774221217.66
2021-10-12 00:00:00+00:00,53.57,53.72,52.01,52.17,32784309,1733224456.0574996
2021-10-13 00:00:00+00:00,52.38,52.5784,51.865,52.26,18533956,968785633.9826001
2021-10-14 00:00:00+00:00,52.895,54.0,52.73,53.9,26586650,1419228610.3125
2021-10-15 00:00:00+00:00,54.2,54.49,53.8095,54.46,25231140,1368533879.7075002
2021-10-18 00:00:00+00:00,54.185,54.56,53.72,54.47,22407571,1215246603.72125
2021-10-19 00:00:00+00:00,54.6257,55.22,54.37,55.21,18392879,1008967587.397575
2021-10-20 00:00:00+00:00,55.25,55.485,55.08,55.37,16850266,931756521.3025
2021-10-21 00:00:00+00:00,54.925,56.07,54.83,56.0,38390855,2129012852.59375
2021-10-22 00:00:00+00:00,50.39,50.55,49.14,49.46,109971887,5485947582.995
2021-10-25 00:00:00+00:00,49.825,50.07,49.31,49.41,43178773,2143987999.84875
2021-10-26 00:00:00+00:00,49.4,49.44,47.93,48.28,68405390,3335617829.875
2021-10-27 00:00:00+00:00,48.52,48.8155,47.87,47.89,41081464,1983161457.953
2021-10-28 00:00:00+00:00,48.14,48.3599,47.88,48.08,31317178,1506825236.54055
2021-10-29 00:00:00+00:00,48.1,49.28,47.92,49.0,42300965,2054769374.8750002
2021-11-01 00:00:00+00:00,49.4,49.6,49.0,49.55,28013741,1383528633.6375
2021-11-02 00:00:00+00:00,49.61,49.895,49.23,49.86,27193263,1350111516.37125
2021-11-03 00:00:00+00:00,49.9313,50.45,49.71,50.39,23962115,1200988991.4873753
2021-11-04 00:00:00+00:00,50.24,50.35,49.73,50.31,24805961,1244204988.8575
2021-11-05 00:00:00+00:00,50.55,51.58,50.54,50.92,36816156,1873850300.0099998
2021-11-08 00:00:00+00:00,51.46,51.99,51.06,51.55,31647844,1630338683.66
2021-11-09 00:00:00+00:00,51.54,51.77,50.765,51.2,22508422,1155104081.5124998
2021-11-10 00:00:00+00:00,50.975,51.3873,50.71,50.76,25040734,1276027601.22705
2021-11-11 00:00:00+00:00,51.01,51.07,50.41,50.53,25419988,1290191490.94
2021-11-12 00:00:00+00:00,50.595,50.9,50.18,50.31,23884837,1206094700.3612502
2021-11-15 00:00:00+00:00,50.41,50.63,50.12,50.32,24695780,1243926438.6
2021-11-16 00:00:00+00:00,50.37,51.15,50.34,50.61,30927765,1565486144.8875003
2021-11-17 00:00:00+00:00,50.6,50.9399,49.98,50.23,23546918,1187647087.95205
2021-11-18 00:00:00+00:00,50.24,50.24,48.97,49.68,30667661,1526712833.7325
2021-11-19 00:00:00+00:00,49.6,49.73,49.24,49.52,27607603,1367197519.5675
2021-11-22 00:00:00+00:00,49.55,50.85,49.41,49.83,33389634,1666476632.9399998
2021-11-23 00:00:00+00:00,50.16,50.45,48.64,49.1,44713339,2217222697.6625
2021-11-24 00:00:00+00:00,48.855,49.78,48.63,49.76,26035780,1282424888.6249998
2021-11-26 00:00:00+00:00,48.9,49.175,48.115,48.78,25268977,1231673111.4225
2021-11-29 00:00:00+00:00,49.3,50.13,48.72,50.0,31478896,1559385810.6000001
2021-11-30 00:00:00+00:00,49.5,50.4,48.68,49.2,49460840,2445591233.8
2021-12-01 00:00:00+00:00,49.84,50.3062,48.52,48.6,35133403,1732658225.71965
2021-12-02 00:00:00+00:00,48.61,49.7947,48.33,49.5,37240777,1826983175.5904748
2021-12-03 00:00:00+00:00,49.675,50.06,48.76,49.25,32224930,1593079695.7125
2021-12-06 00:00:00+00:00,49.48,51.21,49.18,50.99,40335981,2025471285.9150002
2021-12-07 00:00:00+00:00,54.66,55.0,52.21,52.57,91731468,4917723999.48
2021-12-08 00:00:00+00:00,52.57,52.88,51.3838,51.75,37143437,1936879808.63015
2021-12-09 00:00:00+00:00,51.3,51.585,50.43,50.48,31694241,1614781961.1487498
2021-12-10 00:00:00+00:00,50.84,51.07,50.05,50.59,23783632,1204343665.3999999
2021-12-13 00:00:00+00:00,50.85,51.02,49.95,50.0,35726895,1802600487.225
2021-12-14 00:00:00+00:00,49.82,50.27,49.32,49.7,34120382,1698427315.005
2021-12-15 00:00:00+00:00,49.87,50.78,49.325,50.67,32590323,1634771339.5837502
2021-12-16 00:00:00+00:00,50.74,51.4,50.575,50.83,33132254,1685976160.1075
2021-12-17 00:00:00+00:00,50.59,51.02,50.01,50.62,50190417,2537627483.52
2021-12-20 00:00:00+00:00,49.91,50.13,48.96,49.6,30140276,1496464703.3999999
2021-12-21 00:00:00+00:00,49.94,50.84,49.94,50.77,31956292,1609718318.77
2021-12-22 00:00:00+00:00,50.64,51.02,50.21,50.97,23307948,1181946043.08
2021-12-23 00:00:00+00:00,51.08,51.73,51.05,51.31,25198249,1292481186.8325002
2021-12-27 00:00:00+00:00,51.35,52.06,51.3022,51.94,20990716,1084444410.2438
2021-12-28 00:00:00+00:00,51.93,52.12,51.63,51.76,19290438,1000402114.68
2021-12-29 00:00:00+00:00,51.81,52.14,51.66,51.83,14174781,735104142.66
2021-12-30 00:00:00+00:00,51.92,52.14,51.65,51.74,18359360,952162308.0000001
2021-12-31 00:00:00+00:00,51.89,52.159,51.46,51.5,16318965,844543156.4212501
2022-01-03 00:00:00+00:00,51.65,53.23,51.6,53.21,33892932,1776752227.77
2022-01-04 00:00:00+00:00,53.57,53.935,52.65,53.14,45681384,2435902700.07
2022-01-05 00:00:00+00:00,54.188,56.17,53.83,53.87,59109324,3222315243.198
2022-01-06 00:00:00+00:00,54.61,54.67,53.415,54.01,35757881,1937227900.52625
2022-01-07 00:00:00+00:00,54.19,54.39,53.15,53.44,30717218,1652355949.2649999
2022-01-10 00:00:00+00:00,53.97,55.31,53.31,55.21,49260830,2682252193.5
2022-01-11 00:00:00+00:00,55.5,56.08,54.73,55.91,39795188,2210821669.34
2022-01-12 00:00:00+00:00,56.1363,56.28,54.81,55.74,29136787,1624130397.8195252
2022-01-13 00:00:00+00:00,56.0,56.21,54.77,54.94,29605351,1642504873.48
2022-01-14 00:00:00+00:00,54.85,55.77,54.53,55.7,30151532,1664741460.5500002
2022-01-18 00:00:00+00:00,55.31,55.65,54.68,54.76,35332588,1946825598.8
2022-01-19 00:00:00+00:00,54.63,54.85,53.56,53.62,30595113,1657184295.6450002
2022-01-20 00:00:00+00:00,53.86,54.085,51.94,52.04,28582607,1514342247.1187499
2022-01-21 00:00:00+00:00,52.08,53.1299,51.95,52.04,46372373,2425273948.590675
2022-01-24 00:00:00+00:00,51.48,52.1291,49.88,51.94,64273633,3300918645.230075
2022-01-25 00:00:00+00:00,51.01,51.62,50.25,51.0,44095360,2247540499.2
2022-01-26 00:00:00+00:00,51.13,52.72,50.75,51.69,54895393,2831092655.4925
2022-01-27 00:00:00+00:00,49.98,50.06,47.78,48.05,89642770,4389582339.975
2022-01-28 00:00:00+00:00,47.71,48.2,46.3,47.73,61945408,2941477698.8799996
2022-01-31 00:00:00+00:00,47.68,48.87,47.305,48.82,51828446,2496511458.2625
2022-02-01 00:00:00+00:00,48.775,49.03,48.36,48.95,35386062,1726087871.7825
2022-02-02 00:00:00+00:00,48.245,49.58,48.09,49.51,37962659,1854713158.76875
2022-02-03 00:00:00+00:00,49.25,49.685,48.25,48.28,42145836,2059508958.435
2022-02-04 00:00:00+00:00,47.86,48.2399,47.13,48.01,32431494,1550548917.35265
2022-02-07 00:00:00+00:00,48.13,48.66,47.96,48.18,27558469,1329213856.0425
2022-02-08 00:00:00+00:00,47.98,48.94,47.9,48.81,28051185,1357887737.8875
2022-02-09 00:00:00+00:00,49.33,49.97,48.825,49.91,35217300,1743564501.375
2022-02-10 00:00:00+00:00,49.18,49.9325,48.76,48.86,32762682,1611371084.1412501
2022-02-11 00:00:00+00:00,48.95,49.11,47.5,47.63,37208227,1797064343.5325
2022-02-14 00:00:00+00:00,47.92,48.1772,47.1101,47.58,28456926,1357305019.4599502
2022-02-15 00:00:00+00:00,47.58,48.46,47.19,48.44,35857524,1718202906.27
2022-02-16 00:00:00+00:00,48.06,48.49,47.6,48.23,26022941,1251573347.395
2022-02-17 00:00:00+00:00,47.86,48.26,47.38,47.57,32030624,1530022831.9199998
2022-02-18 00:00:00+00:00,46.19,46.21,44.51,45.04,76520104,3480708230.7
2022-02-22 00:00:00+00:00,44.69,45.405,43.8501,44.69,57093316,2549717553.2479
2022-02-23 00:00:00+00:00,45.17,45.71,44.5514,44.65,38176736,1718730016.5776
2022-02-24 00:00:00+00:00,43.9,46.79,43.625,46.72,72740052,3292123828.455
2022-02-25 00:00:00+00:00,46.93,47.79,46.25,47.71,39266331,1852192833.27
2022-02-28 00:00:00+00:00,47.0,47.82,46.85,47.7,41946114,1985833902.045
2022-03-01 00:00:00+00:00,47.54,47.9,46.22,46.82,53852979,2537552370.48
2022-03-02 00:00:00+00:00,47.52,48.99,47.48,48.87,46936509,2263043781.435
2022-03-03 00:00:00+00:00,48.18,48.55,47.6236,47.93,36389883,1749294426.7047
2022-03-04 00:00:00+00:00,47.37,48.265,47.37,48.07,38324991,1830736913.83125
2022-03-07 00:00:00+00:00,48.005,48.54,47.6,47.68,43813747,2101143004.5687501
2022-03-08 00:00:00+00:00,47.69,48.72,46.89,47.5,44813947,2137625271.9
2022-03-09 00:00:00+00:00,48.41,48.46,46.885,47.63,36076458,1726123228.5825
2022-03-10 00:00:00+00:00,47.29,47.31,46.155,46.66,36455953,1708098107.87375
2022-03-11 00:00:00+00:00,47.15,47.275,45.765,45.83,27082085,1259452362.925
2022-03-14 00:00:00+00:00,45.9,45.98,44.3,44.4,35993898,1624944525.21
2022-03-15 00:00:00+00:00,44.5,44.9,44.07,44.81,34448890,1535387027.3
2022-03-16 00:00:00+00:00,45.3,46.63,45.27,46.63,38885498,1787080274.335
2022-03-17 00:00:00+00:00,46.32,47.2873,45.73,47.14,28554988,1331214265.9431002
2022-03-18 00:00:00+00:00,46.82,47.6,46.35,47.45,46237117,2175687540.4350004
2022-03-21 00:00:00+00:00,47.46,47.89,47.065,47.39,32910943,1561665384.02875
2022-03-22 00:00:00+00:00,47.5,48.47,47.4,48.39,27923323,1338644104.62
2022-03-23 00:00:00+00:00,48.46,49.58,48.0601,48.27,37126378,1804064451.12445
2022-03-24 00:00:00+00:00,48.66,51.65,48.59,51.62,51677908,2590613528.04
2022-03-25 00:00:00+00:00,50.69,51.9783,50.45,51.83,33249492,1703606715.3158996
2022-03-28 00:00:00+00:00,51.36,51.57,50.56,51.51,22932366,1175283757.5
2022-03-29 00:00:00+00:00,52.0,52.29,51.275,52.25,27303707,1418529967.55125
2022-03-30 00:00:00+00:00,52.25,52.51,51.22,51.43,24623262,1276777692.855
2022-03-31 00:00:00+00:00,51.2,51.26,49.51,49.56,43698250,2201627080.625
2022-04-01 00:00:00+00:00,49.83,49.9,47.325,48.11,46598563,2273602136.97375
2022-04-04 00:00:00+00:00,48.17,49.23,47.915,49.2,23811324,1157914921.965
2022-04-05 00:00:00+00:00,48.83,48.98,48.02,48.13,25779171,1250032001.79
2022-04-06 00:00:00+00:00,47.44,48.17,47.24,47.54,31518748,1500213607.9299998
2022-04-07 00:00:00+00:00,47.425,47.91,46.77,47.56,24116972,1143536373.595
2022-04-08 00:00:00+00:00,47.28,47.58,46.845,47.02,22167256,1045878847.15
2022-04-11 00:00:00+00:00,46.9,47.295,46.53,46.57,30352478,1421216841.7524998
2022-04-12 00:00:00+00:00,47.32,47.91,46.41,46.5,29861379,1404529961.2649999
2022-04-13 00:00:00+00:00,46.75,47.2687,46.55,47.01,22171270,1039714500.9872499
2022-04-14 00:00:00+00:00,46.745,46.75,45.62,45.67,36181843,1671465464.6887503
2022-04-18 00:00:00+00:00,45.53,46.89,45.52,46.64,25593058,1180991661.4099998
2022-04-19 00:00:00+00:00,46.6,48.0,46.34,47.93,31483102,1486553368.685
2022-04-20 00:00:00+00:00,48.36,48.75,47.975,48.11,22787142,1100590474.6725
2022-04-21 00:00:00+00:00,48.62,48.9,47.4,47.5,27316886,1314078801.03
2022-04-22 00:00:00+00:00,47.45,47.65,46.5,46.54,28219860,1327321115.1
2022-04-25 00:00:00+00:00,46.21,47.14,46.18,47.06,35999251,1679275061.0225
2022-04-26 00:00:00+00:00,46.69,46.84,45.51,45.52,35356573,1631352278.22
2022-04-27 00:00:00+00:00,45.48,46.06,45.01,45.22,28320904,1286972680.02
2022-04-28 00:00:00+00:00,45.785,47.27,45.5408,46.84,41097044,1905215807.9438
2022-04-29 00:00:00+00:00,44.99,45.36,43.5,43.59,70765887,3139174747.32
2022-05-02 00:00:00+00:00,43.72,44.99,43.51,44.96,45446472,2013051477.24
2022-05-03 00:00:00+00:00,44.79,45.49,44.23,45.06,40158387,1802810388.3975
2022-05-04 00:00:00+00:00,45.06,46.64,44.41,46.54,44625615,2037717144.9375
2022-05-05 00:00:00+00:00,45.6,45.91,44.13,44.6,52996677,2388030265.62
2022-05-06 00:00:00+00:00,44.49,45.15,43.84,44.3,40916578,1818537309.2100003
2022-05-09 00:00:00+00:00,43.81,44.2,42.87,43.07,44925770,1953709422.8749998
2022-05-10 00:00:00+00:00,44.35,44.735,43.5,44.01,42770024,1888243097.07
2022-05-11 00:00:00+00:00,44.02,44.29,42.78,42.83,40351666,1754490437.68
2022-05-12 00:00:00+00:00,42.73,42.905,42.01,42.84,42329642,1804142254.0924997
2022-05-13 00:00:00+00:00,43.42,43.84,42.97,43.6,32034142,1392123725.9650002
2022-05-16 00:00:00+00:00,43.42,43.6099,42.785,43.08,25071905,1083701126.946125
2022-05-17 00:00:00+00:00,43.82,44.42,43.65,44.4,28596629,1260324931.6025002
2022-05-18 00:00:00+00:00,43.98,43.98,42.22,42.35,35218393,1519057336.0725
2022-05-19 00:00:00+00:00,42.32,42.7,41.72,42.01,29181007,1231073732.8125
2022-05-20 00:00:00+00:00,42.245,42.29,40.31,41.65,44802286,1864839151.8925002
2022-05-23 00:00:00+00:00,41.69,42.25,41.325,42.0,27199487,1137380548.2637498
2022-05-24 00:00:00+00:00,41.698,41.89,41.1,41.67,29837489,1240926248.7655
2022-05-25 00:00:00+00:00,41.44,42.515,41.39,42.2,26283081,1100899701.53625
2022-05-26 00:00:00+00:00,42.17,43.68,42.08,43.48,28826682,1235295390.405
2022-05-27 00:00:00+00:00,43.59,44.55,43.55,44.55,30553321,1346179323.26
2022-05-31 00:00:00+00:00,44.25,44.75,43.645,44.42,41111478,1819850963.0175
2022-06-01 00:00:00+00:00,44.77,44.93,43.525,44.11,29885543,1324938191.97625
2022-06-02 00:00:00+00:00,44.19,44.88,43.94,44.84,28727637,1277302560.1125
2022-06-03 00:00:00+00:00,44.105,44.2458,43.34,43.39,33174656,1452061328.0512002
2022-06-06 00:00:00+00:00,43.81,44.04,43.08,43.34,25437061,1108229155.1175
2022-06-07 00:00:00+00:00,43.06,43.59,42.66,43.53,25168689,1087539051.69
2022-06-08 00:00:00+00:00,42.25,42.26,41.03,41.23,59649874,2486952371.745
2022-06-09 00:00:00+00:00,41.01,41.35,40.01,40.01,39047182,1585120353.29
2022-06-10 00:00:00+00:00,39.85,40.08,39.18,39.18,43084434,1704958764.4650002
2022-06-13 00:00:00+00:00,38.55,38.81,37.67,37.77,50335922,1922832220.4
2022-06-14 00:00:00+00:00,38.01,38.2,37.54,37.93,31351683,1188855819.3600001
2022-06-15 00:00:00+00:00,38.56,39.17,37.92,38.65,37652256,1452435775.2
2022-06-16 00:00:00+00:00,37.695,37.79,36.93,37.34,45576545,1706328874.1187499
2022-06-17 00:00:00+00:00,37.48,38.12,36.6,36.97,71393194,2662430687.245
2022-06-21 00:00:00+00:00,37.36,38.025,37.325,37.73,34004880,1278923536.8
2022-06-22 00:00:00+00:00,37.33,37.77,37.22,37.38,32591524,1219737785.6999998
2022-06-23 00:00:00+00:00,37.61,37.62,36.91,37.41,30162971,1127718078.2624998
2022-06-24 00:00:00+00:00,37.845,38.64,37.74,38.61,38159913,1458042575.83875
2022-06-27 00:00:00+00:00,38.87,39.06,38.4701,38.63,29585325,1146653973.320625
2022-06-28 00:00:00+00:00,38.58,39.02,37.74,37.78,37842731,1448619742.68
2022-06-29 00:00:00+00:00,37.54,37.595,37.02,37.29,25437197,950365476.41625
2022-06-30 00:00:00+00:00,37.21,38.0,36.725,37.41,35141045,1312034841.38125
2022-07-01 00:00:00+00:00,37.09,37.2,35.88,36.34,40596289,1486940575.3475
2022-07-05 00:00:00+00:00,35.93,36.74,35.54,36.69,33225868,1203607068.3
2022-07-06 00:00:00+00:00,36.82,37.425,36.46,36.99,26258324,969555790.7950002
2022-07-07 00:00:00+00:00,37.89,38.33,37.73,38.14,33165410,1261031801.725
2022-07-08 00:00:00+00:00,37.66,38.14,37.3901,37.99,22566348,852895686.8187001
2022-07-11 00:00:00+00:00,37.66,37.675,37.03,37.2,25946879,970186239.4087499
2022-07-12 00:00:00+00:00,37.65,37.7,36.99,37.21,30546281,1142049080.8875
2022-07-13 00:00:00+00:00,36.68,37.4299,36.62,37.21,27059156,1000782208.1811001
2022-07-14 00:00:00+00:00,36.99,38.155,36.29,37.71,36690674,1368057643.4325001
2022-07-15 00:00:00+00:00,38.27,38.67,37.73,38.62,32892293,1260514898.4924998
2022-07-18 00:00:00+00:00,39.1,39.34,38.525,38.71,30814369,1199256723.5187502
2022-07-19 00:00:00+00:00,39.32,40.73,39.24,40.22,53095319,2117308583.4225
2022-07-20 00:00:00+00:00,40.21,40.67,39.56,40.56,36387873,1464611888.25
2022-07-21 00:00:00+00:00,40.51,40.645,39.82,40.61,29661198,1198201169.7074997
2022-07-22 00:00:00+00:00,40.37,40.51,38.94,39.2,41349965,1643867858.5749998
2022-07-25 00:00:00+00:00,39.285,39.41,38.55,39.16,32263404,1261539425.6549997
2022-07-26 00:00:00+00:00,39.1,39.565,38.88,38.96,35925485,1405629507.48125
2022-07-27 00:00:00+00:00,39.27,40.425,39.23,40.18,42571580,1693337808.975
2022-07-28 00:00:00+00:00,40.09,40.12,39.04,39.71,56662303,2251759921.2200003
2022-07-29 00:00:00+00:00,35.605,36.62,35.24,36.31,125292383,4503478091.45625
2022-08-01 00:00:00+00:00,36.05,37.69,36.05,36.96,52513446,1926587050.125
2022-08-02 00:00:00+00:00,36.59,36.66,36.0,36.01,53929371,1958445107.8649998
2022-08-03 00:00:00+00:00,36.09,36.59,35.26,36.52,59513858,2149342981.67
2022-08-04 00:00:00+00:00,36.012,36.1,35.36,35.66,54046258,1933937250.0140002
2022-08-05 00:00:00+00:00,35.345,35.69,35.18,35.39,40205089,1423310406.96125
2022-08-08 00:00:00+00:00,35.36,35.96,35.2,35.38,41601566,1475815553.8500001
2022-08-09 00:00:00+00:00,35.22,35.3,34.4,34.52,48202280,1680331480.8
2022-08-10 00:00:00+00:00,34.99,35.4,34.59,35.37,42243304,1482211929.1
2022-08-11 00:00:00+00:00,35.64,36.29,35.485,35.59,35569724,1271662095.155
2022-08-12 00:00:00+00:00,35.8,36.14,35.67,36.11,37675228,1353670942.04
2022-08-15 00:00:00+00:00,36.1,36.43,35.71,36.34,25400551,918102915.8950001
2022-08-16 00:00:00+00:00,36.16,36.575,35.7,36.19,25000240,903914927.5
2022-08-17 00:00:00+00:00,35.81,36.075,35.27,35.78,29176062,1042570105.4925001
2022-08-18 00:00:00+00:00,35.68,36.33,35.57,36.2,24598225,884183197.6249999
2022-08-19 00:00:00+00:00,35.8,36.025,35.19,35.38,31425530,1118709586.0874999
2022-08-22 00:00:00+00:00,35.0,35.06,33.73,33.84,51006127,1754993314.7525
2022-08-23 00:00:00+00:00,33.98,34.39,33.91,33.95,30687098,1045125840.1350001
2022-08-24 00:00:00+00:00,33.97,33.99,33.6,33.86,25105652,849951848.4600002
2022-08-25 00:00:00+00:00,33.87,34.93,33.82,34.89,29799148,1024420210.3699999
2022-08-26 00:00:00+00:00,34.95,35.025,33.35,33.36,44851477,1532631033.43625
2022-08-29 00:00:00+00:00,33.225,33.41,32.81,32.94,32976762,1091407159.3425
2022-08-30 00:00:00+00:00,33.04,33.07,32.15,32.26,40182452,1311153408.7599998
2022-08-31 00:00:00+00:00,32.385,32.385,31.77,31.92,44074488,1415452182.12
2022-09-01 00:00:00+00:00,31.572,31.825,31.13,31.76,36440681,1150496070.3617501
2022-09-02 00:00:00+00:00,32.21,32.375,31.06,31.22,34893283,1106684086.94875
2022-09-06 00:00:00+00:00,31.39,31.39,30.33,30.36,46989603,1450451570.6025
2022-09-07 00:00:00+00:00,30.42,30.785,30.05,30.65,37329544,1137664515.33
2022-09-08 00:00:00+00:00,30.37,30.8469,29.91,30.75,37359472,1138314158.2492
2022-09-09 00:00:00+00:00,31.19,31.5,31.075,31.46,34081212,1066954943.175
2022-09-12 00:00:00+00:00,31.735,31.86,31.1,31.56,38305494,1209065036.2425
2022-09-13 00:00:00+00:00,30.83,30.93,29.25,29.29,71417851,2147891868.825
2022-09-14 00:00:00+00:00,29.55,29.765,29.01,29.18,40767169,1197586548.33625
2022-09-15 00:00:00+00:00,29.15,29.41,28.71,28.84,39919105,1158751820.3875
2022-09-16 00:00:00+00:00,28.7,29.32,28.42,29.24,72747992,2103871928.6399999
2022-09-19 00:00:00+00:00,29.02,29.5,28.9,29.44,33151882,968532232.6299999
2022-09-20 00:00:00+00:00,29.065,29.165,28.71,28.96,31129028,901963586.3000001
2022-09-21 00:00:00+00:00,29.15,29.59,28.46,28.47,39977313,1156043948.6774998
2022-09-22 00:00:00+00:00,28.4,28.5,28.04,28.07,36092669,1019708130.9224999
2022-09-23 00:00:00+00:00,27.9,27.9,27.19,27.52,43491060,1201549260.1499999
2022-09-26 00:00:00+00:00,27.56,27.6995,26.86,26.97,44786413,1221431850.240875
2022-09-27 00:00:00+00:00,27.4,27.595,26.62,26.89,44121431,1196848967.66375
2022-09-28 00:00:00+00:00,26.86,27.28,26.6,27.13,40433354,1090386473.9950001
2022-09-29 00:00:00+00:00,26.78,26.78,26.185,26.38,41831294,1109836518.9375
2022-09-30 00:00:00+00:00,26.3,26.57,25.74,25.77,43820964,1143508055.58
2022-10-03 00:00:00+00:00,26.33,27.25,26.065,26.97,44096180,1175328557.675
2022-10-04 00:00:00+00:00,27.425,27.795,27.09,27.7,42427480,1166861768.7
2022-10-05 00:00:00+00:00,27.365,27.84,26.89,27.64,30119962,826303507.5175
2022-10-06 00:00:00+00:00,27.44,27.76,27.0,27.18,33985131,929323407.1949999
2022-10-07 00:00:00+00:00,26.17,26.275,25.651,25.72,57215513,1484971424.402
2022-10-10 00:00:00+00:00,25.94,25.99,25.09,25.2,43409338,1109325632.59
2022-10-11 00:00:00+00:00,25.01,25.48,24.69,25.04,48134930,1206020671.15
2022-10-12 00:00:00+00:00,25.05,25.52,24.66,25.33,39634056,996400167.84
2022-10-13 00:00:00+00:00,24.725,26.835,24.59,26.42,62447044,1601298325.7700002
2022-10-14 00:00:00+00:00,26.46,26.63,25.76,25.91,48185367,1261974761.73
2022-10-17 00:00:00+00:00,26.31,26.75,26.1713,26.42,39416474,1041100429.87905
2022-10-18 00:00:00+00:00,26.74,26.955,25.54,25.87,51126851,1343421918.58875
2022-10-19 00:00:00+00:00,25.735,26.25,25.69,26.0,33882274,878186189.2375
2022-10-20 00:00:00+00:00,26.15,26.95,25.945,26.08,33247689,873790826.5312499
2022-10-21 00:00:00+00:00,25.85,27.05,25.79,26.97,53058711,1401545851.065
2022-10-24 00:00:00+00:00,26.75,27.48,26.52,27.18,43831588,1182685823.21
2022-10-25 00:00:00+00:00,27.18,27.555,27.0,27.41,32205300,878761867.125
2022-10-26 00:00:00+00:00,27.19,27.8,26.99,27.21,37153931,1014209431.4725
2022-10-27 00:00:00+00:00,27.45,27.59,26.13,26.27,56305125,1512355657.5
2022-10-28 00:00:00+00:00,28.175,29.2186,27.86,29.07,91695696,2620745517.8064
2022-10-31 00:00:00+00:00,29.08,29.18,28.05,28.43,59507744,1706979636.64
2022-11-01 00:00:00+00:00,28.8,28.85,27.89,28.3,44418730,1264157055.8
2022-11-02 00:00:00+00:00,28.27,28.85,27.41,27.42,51956099,1454121320.7625
2022-11-03 00:00:00+00:00,27.45,27.88,27.17,27.39,39678189,1090059047.3025
2022-11-04 00:00:00+00:00,27.57,28.235,27.41,28.2,43051927,1199157611.67625
2022-11-07 00:00:00+00:00,28.36,28.465,27.89,28.41,34389783,972586050.46875
2022-11-08 00:00:00+00:00,28.755,28.95,27.93,28.48,36257963,1034394361.93625
2022-11-09 00:00:00+00:00,28.22,28.3,27.52,27.52,30544782,851893969.9799999
2022-11-10 00:00:00+00:00,28.88,29.83,28.645,29.76,62943924,1842919414.8149998
2022-11-11 00:00:00+00:00,28.925,30.63,28.87,30.43,49826517,1480532669.50875
2022-11-14 00:00:00+00:00,30.34,30.99,30.18,30.35,39395339,1200179002.6349998
2022-11-15 00:00:00+00:00,31.095,31.335,30.165,30.71,40933223,1261817765.50375
2022-11-16 00:00:00+00:00,30.1101,30.23,29.44,29.53,35582751,1061345395.021275
2022-11-17 00:00:00+00:00,29.065,29.95,29.0,29.89,31992738,943025943.4725
2022-11-18 00:00:00+00:00,30.26,30.26,29.61,29.87,27122210,813666300.0
2022-11-21 00:00:00+00:00,29.66,29.715,28.91,28.94,36086768,1057567844.6999999
2022-11-22 00:00:00+00:00,29.135,29.86,29.0558,29.82,25584062,753903463.7974
2022-11-23 00:00:00+00:00,29.73,30.08,29.49,29.67,23143868,688356493.99
2022-11-25 00:00:00+00:00,29.68,29.68,29.335,29.34,11314878,333887906.1825
2022-11-28 00:00:00+00:00,29.1,29.19,28.54,28.725,28282116,817034978.595
2022-11-29 00:00:00+00:00,28.85,29.18,28.74,28.9,24361493,704473473.8274999
2022-11-30 00:00:00+00:00,28.77,30.08,28.22,30.07,72072532,2110644099.6199996
2022-12-01 00:00:00+00:00,30.24,30.48,29.52,29.83,38896309,1167569955.4075
2022-12-02 00:00:00+00:00,29.17,29.43,28.71,29.41,31545955,920510966.9
2022-12-05 00:00:00+00:00,29.42,29.75,28.89,29.17,34040384,997638554.08
2022-12-06 00:00:00+00:00,29.19,29.31,28.3436,28.6,27701186,799481159.0274
2022-12-07 00:00:00+00:00,28.28,28.55,28.15,28.33,28239933,799966702.0574999
2022-12-08 00:00:00+00:00,28.32,28.6,28.065,28.44,28486091,807758717.9187499
2022-12-09 00:00:00+00:00,28.39,28.78,28.19,28.24,25641349,728214311.5999999
2022-12-12 00:00:00+00:00,28.13,28.71,27.8588,28.69,35117866,995493171.0752001
2022-12-13 00:00:00+00:00,29.79,30.09,28.37,28.73,58546839,1712202306.555
2022-12-14 00:00:00+00:00,28.51,29.12,28.01,28.26,37141077,1057592167.575
2022-12-15 00:00:00+00:00,27.94,28.0,27.12,27.15,45682654,1258671324.335
2022-12-16 00:00:00+00:00,27.0,27.135,26.4522,26.92,81104229,2179822141.9872003
2022-12-19 00:00:00+00:00,26.9,26.97,26.5,26.79,37662461,1008977330.1899999
2022-12-20 00:00:00+00:00,26.535,26.87,26.4201,26.44,31863274,846488499.4843501
2022-12-21 00:00:00+00:00,26.59,26.97,26.58,26.83,28100906,751488478.705
2022-12-22 00:00:00+00:00,26.45,26.452,25.35,25.97,47478307,1237071028.0385
2022-12-23 00:00:00+00:00,25.92,26.19,25.6835,26.09,23600916,612936439.3215
2022-12-27 00:00:00+00:00,25.845,26.1,25.65,25.94,29548058,764814546.2574999
2022-12-28 00:00:00+00:00,25.84,26.115,25.5,25.54,26176917,674022891.60375
2022-12-29 00:00:00+00:00,25.77,26.29,25.75,26.21,30944829,804720278.1450001
2022-12-30 00:00:00+00:00,25.902,26.46,25.8,26.43,31030094,811374897.9120001
2023-01-03 00:00:00+00:00,27.045,27.07,26.37,26.73,31307955,839170598.8312501
2023-01-04 00:00:00+00:00,27.41,27.92,27.16,27.68,37665199,1037393743.4574999
2023-01-05 00:00:00+00:00,27.435,27.779,27.38,27.56,33552552,923986953.252
2023-01-06 00:00:00+00:00,27.93,28.83,27.38,28.73,31788634,896995779.895
2023-01-09 00:00:00+00:00,28.84,29.865,28.84,29.31,37493157,1095315715.3087502
2023-01-10 00:00:00+00:00,29.235,29.51,28.915,29.44,23008080,673561542.0
2023-01-11 00:00:00+00:00,29.68,29.88,29.0,29.85,30375377,899187097.6424999
2023-01-12 00:00:00+00:00,29.98,30.38,29.47,30.29,28963879,869785286.37
2023-01-13 00:00:00+00:00,29.97,30.17,29.81,30.11,31361937,941328539.0550001
2023-01-17 00:00:00+00:00,30.18,30.2557,29.52,29.6,34759080,1038911535.189
2023-01-18 00:00:00+00:00,29.8,29.82,28.63,28.81,44199580,1293500708.7
2023-01-19 00:00:00+00:00,28.61,28.755,28.24,28.42,36886615,1051499068.8437499
2023-01-20 00:00:00+00:00,28.42,29.23,28.25,29.22,35158497,1011861543.6600001
2023-01-23 00:00:00+00:00,29.325,30.49,29.18,30.27,38795838,1156746404.7675
2023-01-24 00:00:00+00:00,29.94,30.19,29.73,29.92,24855130,744286867.85
2023-01-25 00:00:00+00:00,29.52,29.885,29.17,29.7,28268023,835850105.0812501
2023-01-26 00:00:00+00:00,30.06,30.11,29.33,30.09,56088080,1676893371.8
2023-01-27 00:00:00+00:00,27.07,28.24,26.78,28.16,148548189,4094359459.3125
2023-01-30 00:00:00+00:00,27.715,28.51,27.67,27.95,55145771,1541944689.3737502
2023-01-31 00:00:00+00:00,27.78,28.29,27.53,28.26,52621578,1471562428.77
2023-02-01 00:00:00+00:00,27.89,29.43,27.68,29.07,63330567,1806029444.4225
2023-02-02 00:00:00+00:00,29.25,30.3,28.795,30.19,62230659,1844127791.14125
2023-02-03 00:00:00+00:00,29.62,31.17,29.53,30.32,57603100,1737309496.0000002
2023-02-06 00:00:00+00:00,29.55,29.65,28.61,28.69,48726359,1419155205.875
2023-02-07 00:00:00+00:00,28.65,29.27,28.43,29.05,50780776,1465025387.6
2023-02-08 00:00:00+00:00,28.95,29.12,28.21,28.24,36479123,1044397291.49
2023-02-09 00:00:00+00:00,28.68,28.82,27.565,27.73,43906378,1238104976.6275
2023-02-10 00:00:00+00:00,27.63,27.99,27.335,27.8,31232544,864790102.68
2023-02-13 00:00:00+00:00,27.87,28.55,27.715,28.55,32347470,911268664.2375001
2023-02-14 00:00:00+00:00,28.38,28.72,27.99,28.64,27928929,794089273.7924999
2023-02-15 00:00:00+00:00,28.36,28.88,28.16,28.85,23387676,668010495.75
2023-02-16 00:00:00+00:00,28.5,28.825,28.13,28.2,28972476,823216689.945
2023-02-17 00:00:00+00:00,28.0,28.07,27.38,27.61,32086218,890873842.77
2023-02-21 00:00:00+00:00,27.11,27.27,26.04,26.06,63668362,1694851796.4399998
2023-02-22 00:00:00+00:00,25.91,26.9,25.3,25.47,89195317,2309712733.715
2023-02-23 00:00:00+00:00,25.78,26.08,25.32,25.61,56473237,1451221007.8075001
2023-02-24 00:00:00+00:00,25.22,25.35,24.92,25.14,44089879,1109191130.9425
2023-02-27 00:00:00+00:00,25.55,25.58,24.88,24.9,37656956,949990857.49
2023-02-28 00:00:00+00:00,24.94,25.12,24.73,24.93,50255301,1252864653.93
2023-03-01 00:00:00+00:00,25.03,25.92,24.97,25.33,47823397,1210529736.5625
2023-03-02 00:00:00+00:00,25.211,26.3,25.12,26.2,48381068,1243768400.877
2023-03-03 00:00:00+00:00,26.2,26.475,26.01,26.4,36744858,965333350.7325001
2023-03-06 00:00:00+00:00,26.47,26.54,25.93,25.99,37879835,993682771.6374999
2023-03-07 00:00:00+00:00,25.84,25.99,25.5,25.53,43164607,1109977869.0049999
2023-03-08 00:00:00+00:00,25.56,26.01,25.45,25.98,36071934,928852300.5
2023-03-09 00:00:00+00:00,25.98,26.9773,25.97,26.44,54886084,1445799619.6633
2023-03-10 00:00:00+00:00,26.55,27.52,26.315,27.22,65187031,1753612617.68875
2023-03-13 00:00:00+00:00,26.74,27.31,26.61,26.95,50976996,1371408634.89
2023-03-14 00:00:00+00:00,27.35,28.1,27.25,28.01,47689837,1319935463.5675
2023-03-15 00:00:00+00:00,27.73,28.495,27.66,28.41,49322838,1384677023.3025
2023-03-16 00:00:00+00:00,28.39,30.27,28.39,30.18,75804234,2221632587.955
2023-03-17 00:00:00+00:00,29.92,31.0,29.44,29.81,80628498,2422281651.165
2023-03-20 00:00:00+00:00,29.8,29.9,28.63,29.16,38780054,1139067136.115
2023-03-21 00:00:00+00:00,29.0,29.165,27.975,28.46,55650832,1594396336.8
2023-03-22 00:00:00+00:00,28.48,29.12,28.1,28.13,37415539,1064752701.0925
2023-03-23 00:00:00+00:00,28.38,29.16,28.22,29.03,43785479,1256533783.6025
2023-03-24 00:00:00+00:00,29.04,29.81,28.925,29.36,55931606,1637887167.2024999
2023-03-27 00:00:00+00:00,29.37,29.73,29.08,29.18,34758156,1019804297.0400001
2023-03-28 00:00:00+00:00,29.075,29.33,28.63,29.29,37407874,1087867735.7624998
2023-03-29 00:00:00+00:00,29.77,31.89,29.755,31.52,85556189,2629462523.6787496
2023-03-30 00:00:00+00:00,31.85,32.58,31.81,32.09,70077598,2248264537.835
2023-03-31 00:00:00+00:00,31.8,32.9,31.73,32.67,59764991,1928915084.5250003
2023-04-03 00:00:00+00:00,32.94,33.56,32.54,32.89,57038344,1881267180.98
2023-04-04 00:00:00+00:00,32.85,33.84,32.84,33.1,55714058,1847338878.135
2023-04-05 00:00:00+00:00,32.795,32.99,32.335,32.83,39615735,1296920124.5625
2023-04-06 00:00:00+00:00,32.6,33.0,32.46,32.81,28551916,934147311.73
2023-04-10 00:00:00+00:00,32.6,32.76,32.2,32.52,30534439,992979956.2800001
2023-04-11 00:00:00+00:00,32.66,33.11,32.32,32.35,27059106,882397446.66
2023-04-12 00:00:00+00:00,32.77,32.89,31.96,32.02,37070786,1201464174.2600002
2023-04-13 00:00:00+00:00,31.82,32.43,31.65,32.13,29722344,951337925.58
2023-04-14 00:00:00+00:00,32.0,32.235,31.69,31.89,24623633,786817412.97375
2023-04-17 00:00:00+00:00,31.95,32.64,31.77,32.14,29601148,950936879.5
2023-04-18 00:00:00+00:00,32.43,32.46,31.78,31.83,26041380,836579332.5
2023-04-19 00:00:00+00:00,31.1,31.52,31.08,31.15,25746574,803614940.9749999
2023-04-20 00:00:00+00:00,30.76,31.25,30.71,30.86,30255069,934730356.755
2023-04-21 00:00:00+00:00,30.84,30.84,30.225,30.3,28655762,875469348.8025
2023-04-24 00:00:00+00:00,30.13,30.37,29.61,29.66,38732452,1159746444.01
2023-04-25 00:00:00+00:00,29.44,29.57,28.87,28.88,38289873,1117681392.8700001
2023-04-26 00:00:00+00:00,29.2,29.81,28.835,29.05,41218805,1204568052.6187499
2023-04-27 00:00:00+00:00,28.75,29.945,28.51,29.86,60186244,1761425663.465
2023-04-28 00:00:00+00:00,31.975,32.57,30.81,31.06,80252444,2536278177.065
2023-05-01 00:00:00+00:00,31.11,31.24,30.28,30.3,36918529,1134598692.4924998
2023-05-02 00:00:00+00:00,30.3,30.575,29.75,29.77,33463356,1007205186.405
2023-05-03 00:00:00+00:00,30.64,31.11,30.245,30.65,45554489,1396757575.8512502
2023-05-04 00:00:00+00:00,30.435,31.72,30.38,31.24,46104019,1426631237.9312499
2023-05-05 00:00:00+00:00,31.38,31.41,30.73,30.99,35024562,1090227053.655
2023-05-08 00:00:00+00:00,30.7,30.84,30.39,30.77,30882801,947329920.6750001
2023-05-09 00:00:00+00:00,30.38,30.58,29.91,30.1,30706515,928641779.8875
2023-05-10 00:00:00+00:00,30.29,30.3959,29.49,29.97,40526521,1217273834.8534749
2023-05-11 00:00:00+00:00,29.6,29.68,28.82,28.86,47144359,1378501057.1599998
2023-05-12 00:00:00+00:00,29.025,29.1,28.72,28.95,24153820,699222896.725
2023-05-15 00:00:00+00:00,28.9,29.825,28.88,29.8,28717475,842893788.0937499
2023-05-16 00:00:00+00:00,29.62,29.9,29.21,29.22,22812040,672670029.4999999
2023-05-17 00:00:00+00:00,29.52,29.56,28.68,28.87,41667261,1214913162.6074998
2023-05-18 00:00:00+00:00,29.0,29.76,28.87,29.68,36529193,1071309907.7075
2023-05-19 00:00:00+00:00,29.6,30.24,29.5,29.93,40682998,1213065292.865
2023-05-22 00:00:00+00:00,29.85,30.45,29.815,30.28,28693438,863636617.0024999
2023-05-23 00:00:00+00:00,30.05,30.195,29.49,29.51,29400851,876476119.3737501
2023-05-24 00:00:00+00:00,29.31,29.49,28.82,29.0,28045840,817676465.2
2023-05-25 00:00:00+00:00,28.29,28.29,26.855,27.4,78009435,2161543932.05625
2023-05-26 00:00:00+00:00,27.44,29.09,27.1,29.0,71910621,2024823310.8075
2023-05-30 00:00:00+00:00,29.7,30.0399,28.995,29.99,54874794,1628751107.54265
2023-05-31 00:00:00+00:00,29.7,32.29,29.67,31.44,136243756,4192901590.8999996
2023-06-01 00:00:00+00:00,31.8,31.94,31.02,31.13,52667368,1657573739.38
2023-06-02 00:00:00+00:00,31.398,31.5899,30.825,31.31,36520957,1142402012.653825
2023-06-05 00:00:00+00:00,31.31,31.4,29.83,29.86,48244128,1476270316.8
2023-06-06 00:00:00+00:00,29.77,31.45,29.695,30.96,42295293,1288684708.59375
2023-06-07 00:00:00+00:00,31.03,31.37,30.93,31.28,39097992,1218000195.7800002
2023-06-08 00:00:00+00:00,31.43,31.85,31.06,31.82,35198952,1110174946.08
2023-06-09 00:00:00+00:00,31.93,31.99,30.68,31.34,40227073,1266549393.405
2023-06-12 00:00:00+00:00,31.4,33.3,31.36,33.07,59926114,1934564775.205
2023-06-13 00:00:00+00:00,33.77,33.95,33.07,33.91,51990041,1750764630.675
2023-06-14 00:00:00+00:00,33.87,35.6,33.8,35.58,74404291,2582758951.3375
2023-06-15 00:00:00+00:00,35.28,36.42,35.215,35.82,67676296,2414944027.3900003
2023-06-16 00:00:00+00:00,36.36,36.795,35.595,36.37,110240279,3999517322.1200004
2023-06-20 00:00:00+00:00,36.77,37.11,34.715,35.0,65970238,2368249081.4025
2023-06-21 00:00:00+00:00,34.915,35.05,32.83,32.9,70973521,2407687983.02375
2023-06-22 00:00:00+00:00,32.69,33.24,32.125,32.71,45740308,1495307843.9050002
2023-06-23 00:00:00+00:00,32.21,33.45,32.03,33.0,46327140,1513623481.6499999
2023-06-26 00:00:00+00:00,33.19,33.99,33.095,33.34,38952369,1301155195.98375
2023-06-27 00:00:00+00:00,33.22,34.23,33.01,34.1,33038923,1111429369.7199998
2023-06-28 00:00:00+00:00,33.61,33.81,33.035,33.57,33906877,1136092297.48125
2023-06-29 00:00:00+00:00,33.34,33.34,32.49,32.91,38312970,1265094269.4
2023-06-30 00:00:00+00:00,33.359,33.56,33.16,33.44,33811252,1128611138.947
2023-07-03 00:00:00+00:00,33.54,33.89,33.14,33.62,15752979,528473063.0025
2023-07-05 00:00:00+00:00,33.31,33.33,32.5,32.51,37664722,1239640162.825
2023-07-06 00:00:00+00:00,31.9,32.04,31.38,31.97,41711442,1327362363.0449998
2023-07-07 00:00:00+00:00,32.0,32.41,31.82,31.85,28356250,907967124.9999999
2023-07-10 00:00:00+00:00,31.87,32.83,31.77,32.74,36305658,1172763517.545
2023-07-11 00:00:00+00:00,32.82,33.36,32.5,33.3,28148832,928770711.8400002
2023-07-12 00:00:00+00:00,33.69,34.08,33.06,33.98,37762215,1272681051.0375
2023-07-13 00:00:00+00:00,34.15,34.3,33.62,33.87,32745752,1112864381.72
2023-07-14 00:00:00+00:00,33.78,33.87,33.0,33.15,30438659,1018173143.5500001
2023-07-17 00:00:00+00:00,33.16,34.6,33.07,34.37,34111173,1152957647.3999999
2023-07-18 00:00:00+00:00,34.28,34.7,33.83,34.5,29679514,1018823516.835
2023-07-19 00:00:00+00:00,34.4,34.835,34.33,34.46,26486676,913955863.725
2023-07-20 00:00:00+00:00,33.704,34.205,33.23,33.37,37877996,1273732840.991
2023-07-21 00:00:00+00:00,33.725,34.25,33.42,34.02,79736956,2699394974.185
2023-07-24 00:00:00+00:00,33.84,34.46,33.56,33.63,25283783,856424939.6675
2023-07-25 00:00:00+00:00,33.7,34.34,33.4,34.1,31771091,1076563418.5349998
2023-07-26 00:00:00+00:00,33.72,34.525,33.7,34.36,32643239,1112359172.97375
2023-07-27 00:00:00+00:00,34.82,35.03,34.11,34.55,58890821,2039241904.1774998
2023-07-28 00:00:00+00:00,36.75,36.99,35.51,36.83,90863013,3318317234.7599998
2023-07-31 00:00:00+00:00,36.87,37.19,35.675,35.795,55630700,2023983942.75
2023-08-01 00:00:00+00:00,35.82,36.02,35.28,35.8,24743393,884081431.8900001
2023-08-02 00:00:00+00:00,35.15,35.18,34.281,34.39,39051971,1357065755.2427497
2023-08-03 00:00:00+00:00,34.29,35.03,34.13,34.87,24864381,859810294.9799999
2023-08-04 00:00:00+00:00,34.48,35.56,34.48,35.14,26674897,931354028.7549998
2023-08-07 00:00:00+00:00,35.41,35.55,34.75,35.23,22486870,792324864.4499999
2023-08-08 00:00:00+00:00,34.67,35.1,33.86,35.02,34753598,1204646590.675
2023-08-09 00:00:00+00:00,35.0,35.0999,34.23,34.28,28720157,995224522.4385749
2023-08-10 00:00:00+00:00,34.7,35.09,34.48,34.68,30957295,1075379035.0625002
2023-08-11 00:00:00+00:00,34.46,34.945,34.36,34.89,28783730,997752020.7875
2023-08-14 00:00:00+00:00,34.67,35.71,34.47,35.68,36896056,1296250687.42
2023-08-15 00:00:00+00:00,35.41,35.625,34.75,34.77,27420309,963515382.8737501
2023-08-16 00:00:00+00:00,34.52,34.63,33.46,33.53,35757254,1216998139.89
2023-08-17 00:00:00+00:00,33.56,33.59,32.35,32.58,39906739,1317720521.7799997
2023-08-18 00:00:00+00:00,32.23,32.91,32.18,32.75,23701056,770699088.48
2023-08-21 00:00:00+00:00,32.6,33.17,32.02,33.14,43718249,1431007585.3925002
2023-08-22 00:00:00+00:00,33.22,33.8,32.83,32.89,23434190,777663595.1500001
2023-08-23 00:00:00+00:00,32.88,34.15,32.8,33.98,32324309,1081328946.8225
2023-08-24 00:00:00+00:00,33.72,34.09,32.49,32.59,37930960,1260161318.6000001
2023-08-25 00:00:00+00:00,32.53,33.395,32.35,33.25,27324810,898473908.8125
2023-08-28 00:00:00+00:00,33.5,33.78,33.21,33.62,22341778,749063961.8950001
2023-08-29 00:00:00+00:00,33.49,34.48,33.47,34.31,29943629,1016211909.1875
2023-08-30 00:00:00+00:00,34.06,34.66,33.775,34.53,26279156,900225337.725
2023-08-31 00:00:00+00:00,34.32,35.56,34.3,35.14,48157583,1677328615.8899999
2023-09-01 00:00:00+00:00,35.79,36.75,35.73,36.61,43808478,1586743073.1599998
2023-09-05 00:00:00+00:00,36.58,37.41,36.46,36.71,43379356,1595926507.24
2023-09-06 00:00:00+00:00,36.56,37.04,36.03,36.98,39643390,1453029351.975
2023-09-07 00:00:00+00:00,36.83,38.34,36.7502,38.18,67659683,2538932987.55915
2023-09-08 00:00:00+00:00,38.12,38.83,37.7125,38.01,44265054,1689514114.20375
2023-09-11 00:00:00+00:00,38.24,38.74,37.84,38.59,36349291,1394086183.0775003
2023-09-12 00:00:00+00:00,38.65,40.0681,38.65,38.86,55326564,2160890993.3121
2023-09-13 00:00:00+00:00,38.8,39.1499,38.25,38.71,35407780,1371253914.7554998
2023-09-14 00:00:00+00:00,38.81,38.9,38.295,38.67,30616490,1183901397.6875
2023-09-15 00:00:00+00:00,38.42,38.52,37.62,37.88,68881240,2625064056.4
2023-09-18 00:00:00+00:00,37.62,38.39,37.51,37.99,29322150,1110649736.625
2023-09-19 00:00:00+00:00,38.04,38.1,36.02,36.34,53288070,1978319598.75
2023-09-20 00:00:00+00:00,36.22,36.25,34.63,34.69,57660829,2043932235.9775
2023-09-21 00:00:00+00:00,34.57,35.25,34.46,34.65,45240625,1571320007.8125
2023-09-22 00:00:00+00:00,34.81,34.885,34.14,34.18,29241605,1008945028.51875
2023-09-25 00:00:00+00:00,34.0,34.37,33.765,34.29,21729418,741108962.6625
2023-09-26 00:00:00+00:00,34.14,34.78,33.64,33.83,34198291,1166076227.3725
2023-09-27 00:00:00+00:00,33.92,34.825,33.88,34.61,44369070,1522247330.3625002
2023-09-28 00:00:00+00:00,34.65,35.6564,34.38,35.18,32265276,1128206999.7816
2023-09-29 00:00:00+00:00,35.648,35.91,35.155,35.55,28763712,1023002990.0639999
2023-10-02 00:00:00+00:00,35.61,35.975,34.98,35.46,26086163,926221825.0187501
2023-10-03 00:00:00+00:00,35.265,36.54,35.265,35.69,45292632,1616494036.08
2023-10-04 00:00:00+00:00,36.52,36.52,35.325,35.93,39842200,1437257562.2500002
2023-10-05 00:00:00+00:00,35.97,36.1,35.6,35.89,25771233,924929552.37
2023-10-06 00:00:00+00:00,35.87,36.46,35.18,36.19,33262158,1194943026.1499999
2023-10-09 00:00:00+00:00,35.7,36.17,35.5,36.06,19376144,694780083.48
2023-10-10 00:00:00+00:00,36.14,36.74,35.805,36.43,24044104,872290037.99
2023-10-11 00:00:00+00:00,36.62,37.03,36.38,36.88,19262602,707467214.955
2023-10-12 00:00:00+00:00,36.8,37.22,36.39,36.84,23639229,870219117.5625
2023-10-13 00:00:00+00:00,36.74,36.79,35.86,35.97,28408435,1032362527.9000001
2023-10-16 00:00:00+00:00,36.14,36.94,36.08,36.56,29555783,1076717174.69
2023-10-17 00:00:00+00:00,35.92,36.35,35.07,36.06,24993561,896019161.85
2023-10-18 00:00:00+00:00,35.5242,36.02,35.45,35.64,22085950,787552952.3725001
2023-10-19 00:00:00+00:00,35.96,36.36,35.52,35.67,29201848,1047689301.6199999
2023-10-20 00:00:00+00:00,35.65,36.28,34.87,34.92,32303325,1144506804.7500002
2023-10-23 00:00:00+00:00,34.6,35.19,33.39,33.85,53924661,1847324074.2075
2023-10-24 00:00:00+00:00,33.64,34.71,33.64,34.59,52673857,1798548847.2649999
2023-10-25 00:00:00+00:00,34.18,34.45,32.55,32.83,44658462,1496170123.155
2023-10-26 00:00:00+00:00,32.89,33.22,32.145,32.52,59142509,1933590403.61875
2023-10-27 00:00:00+00:00,34.66,36.71,34.6,35.54,84128212,2976245820.0299997
2023-10-30 00:00:00+00:00,35.465,35.96,34.92,35.69,36656267,1301618220.8362503
2023-10-31 00:00:00+00:00,35.66,36.57,35.62,36.5,41185207,1486271157.6125
2023-11-01 00:00:00+00:00,36.5,37.315,36.28,37.29,41710705,1536883064.1062498
2023-11-02 00:00:00+00:00,37.58,37.82,36.91,37.7,35439964,1329087249.9099998
2023-11-03 00:00:00+00:00,38.0,38.32,37.665,38.14,30502744,1160057482.75
2023-11-06 00:00:00+00:00,38.02,38.2,37.855,37.95,23877203,907482946.5187498
2023-11-07 00:00:00+00:00,38.24,38.9,37.98,38.77,32052041,1233122147.3725002
2023-11-08 00:00:00+00:00,38.85,38.89,37.7492,37.92,33483360,1284163867.728
2023-11-09 00:00:00+00:00,37.92,38.515,37.77,37.8,48955771,1860380492.71375
2023-11-10 00:00:00+00:00,38.24,38.99,38.24,38.86,38871279,1499751122.0175
2023-11-13 00:00:00+00:00,38.35,38.565,38.14,38.23,24558261,941103259.3462499
2023-11-14 00:00:00+00:00,38.8,39.49,38.07,39.41,45457362,1770223319.6849997
2023-11-15 00:00:00+00:00,39.585,40.84,39.58,40.61,47392143,1902972261.9862502
2023-11-16 00:00:00+00:00,41.0,43.395,40.82,43.35,86405694,3641243952.2775
2023-11-17 00:00:00+00:00,42.91,43.81,42.56,43.81,49749721,2152794801.9725
2023-11-20 00:00:00+00:00,43.78,44.93,43.78,44.74,44596396,1975954815.7700002
2023-11-21 00:00:00+00:00,44.5,44.6612,43.3,43.64,37252056,1640032941.0168002
2023-11-22 00:00:00+00:00,44.03,44.63,43.54,43.67,31490545,1384560537.2875001
2023-11-24 00:00:00+00:00,43.68,44.0,43.61,43.96,13037105,571188162.8125001
2023-11-27 00:00:00+00:00,43.65,44.545,43.65,44.08,33339937,1466332104.18125
2023-11-28 00:00:00+00:00,43.69,44.3827,43.66,44.23,24548874,1079921537.74995
2023-11-29 00:00:00+00:00,44.6,45.34,44.6,44.94,38982026,1749123506.62
2023-11-30 00:00:00+00:00,44.65,45.09,44.41,44.7,46262971,2068533090.8375003
2023-12-01 00:00:00+00:00,44.36,44.36,42.86,43.74,43928371,1925380500.9299998
2023-12-04 00:00:00+00:00,43.3,43.31,41.685,42.35,50417587,2150877283.40375
2023-12-05 00:00:00+00:00,41.91,42.29,41.61,41.92,31859318,1335940852.0349998
2023-12-06 00:00:00+00:00,42.48,42.59,41.17,41.27,31992262,1339755951.905
2023-12-07 00:00:00+00:00,41.75,42.435,41.1801,42.15,29118697,1219455359.956175
2023-12-08 00:00:00+00:00,41.84,42.955,41.81,42.7,42814959,1812196658.37375
2023-12-11 00:00:00+00:00,43.16,44.73,43.08,44.54,48288156,2118763564.8899996
2023-12-12 00:00:00+00:00,44.36,44.44,43.63,44.04,31452163,1387590801.1525
2023-12-13 00:00:00+00:00,44.08,44.72,43.33,44.57,35216050,1555669008.75
2023-12-14 00:00:00+00:00,45.01,47.07,44.65,45.18,70620765,3211655840.2875
2023-12-15 00:00:00+00:00,45.94,47.27,45.67,46.16,84583405,3912828315.2999997
2023-12-18 00:00:00+00:00,46.15,46.23,45.4,45.69,27895652,1279503818.11
2023-12-19 00:00:00+00:00,45.6,46.68,45.51,46.66,35358771,1630481327.7375
2023-12-20 00:00:00+00:00,46.64,46.95,45.7,45.76,38159137,1765337075.4625
2023-12-21 00:00:00+00:00,46.48,47.12,46.02,47.08,28320463,1321857610.5249999
2023-12-22 00:00:00+00:00,47.25,48.1557,47.2,48.0,30095727,1434104277.9609752
2023-12-26 00:00:00+00:00,48.92,50.515,48.71,50.5,60287408,2993948040.54
2023-12-27 00:00:00+00:00,50.63,51.28,50.19,50.76,52148041,2644687899.3149996
2023-12-28 00:00:00+00:00,50.81,50.87,50.16,50.39,27705233,1400707317.3975
2023-12-29 00:00:00+00:00,50.3,50.5699,49.77,50.25,29288707,1470951355.0898252
2024-01-02 00:00:00+00:00,49.2,49.38,47.4527,47.8,45905728,2224507800.9263997
2024-01-03 00:00:00+00:00,47.1,47.81,46.8,47.05,35858434,1692159500.4599998
2024-01-04 00:00:00+00:00,45.715,47.16,45.24,46.87,47797812,2210469563.2050004
2024-01-05 00:00:00+00:00,47.03,47.83,46.635,46.89,34344031,1617475069.9837499
2024-01-08 00:00:00+00:00,47.07,48.76,46.97,48.45,42135127,2014585759.6875
2024-01-09 00:00:00+00:00,48.01,48.56,47.795,48.05,30097005,1447778804.2687502
2024-01-10 00:00:00+00:00,48.24,48.3,46.94,47.47,31480186,1502785379.175
2024-01-11 00:00:00+00:00,47.44,47.84,46.73,47.64,31707881,1503349907.9125
2024-01-12 00:00:00+00:00,47.6,47.67,46.61,47.12,27587902,1303528369.5
2024-01-16 00:00:00+00:00,46.98,47.22,46.38,47.06,43720666,2050936442.06
2024-01-17 00:00:00+00:00,46.4151,46.4151,45.65,46.06,33488015,1544971246.42575
2024-01-18 00:00:00+00:00,47.03,47.57,46.17,46.74,46681348,2188304890.87
2024-01-19 00:00:00+00:00,47.0,48.76,46.44,48.15,55979796,2663938542.15
2024-01-22 00:00:00+00:00,48.85,49.17,47.64,48.22,45639521,2212147582.8700004
2024-01-23 00:00:00+00:00,48.12,48.94,47.32,48.89,37224140,1798577384.4499998
2024-01-24 00:00:00+00:00,49.17,49.77,48.265,49.09,49375834,2423057333.7574997
2024-01-25 00:00:00+00:00,50.0,50.3,48.97,49.55,84845086,4217224999.6299996
2024-01-26 00:00:00+00:00,44.18,45.41,43.35,43.65,127665287,5636103257.8325
2024-01-29 00:00:00+00:00,43.71,43.99,42.81,43.84,51790863,2257434241.0125
2024-01-30 00:00:00+00:00,43.67,43.82,42.89,42.92,47958762,2077813363.65
2024-01-31 00:00:00+00:00,42.57,43.785,42.36,43.1,51584247,2215736849.5762496
2024-02-01 00:00:00+00:00,43.15,43.57,42.485,43.36,38819855,1674737069.51875
2024-02-02 00:00:00+00:00,43.0,43.14,41.6,42.6,53683500,2286111847.5
2024-02-05 00:00:00+00:00,42.62,43.15,42.425,42.77,28890264,1234805996.19
2024-02-06 00:00:00+00:00,42.7,42.78,42.14,42.74,34068216,1450965319.44
2024-02-07 00:00:00+00:00,42.89,43.095,42.55,42.78,34269246,1467708969.6225
2024-02-08 00:00:00+00:00,42.72,42.97,42.33,42.5,33206470,1415591816.1
2024-02-09 00:00:00+00:00,42.55,43.52,42.395,43.31,51192958,2198417590.1125
2024-02-12 00:00:00+00:00,43.39,45.04,43.32,44.03,51107349,2245912451.805
2024-02-13 00:00:00+00:00,43.0,43.63,42.76,43.18,36622233,1579974687.2024999
2024-02-14 00:00:00+00:00,43.82,44.29,43.39,44.19,36186233,1589389818.9424999
2024-02-15 00:00:00+00:00,44.755,45.27,44.02,44.05,44024507,1960136143.5412502
2024-02-16 00:00:00+00:00,44.03,44.2199,43.12,43.52,29975301,1310594348.589975
2024-02-20 00:00:00+00:00,44.26,45.17,43.42,44.52,61514136,2727690575.5800004
2024-02-21 00:00:00+00:00,44.48,44.69,43.08,43.47,57714970,2535418632.1
2024-02-22 00:00:00+00:00,44.68,44.68,42.53,42.98,62809318,2745866359.6649995
2024-02-23 00:00:00+00:00,43.125,43.51,42.66,42.99,33810714,1456269715.3725
2024-02-26 00:00:00+00:00,43.5,43.68,42.82,42.99,27035379,1169212553.3025
2024-02-27 00:00:00+00:00,43.25,43.265,42.51,42.73,25126372,1078895005.715
2024-02-28 00:00:00+00:00,42.44,42.45,41.91,41.99,26928470,1136314112.825
2024-02-29 00:00:00+00:00,42.37,43.15,42.3551,43.05,48875120,2088496193.3779998
2024-03-01 00:00:00+00:00,43.41,44.2698,43.13,43.82,41426072,1808556667.0363998
2024-03-04 00:00:00+00:00,44.27,46.61,43.85,45.625,59990811,2704910679.4762497
2024-03-05 00:00:00+00:00,44.56,44.8675,42.69,43.185,56655135,2482946700.834375
2024-03-06 00:00:00+00:00,43.93,45.505,43.555,44.51,52652045,2336434496.875
2024-03-07 00:00:00+00:00,45.55,46.4199,45.18,46.175,50378153,2308892465.227425
2024-03-08 00:00:00+00:00,46.44,46.6277,44.0,44.0,54916599,2485905568.188075
2024-03-11 00:00:00+00:00,43.87,44.93,43.66,44.86,35050986,1553810209.3799999
2024-03-12 00:00:00+00:00,45.06,45.265,44.46,45.25,31795832,1431090653.53
2024-03-13 00:00:00+00:00,44.51,44.98,43.2,43.23,53195932,2339557089.3599997
2024-03-14 00:00:00+00:00,43.23,43.35,42.51,42.75,37303827,1602572407.92
2024-03-15 00:00:00+00:00,42.45,43.15,42.35,42.64,66952857,2855371968.9075
2024-03-18 00:00:00+00:00,43.09,43.38,42.595,42.71,27668282,1188179785.1375
2024-03-19 00:00:00+00:00,42.25,42.29,41.44,42.05,34672950,1456523947.1249998
2024-03-20 00:00:00+00:00,42.99,43.01,41.41,42.2,74864992,3174462823.28
2024-03-21 00:00:00+00:00,42.99,43.6,42.32,42.42,50807592,2176216184.3399997
2024-03-22 00:00:00+00:00,42.25,42.8,42.09,42.57,28503057,1209313450.8675
2024-03-25 00:00:00+00:00,40.89,42.215,40.57,41.83,47276531,1956125565.78875
2024-03-26 00:00:00+00:00,41.95,42.265,41.655,41.99,39109651,1641236504.2150002
2024-03-27 00:00:00+00:00,42.54,43.83,42.5,43.77,51017828,2201929456.48
2024-03-28 00:00:00+00:00,43.76,44.6,43.71,44.17,54204194,2388236787.6400003
2024-04-01 00:00:00+00:00,44.29,45.41,44.18,44.52,31712593,1414381647.8
2024-04-02 00:00:00+00:00,43.925,44.08,43.5,43.94,32748360,1436384005.05
2024-04-03 00:00:00+00:00,41.4,41.65,40.22,40.3286,83717976,3424035917.1084
2024-04-04 00:00:00+00:00,40.59,40.7798,39.7,39.725,57307233,2303676267.1971
2024-04-05 00:00:00+00:00,39.35,39.46,38.51,38.71,67263035,2623762837.7625
2024-04-08 00:00:00+00:00,38.64,38.86,37.91,37.98,56967788,2184572250.33
2024-04-09 00:00:00+00:00,38.05,38.58,37.325,38.33,78782981,2999366565.39625
2024-04-10 00:00:00+00:00,38.02,38.2211,37.02,37.2,51108380,1922455768.5045
2024-04-11 00:00:00+00:00,37.43,37.67,37.08,37.63,41909086,1569600043.415
2024-04-12 00:00:00+00:00,36.69,36.7,35.605,35.69,80254789,2902916036.61625
2024-04-15 00:00:00+00:00,36.04,36.7,35.89,36.31,50751563,1838982885.305
2024-04-16 00:00:00+00:00,36.27,36.51,35.764,36.26,30607502,1108022179.902
2024-04-17 00:00:00+00:00,36.1,36.1297,35.37,35.68,41173345,1474826129.899125
2024-04-18 00:00:00+00:00,35.42,35.66,34.77,35.04,42334395,1491123227.8874998
2024-04-19 00:00:00+00:00,35.13,35.13,34.18,34.2,59070310,2047376944.6
2024-04-22 00:00:00+00:00,34.415,34.57,34.075,34.41,39909927,1371604416.1725
2024-04-23 00:00:00+00:00,34.335,34.6,34.18,34.27,46834042,1608573715.0425003
2024-04-24 00:00:00+00:00,34.86,35.18,34.34,34.5,53261096,1849225253.12
2024-04-25 00:00:00+00:00,34.56,35.295,34.5,35.11,66549403,2320328122.34875
2024-04-26 00:00:00+00:00,31.78,32.24,30.64,31.88,119742494,3788053797.69
2024-04-29 00:00:00+00:00,31.86,31.91,31.07,31.36,58533264,1846724479.2
2024-04-30 00:00:00+00:00,31.04,31.175,30.42,30.47,72346359,2226549631.17375
2024-05-01 00:00:00+00:00,30.17,31.035,30.02,30.37,60654760,1843828885.55
2024-05-02 00:00:00+00:00,30.59,30.67,30.19,30.515,50899442,1551987610.8825
2024-05-03 00:00:00+00:00,30.98,31.055,30.7,30.9,36794828,1137282139.945
2024-05-06 00:00:00+00:00,31.115,31.2,30.73,30.97,36185572,1121888427.895
2024-05-07 00:00:00+00:00,31.09,31.45,30.61,30.68,44683401,1383286386.4575002
2024-05-08 00:00:00+00:00,30.0,30.15,29.73,30.0,63734597,1910125872.09
2024-05-09 00:00:00+00:00,29.93,30.385,29.805,30.09,45003402,1352464738.605
2024-05-10 00:00:00+00:00,30.33,30.455,29.84,29.85,42931290,1293036790.6875
2024-05-13 00:00:00+00:00,30.03,31.13,30.0,30.51,51459143,1565258482.2025
2024-05-14 00:00:00+00:00,30.62,31.11,30.61,31.05,47759855,1473272127.1125
2024-05-15 00:00:00+00:00,31.38,31.4,30.81,31.27,36992927,1154734216.305
2024-05-16 00:00:00+00:00,31.63,32.26,31.52,32.04,47752828,1521524482.1499999
2024-05-17 00:00:00+00:00,32.06,32.11,31.59,31.85,41449777,1322351510.7425
2024-05-20 00:00:00+00:00,31.85,32.42,31.76,32.1,31989000,1024687642.5000002
2024-05-21 00:00:00+00:00,31.98,32.24,31.62,31.74,42975363,1370699202.885
2024-05-22 00:00:00+00:00,31.91,32.066,31.095,31.42,36706435,1160758417.39625
2024-05-23 00:00:00+00:00,31.445,31.57,29.87,30.08,62014547,1906404692.9637501
2024-05-24 00:00:00+00:00,30.29,31.02,30.1301,30.72,42434488,1295950324.3822
2024-05-28 00:00:00+00:00,30.94,31.3695,30.655,31.06,36799147,1140998951.7753751
2024-05-29 00:00:00+00:00,30.465,30.67,30.105,30.12,35848611,1087646857.74
2024-05-30 00:00:00+00:00,30.21,30.5,30.06,30.19,33382756,1009494541.4399999
2024-05-31 00:00:00+00:00,30.22,30.96,29.94,30.88,95797529,2921824634.5
2024-06-03 00:00:00+00:00,31.03,31.065,30.05,30.29,35544896,1087984835.44
2024-06-04 00:00:00+00:00,30.75,30.75,29.94,30.0399,51027179,1549694150.550525
2024-06-05 00:00:00+00:00,30.269,30.835,30.01,30.78,44161657,1345760254.5895
2024-06-06 00:00:00+00:00,30.552,30.59,30.16,30.41,34248118,1042101734.504
2024-06-07 00:00:00+00:00,30.25,30.78,30.205,30.74,34085530,1039395630.4375
2024-06-10 00:00:00+00:00,30.55,30.95,30.285,30.91,37445807,1148603322.46625
2024-06-11 00:00:00+00:00,30.77,31.03,30.53,30.92,25326850,780383565.625
2024-06-12 00:00:00+00:00,31.455,31.48,30.3899,30.76,51323936,1592131366.5416
2024-06-13 00:00:00+00:00,30.38,30.58,30.14,30.46,33787162,1026791853.1800001
2024-06-14 00:00:00+00:00,30.285,30.56,30.21,30.45,28125886,854358944.6075001
2024-06-17 00:00:00+00:00,30.34,31.0,30.18,30.98,36235315,1109706521.8750002
2024-06-18 00:00:00+00:00,30.99,31.47,30.5,30.63,33294749,1028724507.2275
2024-06-20 00:00:00+00:00,30.555,31.11,30.45,30.62,43826322,1344755907.6675
2024-06-21 00:00:00+00:00,30.85,31.36,30.6701,31.09,92549024,2868327940.0456
2024-06-24 00:00:00+00:00,31.14,31.42,30.53,30.57,40611793,1255513580.595
2024-06-25 00:00:00+00:00,30.7,30.83,30.2901,30.74,29498583,903837320.5845749
2024-06-26 00:00:00+00:00,30.64,30.68,30.2731,30.54,30742984,938683984.7925999
2024-06-27 00:00:00+00:00,30.42,30.6582,30.285,30.59,30184278,920267322.9474001
2024-06-28 00:00:00+00:00,30.75,31.31,30.72,30.97,41467675,1282906195.3125
2024-07-01 00:00:00+00:00,30.91,31.02,30.61,30.84,32401760,999432287.1999999
2024-07-02 00:00:00+00:00,30.855,31.31,30.585,31.07,35999280,1114357712.3999999
2024-07-03 00:00:00+00:00,31.12,31.34,30.91,31.23,24065673,749645713.95
2024-07-05 00:00:00+00:00,31.4,32.34,31.3114,32.02,45309446,1439383684.1111002
2024-07-08 00:00:00+00:00,33.03,34.09,32.82,33.99,82315937,2756143360.6025
2024-07-09 00:00:00+00:00,35.015,35.22,33.72,34.59,97788840,3387038709.4500003
2024-07-10 00:00:00+00:00,34.44,34.97,34.13,34.87,52256195,1808194987.4875
2024-07-11 00:00:00+00:00,35.031,35.15,33.31,33.5,55213668,1890943898.2469997
2024-07-12 00:00:00+00:00,33.77,35.475,33.77,34.495,62792646,2158654187.8650002
2024-07-15 00:00:00+00:00,34.7,35.225,34.31,34.46,39847917,1381676712.0787501
2024-07-16 00:00:00+00:00,34.36,34.45,33.835,34.34,28409906,972932743.3525001
2024-07-17 00:00:00+00:00,36.08,37.16,34.4,34.46,112304214,3989607202.35
2024-07-18 00:00:00+00:00,34.96,36.3,34.53,34.87,84188608,2960492400.3199997
2024-07-19 00:00:00+00:00,34.565,34.58,32.85,32.98,69628654,2349531893.4125
2024-07-22 00:00:00+00:00,33.28,33.41,32.76,33.37,48503749,1610566985.5449998
2024-07-23 00:00:00+00:00,32.96,33.23,32.83,32.95,29466374,972169344.1949999
2024-07-24 00:00:00+00:00,32.535,32.8,31.66,31.7,62216669,2001743554.23875
2024-07-25 00:00:00+00:00,31.372,31.985,30.95,31.1,49774032,1560503007.756
2024-07-26 00:00:00+00:00,31.43,31.56,31.02,31.35,38352543,1201968697.62
2024-07-29 00:00:00+00:00,31.42,31.47,30.79,30.83,32342201,1006731861.6275
2024-07-30 00:00:00+00:00,30.845,30.91,30.005,30.13,48256628,1470500096.7299998
2024-07-31 00:00:00+00:00,30.54,30.87,30.28,30.74,56110610,1717405495.5749998
2024-08-01 00:00:00+00:00,30.43,30.71,28.89,29.05,107672516,3205410801.32
2024-08-02 00:00:00+00:00,21.94,21.98,20.42,21.48,300895920,6455721963.6
2024-08-05 00:00:00+00:00,20.2,20.385,19.2934,20.11,147385697,2947286521.4787
2024-08-06 00:00:00+00:00,20.32,20.63,19.75,19.83,106670372,2147541264.29
2024-08-07 00:00:00+00:00,19.92,20.25,18.95,18.99,97972290,1913153892.975
2024-08-08 00:00:00+00:00,19.1,20.55,18.84,20.49,96836821,1912043030.645
2024-08-09 00:00:00+00:00,20.08,20.15,19.5,19.71,76394546,1517195683.56
2024-08-12 00:00:00+00:00,19.87,19.97,19.0,19.36,54677578,1068946649.9000001
2024-08-13 00:00:00+00:00,19.48,20.48,19.47,20.47,77511346,1548289136.3500001
2024-08-14 00:00:00+00:00,20.485,20.5,19.785,19.92,56758181,1144954406.2225
2024-08-15 00:00:00+00:00,20.32,21.06,20.23,20.69,84814880,1745066156.0
2024-08-16 00:00:00+00:00,20.53,20.895,20.4101,20.87,48582663,1004508500.420325
2024-08-19 00:00:00+00:00,20.885,21.86,20.835,21.52,65956303,1403220346.325
2024-08-20 00:00:00+00:00,21.21,21.23,20.82,20.99,84161270,1772646749.375
2024-08-21 00:00:00+00:00,21.072,21.44,21.07,21.41,57028870,1211749429.76
2024-08-22 00:00:00+00:00,21.39,21.4,20.04,20.1,81444673,1688551682.9725
2024-08-23 00:00:00+00:00,20.32,20.93,20.26,20.54,73398430,1505585295.3750002
2024-08-26 00:00:00+00:00,20.53,20.56,19.95,20.13,58534794,1187817307.2450001
2024-08-27 00:00:00+00:00,20.13,20.26,19.84,20.07,43862017,880529991.2750001
2024-08-28 00:00:00+00:00,19.98,20.105,19.51,19.61,50144885,992931404.1062499
2024-08-29 00:00:00+00:00,19.76,20.6,19.75,20.13,64529661,1294464999.6599998
2024-08-30 00:00:00+00:00,21.25,22.12,21.0,22.04,177785378,3840608628.245
2024-09-03 00:00:00+00:00,21.54,21.69,19.99,20.1,115305533,2401814252.39
2024-09-04 00:00:00+00:00,19.76,20.045,19.28,19.43,85871887,1685557801.9512503
2024-09-05 00:00:00+00:00,19.28,19.9,19.24,19.4,65388789,1272138889.995
2024-09-06 00:00:00+00:00,19.44,19.49,18.64,18.89,92686460,1771701682.9
2024-09-09 00:00:00+00:00,19.0,19.54,18.95,19.07,64244126,1229632571.64
2024-09-10 00:00:00+00:00,19.03,19.11,18.51,18.98,55621273,1051659219.2475002
2024-09-11 00:00:00+00:00,19.01,19.69,18.52,19.64,71403141,1372011354.315
2024-09-12 00:00:00+00:00,19.43,19.54,19.04,19.36,51602918,998129441.4150001
2024-09-13 00:00:00+00:00,19.49,19.8,19.49,19.66,44236271,867473274.31
2024-09-16 00:00:00+00:00,20.03,21.0699,19.76,20.91,149337028,3052818461.4643
2024-09-17 00:00:00+00:00,21.71,22.58,21.24,21.47,196249783,4268432780.25
2024-09-18 00:00:00+00:00,21.36,21.74,20.715,20.77,118727940,2510650701.225
2024-09-19 00:00:00+00:00,21.28,21.69,21.03,21.14,99829168,2124863840.88
2024-09-20 00:00:00+00:00,20.89,23.14,20.35,21.84,260377912,5612445893.16
2024-09-23 00:00:00+00:00,22.43,22.82,22.03,22.56,184439134,4142502949.6400003
2024-09-24 00:00:00+00:00,22.53,23.105,22.285,22.81,113082534,2564994577.455
2024-09-25 00:00:00+00:00,22.8,24.055,22.73,23.54,117013357,2724217217.65625
2024-09-26 00:00:00+00:00,24.28,24.42,23.25,23.92,95416939,2286905485.4825
2024-09-27 00:00:00+00:00,24.16,24.66,23.7034,23.91,85883278,2070504125.1713
2024-09-30 00:00:00+00:00,23.74,23.95,23.09,23.46,66460225,1565802901.0000002
2024-10-01 00:00:00+00:00,23.46,23.72,22.255,22.69,86344357,1988618472.15625
2024-10-02 00:00:00+00:00,22.67,23.0668,22.35,22.39,59033896,1335299500.4032001
2024-10-03 00:00:00+00:00,22.14,22.73,21.65,22.26,49565931,1100115838.545
2024-10-04 00:00:00+00:00,22.7,22.91,22.3,22.59,49966930,1130501791.25
2024-10-07 00:00:00+00:00,22.4,22.65,22.0209,22.38,54928674,1228354831.27665
2024-10-08 00:00:00+00:00,22.25,23.42,22.045,23.32,58650461,1334811179.28375
2024-10-09 00:00:00+00:00,23.25,23.48,23.06,23.46,44759018,1043444607.125
2024-10-10 00:00:00+00:00,23.19,23.53,22.96,23.22,44874580,1042212120.5000001
2024-10-11 00:00:00+00:00,23.05,23.82,22.98,23.56,43585252,1017824597.3300002
2024-10-14 00:00:00+00:00,23.58,23.77,23.2701,23.44,35403646,832517620.7811499
2024-10-15 00:00:00+00:00,23.41,23.72,22.47,22.66,68900556,1589191324.1399999
2024-10-16 00:00:00+00:00,22.38,22.54,21.74,22.31,62151767,1382410677.4975
2024-10-17 00:00:00+00:00,22.72,22.82,22.4,22.44,43807577,989832202.3149999
2024-10-18 00:00:00+00:00,22.61,22.82,22.5,22.77,39971695,906358184.125
2024-10-21 00:00:00+00:00,22.61,22.88,22.25,22.84,39726985,899617575.3249999
2024-10-22 00:00:00+00:00,22.73,22.82,22.17,22.4,50160378,1130113316.3400002
2024-10-23 00:00:00+00:00,22.3,22.425,21.575,21.98,45799051,1010785055.57
2024-10-24 00:00:00+00:00,22.09,22.365,21.97,22.34,40554417,899953206.25125
2024-10-25 00:00:00+00:00,22.42,23.3399,22.41,22.68,67502984,1533159836.5254
2024-10-28 00:00:00+00:00,22.67,23.27,22.56,22.92,41914966,957966547.9300001
2024-10-29 00:00:00+00:00,22.87,23.14,22.41,22.9,83422242,1904529784.86
2024-10-30 00:00:00+00:00,22.415,22.93,22.26,22.3,50941231,1144967843.26375
2024-10-31 00:00:00+00:00,22.15,22.25,21.47,21.52,112485547,2457527988.0825
2024-11-01 00:00:00+00:00,23.0,23.58,21.91,23.2,173471115,3976391633.5875
2024-11-04 00:00:00+00:00,22.96,23.0,22.0,22.52,84616300,1914020706.0
2024-11-05 00:00:00+00:00,22.58,23.58,22.4,23.32,59153326,1358751898.22
2024-11-06 00:00:00+00:00,24.3,25.12,24.05,25.05,116760537,2875812026.31
2024-11-07 00:00:00+00:00,25.43,26.3799,25.19,26.23,101489302,2619182624.13245
2024-11-08 00:00:00+00:00,26.0,26.43,25.83,26.2,76427983,1995916776.0449998
2024-11-11 00:00:00+00:00,25.96,26.2863,24.83,25.05,80185321,2047257537.010575
2024-11-12 00:00:00+00:00,24.66,24.96,23.89,24.16,62539733,1527063930.5275
2024-11-13 00:00:00+00:00,24.06,25.14,24.02,24.92,58201972,1427985383.02
2024-11-14 00:00:00+00:00,25.12,25.61,24.9346,25.03,49252121,1239855655.81165
2024-11-15 00:00:00+00:00,24.81,24.82,24.23,24.35,55104875,1352962443.4375
2024-11-18 00:00:00+00:00,24.33,25.02,24.16,24.84,59667333,1467070550.1374998
2024-11-19 00:00:00+00:00,24.5,24.54,24.095,24.2,61190859,1489003065.1912498
2024-11-20 00:00:00+00:00,24.07,24.21,23.55,24.01,50191510,1202588579.6000001
2024-11-21 00:00:00+00:00,24.08,24.77,23.83,24.44,58928410,1430781794.8
2024-11-22 00:00:00+00:00,24.35,24.68,24.14,24.5,36784715,898190778.5125
2024-11-25 00:00:00+00:00,25.04,25.565,24.76,24.87,91128387,2283563467.7362504
2024-11-26 00:00:00+00:00,24.95,24.985,23.81,24.05,69613557,1701964451.7037501
2024-11-27 00:00:00+00:00,23.83,23.93,23.06,23.65,53992319,1275163593.9825
2024-11-29 00:00:00+00:00,23.72,24.28,23.6,24.05,36616750,875598034.3749999
2024-12-02 00:00:00+00:00,24.84,25.48,23.44,23.93,150497884,3675534571.99
2024-12-03 00:00:00+00:00,23.68,23.75,22.44,22.47,138160493,3189434980.905
2024-12-04 00:00:00+00:00,22.53,22.54,21.81,21.96,104648976,2324253756.96
2024-12-05 00:00:00+00:00,22.04,22.19,20.66,20.8,167993483,3598840389.5675
2024-12-06 00:00:00+00:00,20.95,21.05,20.66,20.92,78539132,1641075163.1399999
2024-12-09 00:00:00+00:00,20.92,21.06,20.73,20.81,68818217,1436924370.9600003
2024-12-10 00:00:00+00:00,20.83,20.86,19.96,20.16,90004833,1840823846.9325001
2024-12-11 00:00:00+00:00,20.14,20.25,19.87,20.12,75209342,1511331727.4900002
2024-12-12 00:00:00+00:00,20.02,20.9,19.92,20.78,77695010,1585366679.0500002
2024-12-13 00:00:00+00:00,20.6,20.8,20.25,20.34,55104079,1129495859.3025
2024-12-16 00:00:00+00:00,20.17,21.1,20.0,20.83,73832891,1515420087.7749999
2024-12-17 00:00:00+00:00,20.64,20.77,20.2925,20.44,51767153,1063070841.325625
2024-12-18 00:00:00+00:00,20.48,20.58,19.21,19.3,86041243,1711575426.3775
2024-12-19 00:00:00+00:00,19.53,19.69,19.03,19.06,69117805,1335874376.1375
2024-12-20 00:00:00+00:00,18.97,19.76,18.9,19.52,108453667,2091800102.2625
2024-12-23 00:00:00+00:00,19.58,20.23,19.52,20.2,57988375,1152953865.9375
2024-12-24 00:00:00+00:00,20.22,20.4,19.96,20.4,29884026,605002106.3699999
2024-12-26 00:00:00+00:00,20.23,20.665,20.08,20.44,39950380,813140046.925
2024-12-27 00:00:00+00:00,20.21,20.605,20.09,20.3,48260830,979755175.0375
2024-12-30 00:00:00+00:00,20.01,20.115,19.73,19.82,59608126,1187319359.7625003
2024-12-31 00:00:00+00:00,19.99,20.4,19.88,20.05,49846656,1000920852.4799999
2025-01-02 00:00:00+00:00,20.23,20.43,20.0,20.22,46438529,938987056.38
2025-01-03 00:00:00+00:00,20.39,20.665,20.06,20.56,48983942,1000190865.7125
2025-01-06 00:00:00+00:00,20.83,20.98,19.78,19.87,83270990,1695813711.3500001
2025-01-07 00:00:00+00:00,20.02,20.34,19.9,20.01,61726060,1238687709.05
2025-01-08 00:00:00+00:00,19.825,20.12,19.71,19.88,47897071,952373385.4962499
2025-01-10 00:00:00+00:00,19.66,19.66,18.91,19.15,71244581,1378226419.445
2025-01-13 00:00:00+00:00,18.92,19.249,18.73,19.2,50668970,963964487.0075
2025-01-14 00:00:00+00:00,19.36,19.52,18.82,19.2,47147526,906411187.3499999
2025-01-15 00:00:00+00:00,19.4,19.77,19.171,19.72,56305989,1098825451.83225
2025-01-16 00:00:00+00:00,19.75,19.95,19.4,19.67,44898059,884155026.8575001
2025-01-17 00:00:00+00:00,21.26,21.62,20.79,21.49,166483914,3544442529.06
2025-01-21 00:00:00+00:00,22.03,22.41,21.75,21.77,96262179,2116805316.2099998
2025-01-22 00:00:00+00:00,21.725,22.285,21.57,21.86,60972578,1332860555.0800002
2025-01-23 00:00:00+00:00,21.69,21.75,21.35,21.57,55778156,1204250388.0399997
2025-01-24 00:00:00+00:00,21.36,21.41,20.75,20.83,66300614,1398114197.725
2025-01-27 00:00:00+00:00,20.81,21.06,20.14,20.29,83582097,1719701645.7749999
2025-01-28 00:00:00+00:00,20.34,20.342,19.74,19.8,73411385,1472302031.8674998
2025-01-29 00:00:00+00:00,19.87,20.08,19.66,19.75,86506821,1716295328.64
2025-01-30 00:00:00+00:00,19.72,20.1,19.43,20.01,108166983,2143328768.1450002
2025-01-31 00:00:00+00:00,20.1,20.33,19.38,19.43,117474899,2327177749.19
2025-02-03 00:00:00+00:00,18.97,19.75,18.78,19.38,77523142,1489994789.24
2025-02-04 00:00:00+00:00,19.1,19.53,19.02,19.29,54098200,1040578877.0
2025-02-05 00:00:00+00:00,19.19,19.77,18.91,19.65,66250254,1283929922.5200002
2025-02-06 00:00:00+00:00,19.51,19.7,19.22,19.38,45553771,886134730.3775
2025-02-07 00:00:00+00:00,19.35,19.36,19.03,19.1,58277917,1119518785.57
2025-02-10 00:00:00+00:00,19.25,20.08,19.24,19.77,73007266,1429847304.61
2025-02-11 00:00:00+00:00,19.87,21.88,19.8618,20.97,150960704,3116651666.3968
2025-02-12 00:00:00+00:00,21.98,22.56,20.93,22.48,162631182,3575853114.225
2025-02-13 00:00:00+00:00,22.84,24.83,22.79,24.13,248661333,5880218872.1175
2025-02-14 00:00:00+00:00,24.36,25.19,22.86,23.6,230254092,5526673843.23
2025-02-18 00:00:00+00:00,24.6,27.55,24.49,27.39,284292210,7393729651.575
2025-02-19 00:00:00+00:00,25.98,26.33,25.46,25.72,151881727,3929559981.8075004
2025-02-20 00:00:00+00:00,25.56,26.12,24.48,26.09,144939566,3705017655.875
2025-02-21 00:00:00+00:00,25.96,26.29,24.84,24.87,111630859,2845470595.9100003
2025-02-24 00:00:00+00:00,24.55,24.8,23.62,24.27,91358071,2220914706.0099998
2025-02-25 00:00:00+00:00,24.21,24.28,22.7701,22.99,88886469,2094389647.9742248
2025-02-26 00:00:00+00:00,23.245,23.82,23.21,23.52,67449304,1581601867.17
2025-02-27 00:00:00+00:00,23.7,24.4,23.07,23.09,97871945,2306352383.9249997
2025-02-28 00:00:00+00:00,23.02,24.44,22.64,23.73,104133777,2442718073.9775
2025-03-03 00:00:00+00:00,25.0,25.04,22.52,22.74,141348692,3367632586.9
2025-03-04 00:00:00+00:00,22.54,22.63,20.76,21.33,152182200,3319854693.0
2025-03-05 00:00:00+00:00,21.33,21.36,20.18,20.81,127219259,2661426898.2799997
2025-03-06 00:00:00+00:00,20.26,21.13,20.0,20.75,96466381,1980937133.835
2025-03-07 00:00:00+00:00,20.27,21.2,20.11,20.64,81099646,1667003223.53
2025-03-10 00:00:00+00:00,20.24,20.51,19.65,19.93,82760577,1662039287.6025
2025-03-11 00:00:00+00:00,19.965,20.06,19.29,19.78,80788985,1597501192.14375
2025-03-12 00:00:00+00:00,20.79,21.17,20.21,20.68,128671089,2665099930.9125
2025-03-13 00:00:00+00:00,23.5,24.53,23.13,23.7,243260993,5768934448.995
2025-03-14 00:00:00+00:00,23.675,24.37,23.52,24.05,116901643,2794387648.86125
2025-03-17 00:00:00+00:00,24.42,26.145,24.37,25.69,160723633,4043203892.65625
2025-03-18 00:00:00+00:00,25.55,26.41,25.39,25.92,132488822,3420530161.9849997
2025-03-19 00:00:00+00:00,24.9,25.2299,24.03,24.12,135491427,3329020974.104325
2025-03-20 00:00:00+00:00,23.77,24.31,23.73,23.96,68937584,1650538104.92
2025-03-21 00:00:00+00:00,23.6,24.7,23.49,24.26,94110710,2259833423.875
2025-03-24 00:00:00+00:00,24.715,24.99,24.13,24.22,69169028,1695592260.135
2025-03-25 00:00:00+00:00,24.175,24.75,24.11,24.2,51743281,1257814482.00875
2025-03-26 00:00:00+00:00,24.25,24.4194,23.25,23.42,59678008,1422416368.9788
2025-03-27 00:00:00+00:00,23.285,23.76,22.855,23.62,57720584,1349507253.92
2025-03-28 00:00:00+00:00,23.35,23.58,22.56,22.71,58365257,1345319173.85
2025-03-31 00:00:00+00:00,22.38,22.745,21.75,22.71,65832019,1474390355.5287502
2025-04-01 00:00:00+00:00,22.56,22.62,21.66,22.05,64060355,1423581238.9875
2025-04-02 00:00:00+00:00,21.89,22.38,21.7,21.98,58878848,1294598670.4
2025-04-03 00:00:00+00:00,21.4,23.9,20.86,22.43,242972129,5381225227.0275
2025-04-04 00:00:00+00:00,21.7,22.2,19.7,19.85,175014739,3651244992.3874993
2025-04-07 00:00:00+00:00,19.14,20.67,18.56,19.57,142491152,2776440096.72
2025-04-08 00:00:00+00:00,20.06,20.39,17.665,18.13,163982681,3125714878.2112503
2025-04-09 00:00:00+00:00,18.07,21.73,17.975,21.53,224183490,4444717918.6125
2025-04-10 00:00:00+00:00,20.675,20.82,19.16,19.88,129064855,2598559524.35625
2025-04-11 00:00:00+00:00,19.245,19.795,18.175,19.74,128425810,2470752052.1375
2025-04-14 00:00:00+00:00,20.59,21.05,19.9801,20.31,101964371,2088487778.1167748
2025-04-15 00:00:00+00:00,20.2,20.47,19.81,19.85,64056895,1286422593.8375
2025-04-16 00:00:00+00:00,19.34,19.43,18.72,19.23,89469703,1716028903.54
2025-04-17 00:00:00+00:00,18.91,19.1,18.56,18.93,85646667,1616580839.625
2025-04-21 00:00:00+00:00,18.93,18.985,18.25,18.84,72409946,1357776999.9325
2025-04-22 00:00:00+00:00,19.055,19.735,19.04,19.51,83365634,1611874533.39
2025-04-23 00:00:00+00:00,20.715,21.03,20.31,20.59,97188101,2008027651.7862504
2025-04-24 00:00:00+00:00,21.035,21.55,20.88,21.49,117086220,2486764955.025
2025-04-25 00:00:00+00:00,19.73,20.18,19.34,20.05,147711174,2928374024.5499997
2025-04-28 00:00:00+00:00,20.12,21.08,20.05,20.51,96624416,1975003063.0400002
2025-04-29 00:00:00+00:00,20.31,20.845,20.22,20.34,70031864,1430663441.69
2025-04-30 00:00:00+00:00,19.71,20.18,19.55,20.1,68297323,1358092267.8549998
2025-05-01 00:00:00+00:00,20.215,20.65,19.94,19.98,72607511,1466399444.03375
2025-05-02 00:00:00+00:00,20.26,20.78,20.21,20.62,63298512,1295562294.3600001
2025-05-05 00:00:00+00:00,20.39,20.58,20.235,20.27,44236981,901052006.74375
2025-05-06 00:00:00+00:00,19.92,20.12,19.77,19.94,51330772,1023407266.75
2025-05-07 00:00:00+00:00,19.97,20.37,19.82,20.31,61134293,1229869139.4275
2025-05-08 00:00:00+00:00,21.01,21.24,20.64,21.0,71651698,1502715236.305
2025-05-09 00:00:00+00:00,21.2,21.45,20.83,21.42,51768565,1098787792.125
2025-05-12 00:00:00+00:00,22.18,22.67,21.88,22.18,94578691,2102247854.2024999
2025-05-13 00:00:00+00:00,22.355,22.88,22.3,22.56,76850385,1730958859.14375
2025-05-14 00:00:00+00:00,22.35,22.46,21.46,21.52,91584827,2010057990.5825002
2025-05-15 00:00:00+00:00,21.23,21.63,21.185,21.55,66705457,1427413397.97875
2025-05-16 00:00:00+00:00,21.53,21.76,21.35,21.66,55795144,1203780231.8000002
2025-05-19 00:00:00+00:00,21.18,21.56,21.05,21.38,64279077,1368662247.0224998
2025-05-20 00:00:00+00:00,21.325,21.41,21.12,21.27,48497384,1032084953.25
2025-05-21 00:00:00+00:00,21.19,21.6292,20.59,20.69,62904697,1322558673.4856
2025-05-22 00:00:00+00:00,20.73,20.9,20.51,20.55,56077473,1159261560.5925
2025-05-23 00:00:00+00:00,20.16,20.27,19.94,20.05,68206064,1371282916.72
2025-05-27 00:00:00+00:00,20.44,20.67,20.18,20.55,69504564,1422063379.44
2025-05-28 00:00:00+00:00,20.57,20.64,20.33,20.37,46096476,943940587.29
2025-05-29 00:00:00+00:00,20.54,20.595,20.1,20.25,66485207,1354386773.0987499
2025-05-30 00:00:00+00:00,20.26,20.26,19.31,19.55,114281897,2267924245.9649997
2025-06-02 00:00:00+00:00,19.482,19.82,19.3745,19.74,67885473,1330835298.376125
2025-06-03 00:00:00+00:00,19.75,20.4099,19.4,20.29,80401865,1605020220.0158749
2025-06-04 00:00:00+00:00,20.34,20.5,20.01,20.25,71166549,1442901780.9750001
2025-06-05 00:00:00+00:00,20.27,20.55,19.85,19.99,72595606,1463890394.99
2025-06-06 00:00:00+00:00,20.17,20.44,20.03,20.06,70072846,1413719668.05
2025-06-09 00:00:00+00:00,20.22,20.96,20.22,20.48,92893898,1901538092.06
2025-06-10 00:00:00+00:00,20.5,22.44,20.28,22.08,171457008,3656320695.6
2025-06-11 00:00:00+00:00,21.78,21.83,20.38,20.68,146784468,3107060226.3899994
2025-06-12 00:00:00+00:00,20.5,20.98,20.41,20.77,78175914,1615505262.81
2025-06-13 00:00:00+00:00,20.33,20.6,20.1,20.14,87655889,1778757127.5325
2025-06-16 00:00:00+00:00,20.41,20.93,20.3,20.74,86745123,1786515808.185
2025-06-17 00:00:00+00:00,20.63,21.48,20.62,20.8,87512156,1827472597.67
2025-06-18 00:00:00+00:00,20.805,21.6,20.66,21.49,94200572,1991282341.3649998
2025-06-20 00:00:00+00:00,21.7,21.885,20.88,21.08,133472814,2854482968.4075003
2025-06-23 00:00:00+00:00,21.065,21.58,20.73,21.19,81460982,1722186985.7075
2025-06-24 00:00:00+00:00,21.34,22.69,21.325,22.55,130368742,2865016066.3775
2025-06-25 00:00:00+00:00,22.575,22.77,22.125,22.2,64975117,1456579685.3475
2025-06-26 00:00:00+00:00,22.4,22.6201,22.21,22.5,63229338,1418393705.4184499
2025-06-27 00:00:00+00:00,22.71,23.38,22.42,22.69,95542384,2178366355.2000003
2025-06-30 00:00:00+00:00,22.97,22.97,22.265,22.4,77102415,1746466077.7687497
2025-07-01 00:00:00+00:00,22.325,23.155,22.2831,22.85,79094907,1791758679.370425
2025-07-02 00:00:00+00:00,22.525,22.77,21.52,21.88,138245252,3065415656.535
2025-07-03 00:00:00+00:00,22.15,22.63,21.99,22.49,61175951,1365141346.5649998
2025-07-07 00:00:00+00:00,22.205,22.39,21.86,22.0,80725235,1785137665.48125
2025-07-08 00:00:00+00:00,22.18,23.785,22.1323,23.59,119545462,2740200159.50815
2025-07-09 00:00:00+00:00,23.29,23.53,23.13,23.44,70247739,1640109086.3025
2025-07-10 00:00:00+00:00,23.63,24.04,23.48,23.82,54599844,1296336796.17
2025-07-11 00:00:00+00:00,23.56,23.66,23.16,23.43,49367905,1157800792.0125
2025-07-14 00:00:00+00:00,23.24,23.4,22.88,23.3,48420516,1123598073.78
2025-07-15 00:00:00+00:00,23.57,23.78,22.9,22.92,66099351,1539619133.1675
2025-07-16 00:00:00+00:00,22.99,23.13,22.25,22.69,58865893,1340082054.145
2025-07-17 00:00:00+00:00,22.66,23.045,22.5902,22.8,49384037,1124662181.8305998
2025-07-18 00:00:00+00:00,23.22,23.59,22.9,23.1,60195598,1396688362.595
2025-07-21 00:00:00+00:00,23.4,23.83,23.16,23.26,61657989,1443567667.4625
2025-07-22 00:00:00+00:00,23.34,23.535,23.08,23.24,53969845,1257429926.19375
2025-07-23 00:00:00+00:00,23.255,23.62,22.92,23.49,68711715,1602443083.44375
2025-07-24 00:00:00+00:00,23.49,23.575,22.6,22.63,131963323,3044888724.0712495
2025-07-25 00:00:00+00:00,20.675,21.045,20.36,20.7,245077682,5071882628.99
2025-07-28 00:00:00+00:00,20.82,21.29,20.65,20.68,86105582,1796162440.52
2025-07-29 00:00:00+00:00,20.69,20.845,20.34,20.41,100831524,2074230488.0849998
2025-07-30 00:00:00+00:00,20.43,20.6199,20.08,20.34,67420330,1373181885.7667499
2025-07-31 00:00:00+00:00,20.17,20.2288,19.66,19.8,90665198,1810103478.5106
2025-08-01 00:00:00+00:00,19.5,19.55,18.965,19.31,86496139,1672078487.04375
2025-08-04 00:00:00+00:00,19.515,19.59,19.35,19.5,69249371,1349583679.0762503
2025-08-05 00:00:00+00:00,19.7,20.535,19.68,20.19,97338249,1949320109.03625
2025-08-06 00:00:00+00:00,20.12,20.48,19.87,20.41,67074217,1356240667.74
2025-08-07 00:00:00+00:00,20.0,20.44,19.6,19.77,131382767,2621414658.5675
2025-08-08 00:00:00+00:00,20.0,20.02,19.61,19.95,75415017,1500381763.215
2025-08-11 00:00:00+00:00,20.445,21.6,20.44,20.65,175545596,3648495780.865
2025-08-12 00:00:00+00:00,21.2,21.86,20.76,21.81,134488173,2879055563.4975004
2025-08-13 00:00:00+00:00,21.62,22.3,21.36,22.22,86024355,1881782765.625
2025-08-14 00:00:00+00:00,21.99,24.2,21.9,23.86,188052460,4322855924.25
2025-08-15 00:00:00+00:00,25.01,25.645,24.11,24.56,310161102,7701687864.0375
2025-08-18 00:00:00+00:00,24.0,24.9,23.21,23.66,212515617,5088155160.0225
2025-08-19 00:00:00+00:00,24.94,26.53,24.94,25.31,297659156,7569472337.08
2025-08-20 00:00:00+00:00,24.9,24.933,23.3302,23.54,161149398,3895915616.1684003
2025-08-21 00:00:00+00:00,23.525,23.57,22.775,23.5,97718294,2280989277.695
2025-08-22 00:00:00+00:00,23.65,25.23,23.65,24.8,200266834,4872992738.305
2025-08-25 00:00:00+00:00,25.5,25.88,24.44,24.55,156825631,3935147145.8675
2025-08-26 00:00:00+00:00,24.58,24.735,24.1,24.35,78558225,1920061216.7812498
2025-08-27 00:00:00+00:00,24.19,24.99,24.05,24.85,90934420,2229711978.4
2025-08-28 00:00:00+00:00,24.96,25.14,24.61,24.93,60035093,1495474166.63
2025-08-29 00:00:00+00:00,24.76,24.97,24.28,24.35,63734417,1567229314.0300002
2025-09-02 00:00:00+00:00,23.88,24.24,23.68,24.21,57661836,1384028218.59
2025-09-03 00:00:00+00:00,24.09,24.0905,23.72,24.0,47822866,1146559190.20825
2025-09-04 00:00:00+00:00,23.85,24.64,23.75,24.61,59056496,1429905409.4
2025-09-05 00:00:00+00:00,24.6,24.71,24.1701,24.49,55975270,1370975699.85675
2025-09-08 00:00:00+00:00,24.48,24.735,24.12,24.48,51122136,1250127933.21
2025-09-09 00:00:00+00:00,24.53,24.805,24.27,24.44,42146182,1033055603.5475
2025-09-10 00:00:00+00:00,24.415,24.87,24.28,24.77,61600705,1514376331.5437498
2025-09-11 00:00:00+00:00,24.76,24.93,24.57,24.61,55536921,1372733844.8174999
2025-09-12 00:00:00+00:00,24.61,24.63,24.05,24.08,52672821,1282188145.1924999
2025-09-15 00:00:00+00:00,24.33,25.46,24.2201,24.77,83951622,2073187404.0805497
2025-09-16 00:00:00+00:00,24.82,25.34,24.69,25.27,60336569,1510224322.07
2025-09-17 00:00:00+00:00,25.075,25.26,24.45,24.9,63093682,1572373422.5425
2025-09-18 00:00:00+00:00,31.78,32.3771,30.16,30.57,523907959,16357336416.607225
2025-09-19 00:00:00+00:00,30.38,30.63,29.33,29.58,225702854,6766571562.92
2025-09-22 00:00:00+00:00,29.67,30.1,28.73,28.76,130314474,3820168805.31
2025-09-23 00:00:00+00:00,28.99,30.2,28.815,29.34,126317911,3705693816.57375
2025-09-24 00:00:00+00:00,29.38,31.7,29.23,31.22,164458509,4996660649.6925
2025-09-25 00:00:00+00:00,31.61,34.25,31.21,33.99,295709290,9688914886.85
2025-09-26 00:00:00+00:00,35.015,36.3,34.49,35.5,268583278,9488040024.4475
2025-09-29 00:00:00+00:00,34.52,35.05,33.73,34.48,152605909,5256510535.504999
2025-09-30 00:00:00+00:00,33.93,34.235,33.02,33.55,124818376,4204350972.5900006
2025-10-01 00:00:00+00:00,33.53,36.06,33.5,35.94,162649650,5653295209.875
2025-10-02 00:00:00+00:00,35.76,37.57,35.44,37.3,149361652,5454314126.91
2025-10-03 00:00:00+00:00,37.95,38.08,36.45,36.83,125359342,4679350838.505
2025-10-06 00:00:00+00:00,37.19,38.68,36.43,36.59,112086069,4172123703.3525004
2025-10-07 00:00:00+00:00,36.64,38.0468,36.3501,37.17,111140155,4117934459.5173755
2025-10-08 00:00:00+00:00,36.545,37.79,35.9102,37.43,103202085,3810097135.6980004
2025-10-09 00:00:00+00:00,37.53,38.1,36.86,37.8,89884658,3377191312.705
2025-10-10 00:00:00+00:00,38.46,39.65,36.3,36.37,183063296,6900570942.72
2025-10-13 00:00:00+00:00,36.44,37.51,36.28,37.22,104020679,3834462279.6375
2025-10-14 00:00:00+00:00,36.0,36.545,34.69,35.63,117908345,4211243927.1062503
2025-10-15 00:00:00+00:00,36.4,37.485,35.64,37.15,99242706,3639105975.6375
2025-10-16 00:00:00+00:00,37.15,38.02,36.41,36.84,83357846,3092992875.8300004
2025-10-17 00:00:00+00:00,36.36,38.38,36.08,37.01,119394707,4412529883.9525
2025-10-20 00:00:00+00:00,37.57,38.5198,37.56,38.1,80230234,3043730490.8633
2025-10-21 00:00:00+00:00,38.14,38.35,37.67,38.12,73134908,2784245947.56
2025-10-22 00:00:00+00:00,37.835,37.93,36.0401,36.92,87099905,3238485520.278875
2025-10-23 00:00:00+00:00,36.6,38.4,36.4301,38.16,121974238,4561534614.96095
2025-10-24 00:00:00+00:00,40.02,41.12,37.83,38.28,246379974,9685812727.875
2025-10-27 00:00:00+00:00,38.39,40.67,38.23,39.54,160007604,6273498133.829999
2025-10-28 00:00:00+00:00,39.59,42.48,39.54,41.53,181256370,7392541050.45
2025-10-29 00:00:00+00:00,41.6,42.04,40.92,41.34,106962947,4436288226.825
2025-10-30 00:00:00+00:00,40.97,41.43,40.11,40.16,84855468,3450859744.8900003
2025-10-31 00:00:00+00:00,40.68,40.8263,39.79,39.99,80471369,3244732340.486175
2025-11-03 00:00:00+00:00,40.25,40.45,39.05,39.5,61267512,2439212821.5
2025-11-04 00:00:00+00:00,38.14,38.25,36.63,37.03,102250306,3835664603.8250003
2025-11-05 00:00:00+00:00,37.415,38.6898,37.11,38.38,74631599,2828440581.0213
2025-11-06 00:00:00+00:00,38.335,39.8446,36.8,37.24,77629908,2954198385.9491997
2025-11-07 00:00:00+00:00,37.26,38.27,36.97,38.13,95521436,3597098476.17
2025-11-10 00:00:00+00:00,38.93,39.525,37.9659,38.45,77820266,3013023658.41485
2025-11-11 00:00:00+00:00,38.145,38.22,37.49,37.88,53741898,2038631723.2575002
2025-11-12 00:00:00+00:00,38.06,38.2,37.3525,37.89,53875959,2040585619.599375
2025-11-13 00:00:00+00:00,37.27,37.31,35.45,35.91,95593170,3487716807.45
2025-11-14 00:00:00+00:00,35.025,36.1,34.62,35.52,71716180,2532746541.925
2025-11-17 00:00:00+00:00,35.445,35.73,34.23,34.71,72580118,2542390808.3925004
2025-11-18 00:00:00+00:00,34.25,34.76,33.57,34.33,61504802,2105155610.4549994
2025-11-19 00:00:00+00:00,34.33,35.7499,34.25,35.11,67115474,2339643745.75315
2025-11-20 00:00:00+00:00,36.0,36.68,33.48,33.62,96389096,3368316959.72
2025-11-21 00:00:00+00:00,33.51,34.98,32.89,34.5,105641670,3588647529.9
2025-11-24 00:00:00+00:00,34.97,36.155,34.685,35.79,103804208,3674668963.2
2025-11-25 00:00:00+00:00,35.55,36.13,34.68,35.83,62203283,2211171202.4425
2025-11-26 00:00:00+00:00,36.2,37.24,36.13,36.81,54563435,1996748903.825
2025-11-28 00:00:00+00:00,37.4,40.59,37.34,40.56,95799486,3733545468.135
2025-12-01 00:00:00+00:00,39.86,40.375,39.6,40.01,74534896,2978507612.78
2025-12-02 00:00:00+00:00,40.47,43.68,40.05,43.47,167205815,7008849750.262501
2025-12-03 00:00:00+00:00,43.385,44.02,42.51,43.76,91957186,3992666069.6375
2025-12-04 00:00:00+00:00,43.26,43.2801,40.14,40.5,107850164,4507600300.6341
2025-12-05 00:00:00+00:00,41.155,42.83,41.15,41.41,103042015,4290283097.04375
2025-12-08 00:00:00+00:00,41.935,42.115,39.7,40.3,93953619,3853272799.2375
2025-12-09 00:00:00+00:00,40.73,41.2622,40.03,40.5,61877155,2514102840.08525
2025-12-10 00:00:00+00:00,40.11,40.99,38.89,40.78,75974890,3053620766.325
2025-12-11 00:00:00+00:00,40.07,40.19,39.075,39.51,59096759,2346806170.83875
2025-12-12 00:00:00+00:00,39.245,40.03,37.62,37.81,87784470,3395174107.8375
2025-12-15 00:00:00+00:00,38.325,38.48,37.32,37.51,60898465,2308584685.06875
2025-12-16 00:00:00+00:00,37.58,37.96,36.92,37.31,50490257,1890481447.7224998
2025-12-17 00:00:00+00:00,37.585,37.84,35.965,36.05,54791951,2019631313.86
2025-12-18 00:00:00+00:00,37.38,37.485,35.67,36.28,69468393,2549750529.57375
2025-12-19 00:00:00+00:00,36.48,37.58,36.44,36.82,163221251,6011438674.33
2025-12-22 00:00:00+00:00,37.89,37.9,36.29,36.37,51685394,1918174184.8249998
2025-12-23 00:00:00+00:00,36.24,36.8,36.03,36.35,35957954,1307251417.6699998
2025-12-24 00:00:00+00:00,35.17,36.175,34.95,36.16,37443756,1333512565.245
2025-12-26 00:00:00+00:00,36.17,36.49,35.85,36.2,28779396,1041166598.7899998
2025-12-29 00:00:00+00:00,36.01,36.795,35.82,36.68,38062295,1382660443.74375
2025-12-30 00:00:00+00:00,36.91,38.26,36.82,37.3,61935279,2311579450.4774995
2025-12-31 00:00:00+00:00,37.395,37.58,36.87,36.9,51524682,1916009706.0225
2026-01-02 00:00:00+00:00,37.77,39.86,37.76,39.38,95396447,3691127025.5474997
2026-01-05 00:00:00+00:00,41.59,42.1,39.27,39.37,96665355,3922921769.2875004
2026-01-06 00:00:00+00:00,39.86,40.31,38.95,40.04,66395138,2641862541.02
2026-01-07 00:00:00+00:00,40.18,44.57,40.12,42.63,166028381,6952438454.375
2026-01-08 00:00:00+00:00,42.62,43.34,40.68,41.11,88241955,3700646987.8125
2026-01-09 00:00:00+00:00,41.825,45.7265,41.57,45.55,186691417,8152417461.128874
2026-01-12 00:00:00+00:00,44.24,45.45,43.89,44.06,101989119,4529336774.79
2026-01-13 00:00:00+00:00,45.89,48.24,45.215,47.29,168656410,7869297270.0875
2026-01-14 00:00:00+00:00,48.95,49.0,47.42,48.72,148225796,7192286186.41
2026-01-15 00:00:00+00:00,49.35,50.39,47.825,48.32,132328902,6480311742.0675
2026-01-16 00:00:00+00:00,49.27,50.21,46.71,46.96,127314711,6147709107.4125
2026-01-20 00:00:00+00:00,47.3,50.23,47.0,48.56,150153031,7248262188.9475
2026-01-21 00:00:00+00:00,50.32,54.41,50.15,54.25,220565312,11531705924.64
2026-01-22 00:00:00+00:00,54.21,54.6,53.08,54.32,190066397,10273563923.842499
2026-01-23 00:00:00+00:00,46.86,48.13,44.45,45.07,294675401,13592639559.627499
2026-01-26 00:00:00+00:00,44.28,44.46,42.275,42.49,149407768,6480748696.710001
2026-01-27 00:00:00+00:00,43.97,44.53,43.099,43.93,121832221,5346271979.97725
2026-01-28 00:00:00+00:00,46.6,49.285,46.32,48.78,201995055,9644506394.793749
2026-01-29 00:00:00+00:00,47.56,48.77,46.99,48.66,124256563,5963693741.185
2026-01-30 00:00:00+00:00,48.975,49.5777,45.96,46.47,114920097,5486937602.330475
2026-02-02 00:00:00+00:00,45.63,49.84,45.5,48.81,101414583,4811614890.435
2026-02-03 00:00:00+00:00,50.055,51.49,48.43,49.25,122205136,6086579554.9
2026-02-04 00:00:00+00:00,49.54,49.698,47.0,48.6,128702304,6269024876.688
2026-02-05 00:00:00+00:00,47.59,50.86,46.785,48.24,114307769,5528923901.81875
2026-02-06 00:00:00+00:00,49.1,51.3,48.83,50.59,115600223,5774809139.965
2026-02-09 00:00:00+00:00,49.59,51.22,47.59,50.24,94841413,4709824569.58
2026-02-10 00:00:00+00:00,50.41,50.5393,46.765,47.13,99832891,4862967440.967824
2026-02-11 00:00:00+00:00,48.11,49.55,46.86,48.29,107681221,5190504055.2525
2026-02-12 00:00:00+00:00,47.8,48.95,46.19,46.48,88321152,4182448152.9599996
2026-02-13 00:00:00+00:00,45.76,47.69,44.97,46.79,69740424,3229155982.2599998
2026-02-17 00:00:00+00:00,45.93,46.8299,45.455,46.18,65802171,3033396185.331975
2026-02-18 00:00:00+00:00,45.915,46.77,44.88,45.46,65306065,2988160636.65625
2026-02-19 00:00:00+00:00,44.95,45.17,43.92,44.62,72724938,3248259355.7700005
2026-02-20 00:00:00+00:00,43.89,44.39,42.88,44.11,90743566,3976156203.2049994
2026-02-23 00:00:00+00:00,44.09,44.55,43.18,43.63,57130909,2505904496.0125
2026-02-24 00:00:00+00:00,44.095,46.6,43.54,46.12,98872271,4458027109.0512495
2026-02-25 00:00:00+00:00,46.09,46.97,45.08,46.88,75645295,3498973120.2249994
2026-02-26 00:00:00+00:00,46.77,46.95,44.39,45.46,71457507,3279363639.9975004
2026-02-27 00:00:00+00:00,44.46,46.56,44.4,45.61,79327248,3590152926.3600006
2026-03-02 00:00:00+00:00,44.2,45.81,43.95,45.5,60705104,2723534490.96
2026-03-03 00:00:00+00:00,43.44,43.685,42.14,43.1,83971029,3618416603.39625
2026-03-04 00:00:00+00:00,44.07,46.125,43.27,45.58,96628102,4325194630.6475
2026-03-05 00:00:00+00:00,44.87,46.48,44.7,45.95,78229421,3559438655.5
2026-03-06 00:00:00+00:00,44.67,45.18,43.28,43.42,74698310,3296996657.625
2026-03-09 00:00:00+00:00,42.74,45.76,41.64,45.58,82937382,3643439191.2599993
2026-03-10 00:00:00+00:00,45.41,47.875,45.41,46.78,85233306,3952161857.5875
2026-03-11 00:00:00+00:00,46.815,48.83,46.66,47.98,72480566,3447991125.3275
2026-03-12 00:00:00+00:00,47.4,47.435,45.17,45.25,85110211,3941773034.70125
2026-03-13 00:00:00+00:00,45.97,46.65,45.39,45.77,68386151,3142001707.695
2026-03-16 00:00:00+00:00,47.91,49.17,45.69,45.76,114199390,5382502749.174999
2026-03-17 00:00:00+00:00,46.08,46.08,43.91,44.06,89061571,4010665196.0575
2026-03-18 00:00:00+00:00,44.2,45.705,44.052,45.03,78056208,3492761625.324
2026-03-19 00:00:00+00:00,43.99,46.44,43.65,46.18,74051501,3337130892.5650005
2026-03-20 00:00:00+00:00,46.95,47.55,43.642,43.87,162814210,7408534997.63
2026-03-23 00:00:00+00:00,44.5,45.46,43.74,44.01,80772210,3588507359.775
2026-03-24 00:00:00+00:00,43.535,44.31,43.2,44.06,65323531,2859619223.9387503
2026-03-25 00:00:00+00:00,45.85,47.845,45.45,47.18,97467909,4540177036.10625
2026-03-26 00:00:00+00:00,46.295,46.6,43.915,44.1,82841371,3746708106.9025
2026-03-27 00:00:00+00:00,43.62,44.13,42.86,43.13,70002236,3040547120.6600003
2026-03-30 00:00:00+00:00,43.72,43.99,40.63,41.19,84596011,3585390436.2075
2026-03-31 00:00:00+00:00,41.95,44.23,41.6,44.13,95294892,4095536220.93
2026-04-01 00:00:00+00:00,45.0,48.77,44.98,48.03,129598509,6051602377.755
2026-04-02 00:00:00+00:00,46.06,50.49,46.04,50.38,117134237,5650848428.4725
2026-04-06 00:00:00+00:00,50.88,52.385,49.87,50.78,79978811,4077219811.2662497
2026-04-07 00:00:00+00:00,51.905,53.27,51.215,52.91,129543837,6778381271.025001
2026-04-08 00:00:00+00:00,55.365,59.17,54.8,58.95,184599933,10535348926.226248
2026-04-09 00:00:00+00:00,58.4,62.0799,58.39,61.72,155609887,9359541788.085325
2026-04-10 00:00:00+00:00,61.52,63.39,60.75,62.38,98624438,6115701400.38
2026-04-13 00:00:00+00:00,62.18,65.65,62.18,65.18,112110972,7152399736.170001
2026-04-14 00:00:00+00:00,65.16,65.18,62.089,63.81,112796097,7225689774.795751
2026-04-15 00:00:00+00:00,63.77,65.84,62.875,64.94,92051518,5924090505.2875
2026-04-16 00:00:00+00:00,64.93,68.61,64.272,68.5,108328309,7212282156.602
2026-04-17 00:00:00+00:00,68.85,70.325,67.735,68.5,118831534,8181848194.735001
2026-04-20 00:00:00+00:00,68.45,69.205,64.47,65.7,96851067,6484784254.818749
2026-04-21 00:00:00+00:00,67.14,67.67,65.64,66.26,91402314,6094477791.735
2026-04-22 00:00:00+00:00,67.935,68.77,64.98,65.27,90267286,6024325833.532499
2026-04-23 00:00:00+00:00,66.1,68.28,65.42,66.78,155141780,10339423928.100002
2026-04-24 00:00:00+00:00,82.2,85.22,79.62,82.54,281405214,23186382607.530003
2026-04-27 00:00:00+00:00,83.67,87.1,82.61,84.99,178820193,15126847176.3525
2026-04-28 00:00:00+00:00,81.28,84.59,80.8,84.52,147773466,12235273551.135
2026-04-29 00:00:00+00:00,86.135,94.95,85.87,94.75,235070906,21256580513.682503
2026-04-30 00:00:00+00:00,95.6,95.69,91.5,94.48,160597313,15147137068.877499
2026-05-01 00:00:00+00:00,93.2,100.45,92.61,99.62,158502811,15290766177.17
2026-05-04 00:00:00+00:00,99.18,99.82,95.6,95.78,119294030,11642500857.85
2026-05-05 00:00:00+00:00,100.505,110.48,100.08,108.15,198481963,20801654029.761253
2026-05-06 00:00:00+00:00,110.975,113.5,106.5801,113.01,157320083,17465089597.350822
2026-05-07 00:00:00+00:00,111.02,114.51,109.15,109.62,122699875,13628888615.625
2026-05-08 00:00:00+00:00,111.81,130.57,111.8,124.92,227681300,27270527707.5
2026-05-11 00:00:00+00:00,130.88,132.75,123.92,129.44,179486503,23198181796.4925
2026-05-12 00:00:00+00:00,124.36,127.79,115.0,120.61,172516514,21036663717.16
2026-05-13 00:00:00+00:00,124.1,125.0,116.41,120.29,115364423,14011009173.35
2026-05-14 00:00:00+00:00,114.66,118.57,113.17,115.93,118279791,13671073943.2575
2026-05-15 00:00:00+00:00,109.785,110.57,105.02,108.77,135205991,14674751240.67375
2026-05-18 00:00:00+00:00,113.47,115.54,103.85,108.17,145763995,16071573678.712502
2026-05-19 00:00:00+00:00,106.98,113.0699,102.4,110.8,150234892,16272312983.8777
2026-05-20 00:00:00+00:00,116.22,121.94,114.8,118.96,165086920,19476954821.6
2026-05-21 00:00:00+00:00,116.58,119.41,113.17,118.5,102452545,11978239298.675001
2026-05-22 00:00:00+00:00,120.34,122.78,118.09,119.84,82663024,9941261923.800001
2026-05-26 00:00:00+00:00,122.095,125.62,117.35,123.52,108167302,13212230311.9175
2026-05-27 00:00:00+00:00,124.39,125.27,117.0,121.77,93323344,11395480227.48
2026-05-28 00:00:00+00:00,121.445,123.08,116.31,120.89,97320987,11720488115.64375
2026-05-29 00:00:00+00:00,123.85,126.64,113.54,114.68,191676126,22939319569.365
2026-06-01 00:00:00+00:00,109.43,113.3,106.33,109.33,134900437,14784750644.1075
2026-06-02 00:00:00+00:00,107.45,109.0,104.17,107.93,106336209,11392595591.737501
2026-06-03 00:00:00+00:00,116.42,118.29,110.86,112.71,118928807,13625673417.99
2026-06-04 00:00:00+00:00,108.4,113.14,107.4801,111.78,77325824,8521307737.9456005
2026-06-05 00:00:00+00:00,106.48,106.48,98.33,99.17,145209405,14900663094.075
2026-06-08 00:00:00+00:00,111.0,112.54,106.66,110.27,136973898,15083223213.015001
2026-06-09 00:00:00+00:00,112.99,113.998,99.46,107.92,149623108,16247872543.935999
2026-06-10 00:00:00+00:00,106.03,111.5,104.92,107.04,122653462,13169608848.595001
2026-06-11 00:00:00+00:00,113.52,119.44,110.5118,116.96,188430320,21689827853.044
2026-06-12 00:00:00+00:00,117.415,127.6,115.33,124.57,151526758,18369399463.892498
2026-06-15 00:00:00+00:00,129.49,132.61,126.66,127.86,134507523,17372319133.065
2026-06-16 00:00:00+00:00,125.105,128.7,116.0,117.05,132962556,16183371300.345001
2026-06-17 00:00:00+00:00,121.85,125.2,118.06,121.1,115324920,14018032338.300001
2026-06-18 00:00:00+00:00,131.805,135.48,127.9,133.99,233906555,30944375310.531246
2026-06-22 00:00:00+00:00,139.12,141.45,136.21,140.94,127190553,17734178804.79
2026-06-23 00:00:00+00:00,129.73,137.98,128.3,132.28,132976743,17562570889.8675
2026-06-24 00:00:00+00:00,133.045,136.08,127.95,131.65,104591698,13825061381.2625
2026-06-25 00:00:00+00:00,139.73,140.72,125.41,132.87,123120247,16582142666.577501
2026-06-26 00:00:00+00:00,128.705,131.23,125.5,128.32,99475352,12776489866.69
2026-06-29 00:00:00+00:00,127.0,132.05,118.5,131.72,106805299,13598183655.432499
2026-06-30 00:00:00+00:00,131.99,142.35,131.5201,139.63,116996685,15955133350.079624
2026-07-01 00:00:00+00:00,135.0,135.7399,126.6805,127.02,113107246,14829502333.784601
2026-07-02 00:00:00+00:00,128.915,130.74,117.63,120.35,125021717,15553795534.82375
2026-07-06 00:00:00+00:00,122.57,127.3,121.52,122.2,86950209,10729438415.0775
2026-07-07 00:00:00+00:00,116.3,116.47,108.3,110.39,140405927,15846914950.855
2026-07-08 00:00:00+00:00,108.3,110.49,104.41,110.24,105488080,11430688348.8
2026-07-09 00:00:00+00:00,114.87,116.7699,111.51,112.54,99352457,11318477798.771076
2026-07-10 00:00:00+00:00,109.575,110.85,107.45,109.84,70846601,7752654989.178751
2026-07-13 00:00:00+00:00,105.98,106.17,101.79,103.12,100988772,10529594312.58
2026-07-14 00:00:00+00:00,107.98,109.19,103.5905,107.76,91129016,9762662875.207
2026-07-15 00:00:00+00:00,109.3,109.61,99.2,102.99,120625478,12698847196.45
2026-07-16 00:00:00+00:00,101.14,101.88,95.48,96.98,107742913,10652541808.310001
2026-07-17 00:00:00+00:00,92.14,98.05,89.59,95.04,126779308,11879855056.14
2026-07-20 00:00:00+00:00,97.58,100.98,96.92,97.06,89741378,8806770130.03
2026-07-21 00:00:00+00:00,103.19,106.34,101.22,105.45,105429373,10969926260.65
2026-07-22 00:00:00+00:00,101.545,106.85,101.48,102.62,78431041,8088103064.3237505
2026-07-23 00:00:00+00:00,101.14,104.18,99.235,100.23,140806900,14249130254.125
2026-07-24 00:00:00+00:00,100.36,101.74,91.58,92.32,181132891,17479323981.5
2026-07-27 00:00:00+00:00,92.46,94.98,86.94,91.67,133247260,12193789880.75
2026-07-28 00:00:00+00:00,86.62,88.2799,83.1,86.3,154346670,13285385761.583252
