timestamps,open,high,low,close,volume,amount
2016-01-04 00:00:00+00:00,30.153669,30.324082,29.888582,30.248343,39406647,1188254990.037843
2016-01-05 00:00:00+00:00,30.466093,30.527631,30.229408,30.466093,28839636,877368238.530525
2016-01-06 00:00:00+00:00,30.04006,30.196272,29.746571,29.926451,27300610,818399627.226485
2016-01-07 00:00:00+00:00,29.500418,30.115799,29.481484,29.727636,39307112,1167670207.474186
2016-01-08 00:00:00+00:00,29.869647,29.940653,29.273201,29.34894,34914882,1033763675.6217405
2016-01-11 00:00:00+00:00,29.490951,29.538288,29.008114,29.415212,40805043,1198164241.3213236
2016-01-12 00:00:00+00:00,29.708701,29.82231,29.08764,29.34894,41014622,1209599038.2789004
2016-01-13 00:00:00+00:00,29.424679,29.614027,28.65782,28.752494,42854402,1247588278.8965101
2016-01-14 00:00:00+00:00,28.771429,29.746571,28.771429,29.453081,40689977,1187562511.7055674
2016-01-15 00:00:00+00:00,28.596282,29.178527,28.591548,29.169059,49404802,1427001087.866908
2016-01-19 00:00:00+00:00,29.462549,29.56669,28.714624,29.055451,34582112,1009791739.567792
2016-01-20 00:00:00+00:00,28.601015,29.415212,28.459004,29.027048,52253880,1508860556.6481302
2016-01-21 00:00:00+00:00,28.979711,29.254266,28.885037,28.951309,38611063,1120399638.4458373
2016-01-22 00:00:00+00:00,29.34894,29.585625,29.036516,29.074385,33213345,971867860.7359425
2016-01-25 00:00:00+00:00,29.187994,29.263733,28.799831,28.87557,30378179,881932670.284978
2016-01-26 00:00:00+00:00,28.885037,29.112255,28.719358,29.036516,27419389,793470271.6338935
2016-01-27 00:00:00+00:00,29.074385,29.358407,28.705157,28.894505,30123427,873823789.4249644
2016-01-28 00:00:00+00:00,29.064918,29.074385,28.009303,28.591548,51530000,1478140033.905
2016-01-29 00:00:00+00:00,28.761961,28.866103,28.326461,28.866103,59922269,1720078139.4412327
2016-02-01 00:00:00+00:00,28.724092,28.780896,28.222319,28.563146,50143921,1432742861.5715532
2016-02-02 00:00:00+00:00,28.023504,28.724092,27.976167,28.534744,50924369,1441904500.7142708
2016-02-03 00:00:00+00:00,28.316993,28.468472,27.588004,28.089776,47504799,1335635962.1531887
2016-02-04 00:00:00+00:00,27.909895,28.014037,27.209308,27.45546,60137528,1662632760.6834002
2016-02-05 00:00:00+00:00,27.450726,27.848357,27.303982,27.483862,41121746,1131741662.5036356
2016-02-08 00:00:00+00:00,27.152503,27.436525,26.745405,27.038894,50189587,1359803130.9864874
2016-02-09 00:00:00+00:00,26.953688,27.644808,26.830612,27.550134,60343678,1644052071.9830189
2016-02-10 00:00:00+00:00,27.767884,28.307526,27.748949,27.919363,47222207,1319196292.8086135
2016-02-11 00:00:00+00:00,27.464927,27.777352,27.351319,27.578536,41870154,1153231054.272159
2016-02-12 00:00:00+00:00,27.692145,27.815221,27.436525,27.796286,34373926,951643662.3562255
2016-02-16 00:00:00+00:00,27.976167,28.250722,27.881493,28.222319,34402837,966123699.1496843
2016-02-17 00:00:00+00:00,28.421135,28.468472,28.01735,28.051906,41312544,1166654499.469368
2016-02-18 00:00:00+00:00,28.231787,28.44007,27.89096,27.976167,50897706,1431994030.292676
2016-02-19 00:00:00+00:00,28.023504,28.070841,27.62114,27.919363,41959628,1171039173.479136
2016-02-22 00:00:00+00:00,28.165515,28.468472,28.070841,28.449537,41547217,1175312239.2880511
2016-02-23 00:00:00+00:00,28.459004,28.761961,28.350129,28.36433,33769209,961877286.389904
2016-02-24 00:00:00+00:00,28.222319,28.477939,27.947765,28.421135,33393548,943945088.7481459
2016-02-25 00:00:00+00:00,28.496874,29.055451,28.421135,28.960777,54967662,1579416572.9109735
2016-02-26 00:00:00+00:00,29.140657,29.254266,28.421135,28.61995,45340901,1308493152.640802
2016-02-29 00:00:00+00:00,28.468472,28.572613,27.995102,28.089776,37171270,1051258928.6707525
2016-03-01 00:00:00+00:00,28.203385,28.487407,28.042439,28.44007,33185100,938916827.7537751
2016-03-02 00:00:00+00:00,28.515809,28.553678,28.165515,28.383265,36217151,1028732483.0743293
2016-03-03 00:00:00+00:00,28.288591,28.4022,28.004569,28.298059,38965202,1100702849.0014095
2016-03-04 00:00:00+00:00,28.298059,28.345396,27.957232,28.127645,38910991,1096592777.9742532
2016-03-07 00:00:00+00:00,27.976167,28.222319,27.758417,28.203385,34007568,953574655.264896
2016-03-08 00:00:00+00:00,28.165515,28.165515,27.796286,27.796286,34640835,969281757.3719174
2016-03-09 00:00:00+00:00,28.137113,28.260189,27.853091,28.156048,81228140,2282641531.612435
2016-03-10 00:00:00+00:00,28.316993,28.326461,27.957232,28.014037,61395321,1728504266.9777708
2016-03-11 00:00:00+00:00,28.193917,28.87557,28.14658,28.87557,63774770,1819041977.1496224
2016-03-14 00:00:00+00:00,28.629418,28.724092,28.354863,28.496874,49395063,1410293842.6238902
2016-03-15 00:00:00+00:00,28.288591,28.331195,27.739482,27.9667,57745690,1621585131.76948
2016-03-16 00:00:00+00:00,27.947765,27.947765,27.32765,27.49333,96357363,2667087736.0407825
2016-03-17 00:00:00+00:00,27.569069,27.999835,27.209308,27.777352,70634401,1952256510.089291
2016-03-18 00:00:00+00:00,27.92883,28.070841,27.616406,27.881493,86512580,2411485611.10765
2016-03-21 00:00:00+00:00,27.881493,28.515809,27.872026,28.468472,37203759,1048567485.3475499
2016-03-22 00:00:00+00:00,28.430602,28.932374,28.298059,28.761961,42972463,1229259490.4897869
2016-03-23 00:00:00+00:00,28.809298,28.979711,28.496874,28.582081,43077711,1237062239.087601
2016-03-24 00:00:00+00:00,28.534744,28.662553,28.288591,28.477939,33741778,961335537.6661016
2016-03-28 00:00:00+00:00,28.487407,28.610483,28.156048,28.193917,32920844,933699784.147405
2016-03-29 00:00:00+00:00,28.231787,28.582081,28.127645,28.449537,36542498,1035898054.4607251
2016-03-30 00:00:00+00:00,28.553678,28.601015,28.411667,28.468472,33896956,966358420.692848
2016-03-31 00:00:00+00:00,28.496874,28.562199,27.938297,28.061374,59989882,1695595177.9070518
2016-04-01 00:00:00+00:00,27.900428,28.563146,27.843623,28.44007,51084437,1439907664.4959197
2016-04-04 00:00:00+00:00,28.487407,29.112255,28.459004,29.083853,54879837,1579750668.622351
2016-04-05 00:00:00+00:00,29.547755,30.058995,28.946576,29.689766,300471147,8882159369.51663
2016-04-06 00:00:00+00:00,29.86018,31.24242,29.850712,31.176148,158856718,4850271296.67807
2016-04-07 00:00:00+00:00,30.816387,31.318159,30.76905,31.015202,64830862,2008440623.085969
2016-04-08 00:00:00+00:00,31.090942,31.147746,30.560767,30.76905,55717006,1721216783.6240072
2016-04-11 00:00:00+00:00,30.73118,30.830588,30.172604,30.191539,87923589,2680040921.803645
2016-04-12 00:00:00+00:00,30.201006,30.428224,30.106332,30.25781,45275663,1369513783.976409
2016-04-13 00:00:00+00:00,30.380887,30.873191,30.267278,30.80692,38511462,1177760188.1748781
2016-04-14 00:00:00+00:00,30.750115,31.034137,30.608104,30.911061,33754582,1040513825.0016736
2016-04-15 00:00:00+00:00,30.911061,31.038871,30.579702,30.76905,37258721,1148487816.705791
2016-04-18 00:00:00+00:00,30.579702,31.109876,30.570235,30.873191,39080778,1203033398.4492779
2016-04-19 00:00:00+00:00,31.053072,31.431768,30.996268,31.138279,30019146,935241893.1958755
2016-04-20 00:00:00+00:00,31.100409,31.621116,31.100409,31.46017,37060712,1160760993.774512
2016-04-21 00:00:00+00:00,31.299224,31.696855,31.28029,31.469638,36102408,1134933412.271214
2016-04-22 00:00:00+00:00,31.479105,31.71579,31.308692,31.49804,27607707,869653999.9348223
2016-04-25 00:00:00+00:00,31.365496,31.49804,31.24242,31.441235,25624288,804264344.9437519
2016-04-26 00:00:00+00:00,31.431768,31.554844,31.166681,31.289757,30358145,952054575.2855625
2016-04-27 00:00:00+00:00,31.223485,31.441235,31.147746,31.24242,27562454,861704885.712561
2016-04-28 00:00:00+00:00,31.214018,31.412833,31.001475,31.157213,34893499,1088551020.0777402
2016-04-29 00:00:00+00:00,31.119344,31.195083,30.702778,30.967865,36138346,1120153839.6235552
2016-05-02 00:00:00+00:00,30.825854,31.24242,30.76905,31.053072,40208307,1245355769.179893
2016-05-03 00:00:00+00:00,31.857801,32.160758,31.479105,31.905138,75557787,2406568444.179794
2016-05-04 00:00:00+00:00,31.905138,32.094486,31.554844,31.621116,38102747,1211434775.432312
2016-05-05 00:00:00+00:00,31.592714,31.928807,31.526442,31.782062,25101040,795891382.6815
2016-05-06 00:00:00+00:00,31.602181,31.800997,31.431768,31.791529,24474485,774779440.7475938
2016-05-09 00:00:00+00:00,31.75366,32.146557,31.734725,32.018747,33253818,1061243135.2586504
2016-05-10 00:00:00+00:00,32.028214,32.066084,31.696855,31.999812,26181471,836438861.0523788
2016-05-11 00:00:00+00:00,31.67792,31.772594,31.384431,31.393898,32105955,1013174388.2650163
2016-05-12 00:00:00+00:00,31.450703,31.512241,31.166681,31.422301,26803771,841316268.2782365
2016-05-13 00:00:00+00:00,31.554844,31.668453,31.37023,31.422301,21668739,682651021.700223
2016-05-16 00:00:00+00:00,31.176148,31.649518,31.062539,31.602181,23288964,730635270.475026
2016-05-17 00:00:00+00:00,31.49804,31.564312,31.166681,31.270822,33246197,1043098225.7003587
2016-05-18 00:00:00+00:00,31.251887,31.602181,31.214018,31.403366,21079870,661230474.21781
2016-05-19 00:00:00+00:00,31.393898,31.649518,31.20455,31.602181,28155926,885856856.5052805
2016-05-20 00:00:00+00:00,31.696855,32.094486,31.668453,31.943008,36515961,1163058937.2806807
2016-05-23 00:00:00+00:00,32.028214,32.103953,31.857801,31.876736,25180638,804941296.419288
2016-05-24 00:00:00+00:00,31.895671,32.359573,31.895671,32.283834,29954798,961809240.6189256
2016-05-25 00:00:00+00:00,32.302769,32.567856,32.255432,32.520519,22220122,720190683.9005679
2016-05-26 00:00:00+00:00,32.435312,32.804541,32.435312,32.596258,26713347,869996431.6956954
2016-05-27 00:00:00+00:00,32.548921,32.899215,32.548921,32.766671,21615232,706622079.4762241
2016-05-31 00:00:00+00:00,32.823476,32.899215,32.548921,32.851878,34621206,1134913339.682235
2016-06-01 00:00:00+00:00,32.804541,33.074362,32.776139,32.899215,24413375,802920852.2468438
2016-06-02 00:00:00+00:00,32.851878,33.126433,32.681465,33.012824,31875780,1049291707.407
2016-06-03 00:00:00+00:00,33.012824,33.022291,32.615193,32.842411,28438333,934858432.4993567
2016-06-06 00:00:00+00:00,32.851878,33.126433,32.776139,33.069628,21572914,710957374.455823
2016-06-07 00:00:00+00:00,33.050693,33.126433,32.899215,32.984422,24829962,819765931.7452515
2016-06-08 00:00:00+00:00,32.91815,33.448324,32.823476,33.372585,23753945,787220791.3626437
2016-06-09 00:00:00+00:00,33.183237,33.60927,33.164302,33.429389,25494608,850157207.6550958
2016-06-10 00:00:00+00:00,33.240041,33.505129,33.154835,33.410455,21691750,722934292.6762499
2016-06-13 00:00:00+00:00,33.154835,33.277911,32.851878,32.889748,31362979,1036345513.343547
2016-06-14 00:00:00+00:00,32.757204,33.164302,32.738269,33.126433,33481966,1103115333.8812318
2016-06-15 00:00:00+00:00,33.145367,33.315781,32.804541,32.937085,21418491,707895981.2735085
2016-06-16 00:00:00+00:00,32.832943,32.937085,32.586791,32.899215,23590985,774114782.3133725
2016-06-17 00:00:00+00:00,32.927617,32.956019,32.241231,32.397443,35499255,1158361191.4697626
2016-06-20 00:00:00+00:00,32.643595,32.851878,32.359573,32.66253,23865872,778728940.641568
2016-06-21 00:00:00+00:00,32.671997,33.022291,32.671997,32.899215,26783144,878925697.183
2016-06-22 00:00:00+00:00,32.889748,33.085155,32.577323,32.634128,26572345,871482264.4450325
2016-06-23 00:00:00+00:00,32.851878,32.889748,32.473182,32.747737,25165047,823919650.0411538
2016-06-24 00:00:00+00:00,32.009279,32.615193,31.943008,32.160758,46475508,1495677563.7487257
2016-06-27 00:00:00+00:00,31.999812,32.170225,31.744192,31.999812,31525744,1008146327.642876
2016-06-28 00:00:00+00:00,32.331171,32.634128,32.108687,32.605726,25122257,814461763.137496
2016-06-29 00:00:00+00:00,32.776139,33.277911,32.728802,33.145367,26262891,866204108.8552823
2016-06-30 00:00:00+00:00,33.268444,33.39152,33.079096,33.334715,28512364,948561977.9135251
2016-07-01 00:00:00+00:00,33.277911,33.751281,33.244775,33.675542,20414936,683642663.366606
2016-07-05 00:00:00+00:00,33.64714,34.006901,33.561933,33.902759,22019927,743826159.2481228
2016-07-06 00:00:00+00:00,33.912227,33.987966,33.495661,33.950096,27285226,923236208.4836751
2016-07-07 00:00:00+00:00,33.883825,34.016368,33.661341,33.86489,19121904,647402769.697824
2016-07-08 00:00:00+00:00,33.969031,34.262521,33.798618,34.196249,18793060,640027816.463035
2016-07-11 00:00:00+00:00,34.148912,34.413999,34.111042,34.224651,17444146,597019808.8430461
2016-07-12 00:00:00+00:00,34.224651,34.366662,34.111042,34.309858,17102919,585827195.2374368
2016-07-13 00:00:00+00:00,34.347727,34.489738,34.281455,34.376129,14642762,503326819.6713345
2016-07-14 00:00:00+00:00,34.546543,34.99151,34.319325,34.953641,29217512,1013928153.3411819
2016-07-15 00:00:00+00:00,35.000978,35.209261,34.679086,34.81163,26501986,925588188.3991574
2016-07-18 00:00:00+00:00,34.735891,35.019913,34.603347,34.688554,17865690,621045798.1853626
2016-07-19 00:00:00+00:00,34.698021,34.906304,34.603347,34.688554,17652691,612973039.6610414
2016-07-20 00:00:00+00:00,34.934706,34.963108,34.726423,34.726423,12964791,451663045.653015
2016-07-21 00:00:00+00:00,34.716956,34.858967,34.574945,34.754825,13955984,484641407.25422794
2016-07-22 00:00:00+00:00,34.840032,34.877902,34.726423,34.783228,14239927,495647661.6965738
2016-07-25 00:00:00+00:00,34.840032,34.877902,34.565477,34.821097,12860726,447246240.688202
2016-07-26 00:00:00+00:00,34.868434,34.906304,34.698021,34.868434,12801305,445937277.6642163
2016-07-27 00:00:00+00:00,34.792695,34.953641,34.698021,34.887369,15911443,554242204.0851545
2016-07-28 00:00:00+00:00,34.915771,34.944173,34.55601,34.716956,17171508,597280469.28207
2016-07-29 00:00:00+00:00,34.726423,34.982043,34.698021,34.925239,22724114,791547506.3601909
2016-08-01 00:00:00+00:00,35.048315,35.398609,35.010445,35.322869,29975086,1054974935.287617
2016-08-02 00:00:00+00:00,34.802162,34.858967,34.205716,34.451869,34989269,1209917672.9700165
2016-08-03 00:00:00+00:00,33.997433,34.035303,33.192704,33.410455,45037344,1515910779.46572
2016-08-04 00:00:00+00:00,33.60927,33.628205,33.277911,33.277911,26539284,887694576.594837
2016-08-05 00:00:00+00:00,33.505129,33.637672,33.344183,33.552466,28726371,962616742.3339874
2016-08-08 00:00:00+00:00,33.400987,33.400987,32.861345,33.069628,32258586,1070444296.4582355
2016-08-09 00:00:00+00:00,33.107498,33.415188,33.041226,33.211639,18093025,600577840.9079436
2016-08-10 00:00:00+00:00,33.296846,33.306313,33.050693,33.258976,14919193,495738033.27695096
2016-08-11 00:00:00+00:00,33.258976,33.400987,33.230574,33.277911,14137012,470650986.849344
2016-08-12 00:00:00+00:00,33.183237,33.240041,32.899215,33.116965,15874649,525607477.3750605
2016-08-15 00:00:00+00:00,33.183237,33.296846,33.069628,33.240041,13049025,433194198.39795
2016-08-16 00:00:00+00:00,33.088563,33.211639,32.91815,32.937085,15978349,527906423.6583783
2016-08-17 00:00:00+00:00,32.899215,33.277911,32.899215,33.268444,17999548,595536577.539295
2016-08-18 00:00:00+00:00,33.268444,33.476726,33.126433,33.315781,17038786,567337833.468956
2016-08-19 00:00:00+00:00,33.192704,33.249509,32.970221,33.116965,20668949,684810847.2329128
2016-08-22 00:00:00+00:00,32.946552,33.400987,32.908682,32.984422,27507490,909402041.2290175
2016-08-23 00:00:00+00:00,33.1359,33.39152,33.050693,33.221107,17911897,594671487.5800849
2016-08-24 00:00:00+00:00,33.35365,33.495661,32.908682,32.965487,23805995,789903625.31565
2016-08-25 00:00:00+00:00,32.909629,33.315781,32.814008,32.91815,19123922,630886559.4354241
2016-08-26 00:00:00+00:00,32.946552,33.230574,32.814008,32.965487,19827999,654108937.3078446
2016-08-29 00:00:00+00:00,33.079096,33.296846,32.960753,33.240041,15975753,529503296.970552
2016-08-30 00:00:00+00:00,33.240041,33.306313,32.993889,33.022291,15307456,507298789.113376
2016-08-31 00:00:00+00:00,33.031759,33.079096,32.766671,32.946552,21966550,723930050.1477249
2016-09-01 00:00:00+00:00,32.88028,33.079096,32.766671,32.832943,16816818,553100897.773455
2016-09-02 00:00:00+00:00,32.927617,32.984422,32.766671,32.91815,15247955,501645749.855325
2016-09-06 00:00:00+00:00,33.022291,33.126433,32.899215,32.91815,17920298,591217910.1936306
2016-09-07 00:00:00+00:00,32.870813,33.031759,32.832943,32.984422,15649006,515321521.1081554
2016-09-08 00:00:00+00:00,32.861345,32.956019,32.776139,32.870813,19257357,632913816.4932029
2016-09-09 00:00:00+00:00,32.709867,32.747737,32.274367,32.283834,23645566,768574324.5426575
2016-09-12 00:00:00+00:00,32.18916,32.88028,32.132356,32.804541,20516530,666819728.3126525
2016-09-13 00:00:00+00:00,32.605726,32.605726,32.047149,32.22703,21925340,709754121.1973851
2016-09-14 00:00:00+00:00,32.302769,32.520519,32.056616,32.132356,19967622,644017010.2614299
2016-09-15 00:00:00+00:00,32.085019,32.501584,31.763127,32.321704,22026051,708530891.8817834
2016-09-16 00:00:00+00:00,32.369041,32.397443,32.028214,32.132356,27056540,872079998.40829
2016-09-19 00:00:00+00:00,32.179693,32.217562,31.800997,31.857801,18529112,593191237.0787339
2016-09-20 00:00:00+00:00,32.037682,32.132356,31.810464,32.009279,14907202,476992379.82569045
2016-09-21 00:00:00+00:00,32.094486,32.501584,31.943008,32.454247,16432593,529923702.36043125
2016-09-22 00:00:00+00:00,32.501584,32.596258,32.255432,32.331171,17678980,573172177.3665249
2016-09-23 00:00:00+00:00,32.340638,32.539454,32.198627,32.435312,13664893,442448843.9034207
2016-09-26 00:00:00+00:00,32.113421,32.198627,31.640051,31.848334,31186632,996416268.352914
2016-09-27 00:00:00+00:00,31.980877,32.075551,31.696855,32.028214,16488777,526740152.1897923
2016-09-28 00:00:00+00:00,32.094486,32.18916,31.895671,32.179693,15112658,484961454.83714503
2016-09-29 00:00:00+00:00,32.132356,32.255432,31.526442,31.545377,26452870,842918103.5555226
2016-09-30 00:00:00+00:00,31.658986,32.208095,31.621116,32.066084,30202562,963116520.0669805
2016-10-03 00:00:00+00:00,31.914605,31.93354,31.602181,31.886203,18902759,601752929.8958777
2016-10-04 00:00:00+00:00,31.819931,32.09922,31.725257,31.924073,22076947,704080648.4768767
2016-10-05 00:00:00+00:00,31.961942,32.170225,31.886203,32.094486,14729842,471770531.7621881
2016-10-06 00:00:00+00:00,31.980877,31.999812,31.687388,31.857801,16845797,537068763.2586914
2016-10-07 00:00:00+00:00,31.905138,32.18916,31.640051,31.772594,15653406,498979486.64946455
2016-10-10 00:00:00+00:00,31.857801,32.037682,31.782062,31.819931,17305342,551596856.579198
2016-10-11 00:00:00+00:00,31.772594,31.782062,31.185616,31.365496,18307164,577159744.030488
2016-10-12 00:00:00+00:00,31.374964,31.474371,31.185616,31.308692,15990413,501074154.6236397
2016-10-13 00:00:00+00:00,30.835322,31.147746,30.787985,31.015202,25542693,790458577.2711787
2016-10-14 00:00:00+00:00,30.9868,31.147746,30.920528,30.920528,16445210,509701202.44160503
2016-10-17 00:00:00+00:00,30.844789,30.967865,30.750115,30.76905,17875518,551155037.6268104
2016-10-18 00:00:00+00:00,30.996268,31.118397,30.873191,30.948931,15657546,485136485.88617545
2016-10-19 00:00:00+00:00,31.005735,31.095675,30.759583,30.863724,17284355,534625482.7256338
2016-10-20 00:00:00+00:00,30.873191,30.991534,30.759583,30.80692,20377678,628810454.832146
2016-10-21 00:00:00+00:00,30.636506,30.721713,30.466093,30.466093,19894544,608227960.76258
2016-10-24 00:00:00+00:00,30.579702,30.636506,30.343017,30.418756,20688229,630877100.9714123
2016-10-25 00:00:00+00:00,30.314615,30.645974,30.281479,30.560767,20423829,621920068.4388038
2016-10-26 00:00:00+00:00,30.560767,30.863724,30.437691,30.674376,18064790,553399296.898205
2016-10-27 00:00:00+00:00,30.863724,31.062539,30.645974,30.750115,19279883,594410129.4612039
2016-10-28 00:00:00+00:00,30.787985,30.825854,30.182071,30.229408,30112439,918619986.1826504
2016-10-31 00:00:00+00:00,30.305147,30.33355,29.926451,30.021125,37971802,1144719520.5684865
2016-11-01 00:00:00+00:00,29.292136,30.030593,29.112255,29.415212,57407649,1691375671.637301
2016-11-02 00:00:00+00:00,29.339473,29.38681,28.743026,28.998646,38114497,1109779380.360909
2016-11-03 00:00:00+00:00,29.064918,29.064918,28.241254,28.298059,38372959,1100048638.2854726
2016-11-04 00:00:00+00:00,28.316993,28.752494,28.307526,28.4022,36998786,1052423188.2588545
2016-11-07 00:00:00+00:00,28.61995,28.818766,28.477939,28.761961,32614543,935047663.1781219
2016-11-08 00:00:00+00:00,28.525276,28.828233,28.36433,28.449537,37445658,1068768129.113352
2016-11-09 00:00:00+00:00,31.251887,31.592714,29.82231,30.409289,125434404,3859497448.3962
2016-11-10 00:00:00+00:00,31.545377,32.028214,31.100409,31.706323,71059852,2245141762.023049
2016-11-11 00:00:00+00:00,31.450703,31.564312,30.475561,30.854257,37817763,1175610856.1671448
2016-11-14 00:00:00+00:00,31.147746,31.147746,30.418756,30.655441,32288011,995840468.8746448
2016-11-15 00:00:00+00:00,30.977333,31.015202,30.182071,30.51343,31280265,959428569.602385
2016-11-16 00:00:00+00:00,30.532365,30.608104,30.229408,30.25781,23915290,727190351.6585575
2016-11-17 00:00:00+00:00,30.305147,30.409289,29.992723,30.04006,27561414,831991023.0519165
2016-11-18 00:00:00+00:00,30.248343,30.248343,29.765506,29.803375,25515375,765879491.6481563
2016-11-21 00:00:00+00:00,29.831777,30.002191,29.812843,29.888582,23103237,690413628.5917852
2016-11-22 00:00:00+00:00,30.172604,30.286213,29.396277,29.661364,27921973,834283828.3329085
2016-11-23 00:00:00+00:00,29.519353,29.774973,28.998646,29.746571,22467007,662998809.7144502
2016-11-25 00:00:00+00:00,29.973788,30.049528,29.869647,30.002191,11040991,330940329.0644035
2016-11-28 00:00:00+00:00,30.002191,30.139468,29.82231,29.86018,18732862,561162311.8711095
2016-11-29 00:00:00+00:00,30.153669,30.267278,29.926451,30.219941,22859723,689033993.0967742
2016-11-30 00:00:00+00:00,30.276745,30.64124,30.058995,30.428224,40686445,1234886538.814945
2016-12-01 00:00:00+00:00,30.532365,30.532365,29.727636,29.78444,32328211,974508106.5185165
2016-12-02 00:00:00+00:00,29.86018,30.04006,29.689766,29.945386,20077147,599982409.221656
2016-12-05 00:00:00+00:00,30.049528,30.074806,29.718169,29.907517,20386091,610308701.242955
2016-12-06 00:00:00+00:00,29.964321,30.011658,29.756038,29.879114,18702923,559269443.2589782
2016-12-07 00:00:00+00:00,29.642429,29.661364,28.974978,29.528821,46531967,1370454745.823366
2016-12-08 00:00:00+00:00,29.187994,29.443614,28.885037,29.292136,37489712,1094781889.690268
2016-12-09 00:00:00+00:00,29.453081,30.219941,29.434147,30.011658,31002010,923230766.4605675
2016-12-12 00:00:00+00:00,30.011658,30.911061,29.973788,30.674376,34070283,1035488597.0924722
2016-12-13 00:00:00+00:00,31.062539,31.128811,30.825854,31.081474,30378245,942475011.1150274
2016-12-14 00:00:00+00:00,31.166681,31.526442,30.901594,31.072007,38391816,1196545482.282696
2016-12-15 00:00:00+00:00,30.892126,31.199817,30.863724,31.005735,22051589,683386472.1919445
2016-12-16 00:00:00+00:00,31.128811,31.185616,30.787985,31.090942,39699779,1232612176.7671914
2016-12-19 00:00:00+00:00,31.053072,31.214018,30.977333,31.081474,26333237,818475827.7346473
2016-12-20 00:00:00+00:00,31.034137,31.128811,30.835322,31.100409,26484873,821684438.1956918
2016-12-21 00:00:00+00:00,30.9868,31.176148,30.608104,30.674376,19793942,610867910.4992939
2016-12-22 00:00:00+00:00,30.570235,30.702778,30.343017,30.617572,19660451,600791935.6686255
2016-12-23 00:00:00+00:00,30.683843,30.825854,30.636506,30.750115,11412282,350631859.444419
2016-12-27 00:00:00+00:00,30.835322,30.977333,30.750115,30.797452,11851645,365505389.5662975
2016-12-28 00:00:00+00:00,30.76905,30.948931,30.617572,30.627039,14722896,452591363.476608
2016-12-29 00:00:00+00:00,30.712246,30.882659,30.645974,30.759583,14858954,456914551.709187
2016-12-30 00:00:00+00:00,30.617572,30.863724,30.589169,30.750115,19927982,611891576.86739
2017-01-03 00:00:00+00:00,30.958398,31.24242,30.854257,31.24242,23441952,728443977.87756
2017-01-04 00:00:00+00:00,31.365496,31.573779,31.270822,31.516975,22802687,716728767.560616
2017-01-05 00:00:00+00:00,31.592714,31.895671,31.356029,31.819931,21128679,669062571.5625638
2017-01-06 00:00:00+00:00,31.867268,31.905138,31.564312,31.696855,18457647,586185211.8956828
2017-01-09 00:00:00+00:00,31.649518,31.876736,31.602181,31.687388,21606039,684996904.3887743
2017-01-10 00:00:00+00:00,31.800997,31.867268,31.545377,31.658986,20488553,649859140.7568209
2017-01-11 00:00:00+00:00,31.67792,31.75366,30.674376,31.081474,42714379,1336825832.7639923
2017-01-12 00:00:00+00:00,30.797452,30.882659,30.579702,30.863724,33547597,1032624700.1226473
2017-01-13 00:00:00+00:00,30.929996,31.034137,30.608104,30.787985,21432691,660985379.9543505
2017-01-17 00:00:00+00:00,30.627039,30.655441,30.087397,30.352484,33910601,1031919604.1622403
2017-01-18 00:00:00+00:00,30.380887,30.556033,30.248343,30.324082,22677538,688883197.1481525
2017-01-19 00:00:00+00:00,30.352484,30.380887,29.850712,30.011658,27614891,832559560.6948078
2017-01-20 00:00:00+00:00,30.030593,30.409289,29.973788,30.07793,31856364,959606067.1356
2017-01-23 00:00:00+00:00,29.992723,30.125267,29.765506,29.78444,26153923,782446495.9282321
2017-01-24 00:00:00+00:00,29.727636,29.78444,29.254266,29.490951,31292029,925127660.5043743
2017-01-25 00:00:00+00:00,29.689766,29.841245,29.443614,29.623495,33977903,1007428854.33559
2017-01-26 00:00:00+00:00,29.727636,29.793908,29.538288,29.614027,28714803,851924120.6086942
2017-01-27 00:00:00+00:00,29.793908,29.86018,29.595092,29.746571,25407971,755860147.6328052
2017-01-30 00:00:00+00:00,29.793908,29.82231,29.405744,29.642429,29009906,860610707.1143115
2017-01-31 00:00:00+00:00,29.358407,30.229408,29.286739,30.04006,39556836,1175971471.000326
2017-02-01 00:00:00+00:00,29.831777,30.002191,29.595092,29.983256,30096182,898463698.8443779
2017-02-02 00:00:00+00:00,29.793908,30.04006,29.651897,30.04006,24687135,737688161.6187187
2017-02-03 00:00:00+00:00,30.343017,30.522898,30.219941,30.380887,38016481,1154434531.8478458
2017-02-06 00:00:00+00:00,30.29568,30.608104,30.238876,30.51343,25914586,788166801.682185
2017-02-07 00:00:00+00:00,30.598637,30.627039,30.238876,30.371419,24834701,756439977.7074177
2017-02-08 00:00:00+00:00,30.219941,30.622305,30.219941,30.428224,20237942,614678972.8435404
2017-02-09 00:00:00+00:00,30.541832,30.80692,30.51343,30.655441,25156165,770518384.8989488
2017-02-10 00:00:00+00:00,30.683843,30.721713,30.51343,30.627039,23139581,708915917.9288813
2017-02-13 00:00:00+00:00,30.712246,30.948931,30.712246,30.873191,21780131,671081849.5566084
2017-02-14 00:00:00+00:00,30.797452,31.02467,30.627039,31.005735,24257294,748670427.002856
2017-02-15 00:00:00+00:00,31.034137,31.791529,30.944197,31.725257,48138335,1510281531.8563
2017-02-16 00:00:00+00:00,31.668453,32.080285,31.450703,31.829399,40488729,1285809069.48609
2017-02-17 00:00:00+00:00,31.800997,32.085019,31.744192,31.829399,36961263,1177767014.0509102
2017-02-21 00:00:00+00:00,31.783009,31.999812,31.696855,31.829399,25445995,809876521.4761562
2017-02-22 00:00:00+00:00,31.782062,31.952475,31.479105,31.800997,28737878,912532799.9490105
2017-02-23 00:00:00+00:00,31.905138,32.302769,31.791529,32.245964,32191656,1032107950.0956001
2017-02-24 00:00:00+00:00,32.350106,32.520519,32.179693,32.435312,26102154,844963463.7617549
2017-02-27 00:00:00+00:00,32.359573,32.62466,32.340638,32.454247,23058372,748123795.1689739
2017-02-28 00:00:00+00:00,32.283834,32.439099,32.103953,32.302769,29026665,937050809.3126439
2017-03-01 00:00:00+00:00,32.44478,32.690932,32.236497,32.586791,34107811,1108154252.4372501
2017-03-02 00:00:00+00:00,32.62466,32.899215,32.586791,32.671997,27010713,883133243.9171798
2017-03-03 00:00:00+00:00,32.586791,32.801133,32.529986,32.681465,19896961,649632667.7498438
2017-03-06 00:00:00+00:00,32.520519,32.634128,32.264899,32.520519,19215289,624208975.4134463
2017-03-07 00:00:00+00:00,32.047149,32.378508,31.952475,32.179693,30849257,991478345.6965061
2017-03-08 00:00:00+00:00,32.103953,32.283834,31.924073,32.103953,23921492,767974460.838249
2017-03-09 00:00:00+00:00,32.047149,32.321704,31.980877,32.236497,20242840,650737604.8411701
2017-03-10 00:00:00+00:00,32.321704,32.492117,32.18916,32.293301,20257977,654820276.7353785
2017-03-13 00:00:00+00:00,32.302769,32.331171,32.103953,32.293301,20030873,646151865.0130904
2017-03-14 00:00:00+00:00,32.208095,32.501584,32.170225,32.397443,15596768,504077197.20362395
2017-03-15 00:00:00+00:00,32.397443,32.861251,32.359573,32.785606,24331829,793241184.6934292
2017-03-16 00:00:00+00:00,32.728802,32.785606,32.425845,32.596258,21862910,713476997.9267526
2017-03-17 00:00:00+00:00,32.62466,32.738269,32.44478,32.492117,45834050,1493042184.9688253
2017-03-20 00:00:00+00:00,32.548921,32.662435,32.492117,32.548921,18474924,601600769.992014
2017-03-21 00:00:00+00:00,32.643595,32.766671,32.359573,32.425845,33154292,1079136431.118932
2017-03-22 00:00:00+00:00,32.473182,32.7004,32.179693,32.634128,27587162,896495886.1300715
2017-03-23 00:00:00+00:00,32.492117,32.719334,32.40691,32.463715,21424499,696735826.7949811
2017-03-24 00:00:00+00:00,32.44478,32.44478,32.132356,32.18916,28644246,925288461.7171739
2017-03-27 00:00:00+00:00,31.943008,32.482649,31.943008,32.359573,18892382,607995761.6207289
2017-03-28 00:00:00+00:00,32.245964,32.435312,32.160758,32.340638,19369060,625536731.23208
2017-03-29 00:00:00+00:00,32.340638,32.615193,32.293301,32.501584,18253185,592090955.757615
2017-03-30 00:00:00+00:00,32.369041,32.605726,32.331171,32.520519,15837310,514025461.4276675
2017-03-31 00:00:00+00:00,32.387975,32.548921,32.340638,32.387975,19658813,637267498.4952042
2017-04-03 00:00:00+00:00,32.293301,32.520519,32.283834,32.416378,19105608,618611081.4728639
2017-04-04 00:00:00+00:00,32.359573,32.66253,32.236497,32.511052,20367734,660778438.3021419
2017-04-05 00:00:00+00:00,32.501584,32.681465,32.331171,32.369041,20364703,661258508.7341207
2017-04-06 00:00:00+00:00,32.331171,32.520519,32.245964,32.293301,17201400,556426393.33425
2017-04-07 00:00:00+00:00,32.274367,32.425845,32.22703,32.283834,14759606,476776143.149014
2017-04-10 00:00:00+00:00,32.312236,32.392709,32.160758,32.22703,16888749,545053691.3402543
2017-04-11 00:00:00+00:00,32.208095,32.264899,31.943008,32.122888,20198800,649082832.833
2017-04-12 00:00:00+00:00,32.075551,32.179693,31.914605,32.113421,26078290,836352079.3020751
2017-04-13 00:00:00+00:00,32.075551,32.208095,32.018747,32.075551,13589608,436151483.70148796
2017-04-17 00:00:00+00:00,32.094486,32.236497,32.018747,32.18916,15997600,514078436.66599995
2017-04-18 00:00:00+00:00,31.961942,32.075551,31.867268,32.037682,22341107,714593952.2261002
2017-04-19 00:00:00+00:00,32.056616,32.103953,31.763127,31.819931,25258266,806645627.6426954
2017-04-20 00:00:00+00:00,31.838866,32.066084,31.696855,31.943008,19380720,617977577.05134
2017-04-21 00:00:00+00:00,31.848334,31.93354,31.687388,31.848334,25606899,815052205.423701
2017-04-24 00:00:00+00:00,32.170225,32.217562,31.857801,31.943008,22486558,720630074.7231419
2017-04-25 00:00:00+00:00,32.018747,32.15129,31.914605,31.961942,19798493,633782349.249478
2017-04-26 00:00:00+00:00,32.056616,32.217562,32.047149,32.047149,20929227,671663243.4620129
2017-04-27 00:00:00+00:00,32.15129,32.208095,31.97141,32.056616,15666600,502848553.29314995
2017-04-28 00:00:00+00:00,32.075551,32.132356,31.952475,32.113421,16878100,541254518.603575
2017-05-01 00:00:00+00:00,32.085019,32.179693,31.971315,31.980877,23962026,768084196.821876
2017-05-02 00:00:00+00:00,31.791529,31.924073,31.128811,31.819931,43057691,1363468546.167426
2017-05-03 00:00:00+00:00,31.696855,31.800997,31.526442,31.687388,26211698,830332085.414009
2017-05-04 00:00:00+00:00,31.658986,31.800997,31.545377,31.668453,26955478,853638294.8744035
2017-05-05 00:00:00+00:00,31.658986,31.696855,31.46017,31.696855,23049235,729006194.7393775
2017-05-08 00:00:00+00:00,31.640051,31.829399,31.573779,31.668453,24834632,786709498.142756
2017-05-09 00:00:00+00:00,31.772594,31.800997,31.573779,31.602181,18066840,572490964.49721
2017-05-10 00:00:00+00:00,31.24242,31.356029,31.147746,31.270822,34904411,1090911335.8404968
2017-05-11 00:00:00+00:00,31.232953,31.374964,31.100409,31.28029,26478115,827365737.03471
2017-05-12 00:00:00+00:00,31.138279,31.308692,31.138279,31.251887,18628964,581396632.759017
2017-05-15 00:00:00+00:00,31.223485,31.412833,31.053072,31.356029,20574406,643183804.7365285
2017-05-16 00:00:00+00:00,30.825854,31.053072,30.664909,30.863724,42528644,1312089035.904999
2017-05-17 00:00:00+00:00,30.579702,30.835322,30.494495,30.51343,29995339,918029464.1586778
2017-05-18 00:00:00+00:00,30.485028,30.693311,30.361952,30.503963,24928019,760580370.6382065
2017-05-19 00:00:00+00:00,30.579702,30.73118,30.475561,30.73118,29949443,917333641.6334971
2017-05-22 00:00:00+00:00,30.76905,30.76905,30.409289,30.409289,26783170,819274926.877315
2017-05-23 00:00:00+00:00,30.409289,30.560767,30.371419,30.428224,18557001,564920106.5281748
2017-05-24 00:00:00+00:00,30.456626,30.556033,30.267278,30.343017,23751979,722196462.3314916
2017-05-25 00:00:00+00:00,30.352484,30.485028,30.267278,30.447158,18266210,555073352.0192701
2017-05-26 00:00:00+00:00,30.466093,30.570235,30.390354,30.428224,12357184,376445873.686176
2017-05-30 00:00:00+00:00,30.314615,30.589169,30.314615,30.418756,16949796,515431240.817595
2017-05-31 00:00:00+00:00,30.560767,31.043605,30.418756,30.911061,30650971,942013065.4868798
2017-06-01 00:00:00+00:00,30.929996,31.100409,30.787985,30.967865,25238727,781051874.0743462
2017-06-02 00:00:00+00:00,31.02467,31.128811,30.712246,30.80692,22031590,681176263.2296824
2017-06-05 00:00:00+00:00,30.778517,30.844789,30.485028,30.627039,15026948,461084516.957901
2017-06-06 00:00:00+00:00,30.598637,30.64124,30.33355,30.361952,18871449,575274321.5235428
2017-06-07 00:00:00+00:00,30.371419,30.447158,30.201006,30.29568,17517102,531272959.03195655
2017-06-08 00:00:00+00:00,30.343017,30.390354,29.983256,30.058995,35697003,1077831935.2152164
2017-06-09 00:00:00+00:00,30.115799,31.053072,30.049528,31.02467,31832572,972827823.8608669
2017-06-12 00:00:00+00:00,31.005735,31.356029,30.76905,30.958398,30500672,946201088.4876161
2017-06-13 00:00:00+00:00,30.967865,31.034137,30.787985,30.844789,18132685,560457612.0633899
2017-06-14 00:00:00+00:00,30.854257,31.015202,30.73118,30.948931,14599335,450935390.3839875
2017-06-15 00:00:00+00:00,30.882659,31.270822,30.825854,31.062539,19994812,620048487.689422
2017-06-16 00:00:00+00:00,31.223485,31.365496,31.062539,31.214018,33671938,1051116163.468161
2017-06-19 00:00:00+00:00,31.185616,31.479105,31.157213,31.450703,21969121,688032430.0605192
2017-06-20 00:00:00+00:00,31.441235,31.952475,31.384431,31.772594,27532579,871067027.2238913
2017-06-21 00:00:00+00:00,31.791529,32.2791,31.791529,32.075551,27192528,869737433.5595878
2017-06-22 00:00:00+00:00,32.141823,32.643595,32.113421,32.245964,23402482,755577231.9002615
2017-06-23 00:00:00+00:00,32.264899,32.397443,32.160758,32.350106,31736601,1024879624.6782014
2017-06-26 00:00:00+00:00,32.340638,32.387975,32.156024,32.22703,14969541,483185598.18371177
2017-06-27 00:00:00+00:00,32.245964,32.312236,31.952475,31.97141,16124423,517924871.6154887
2017-06-28 00:00:00+00:00,32.056616,32.179693,31.857801,31.952475,15627401,500258832.61889625
2017-06-29 00:00:00+00:00,31.999812,32.066084,31.592714,31.838866,15758469,502291255.781061
2017-06-30 00:00:00+00:00,31.93354,31.995078,31.725257,31.800997,14272642,454779439.802956
2017-07-03 00:00:00+00:00,31.696855,32.160758,31.687388,32.018747,8991169,286736804.135353
2017-07-05 00:00:00+00:00,32.122888,32.141823,31.711056,31.848334,17108794,546729053.0610485
2017-07-06 00:00:00+00:00,31.848334,31.876736,31.374964,31.450703,14707727,465318422.86119974
2017-07-07 00:00:00+00:00,31.479105,31.583246,31.261355,31.573779,17952899,565056208.1397538
2017-07-10 00:00:00+00:00,31.583246,31.744192,31.469638,31.630583,14287231,451575292.23055726
2017-07-11 00:00:00+00:00,31.602181,31.687388,31.289757,31.403366,12901618,406345141.69891405
2017-07-12 00:00:00+00:00,31.564312,31.744192,31.431768,31.450703,14609194,460887108.7060375
2017-07-13 00:00:00+00:00,31.450703,31.564312,31.232953,31.507507,14142239,444615995.7521313
2017-07-14 00:00:00+00:00,31.49804,31.763127,31.469638,31.649518,13204000,417181446.223
2017-07-17 00:00:00+00:00,31.658986,31.687388,31.374964,31.479105,17771820,560702889.2290651
2017-07-18 00:00:00+00:00,31.46017,31.611649,31.28029,31.583246,15389069,484506966.9086238
2017-07-19 00:00:00+00:00,31.592714,31.895671,31.535909,31.829399,19868408,630095232.207686
2017-07-20 00:00:00+00:00,31.687388,31.905138,31.559578,31.75366,17908325,568167416.521325
2017-07-21 00:00:00+00:00,31.687388,31.791529,31.611649,31.696855,12700851,402577035.69881773
2017-07-24 00:00:00+00:00,31.602181,31.663719,31.403366,31.545377,15592281,491993544.9926707
2017-07-25 00:00:00+00:00,31.602181,31.696855,31.251887,31.337094,20900689,657786573.0359282
2017-07-26 00:00:00+00:00,31.327627,31.337094,31.076741,31.138279,16608166,518505867.1412515
2017-07-27 00:00:00+00:00,31.02467,31.24242,30.948931,31.24242,17598783,547579273.9193257
2017-07-28 00:00:00+00:00,31.299224,31.403366,31.062539,31.384431,17152786,536665905.16854006
2017-07-31 00:00:00+00:00,31.441235,31.611649,31.374964,31.393898,23219229,730370983.3884585
2017-08-01 00:00:00+00:00,31.270822,31.526442,30.977333,31.318159,28132606,879796304.500534
2017-08-02 00:00:00+00:00,31.119344,31.166681,30.958398,31.166681,30477255,947927235.35988
2017-08-03 00:00:00+00:00,31.195083,32.009279,31.109876,31.649518,28801453,906984799.5343671
2017-08-04 00:00:00+00:00,31.791529,32.18916,31.696855,31.848334,27241552,868500709.220664
2017-08-07 00:00:00+00:00,31.763127,31.800997,31.479105,31.535909,13216478,418232598.158991
2017-08-08 00:00:00+00:00,31.554844,31.67792,31.445969,31.507507,17022784,537010276.82304
2017-08-09 00:00:00+00:00,31.564312,31.67792,31.393898,31.668453,15841520,500214144.42154
2017-08-10 00:00:00+00:00,31.592714,31.763127,31.442182,31.640051,19103324,603846873.389494
2017-08-11 00:00:00+00:00,31.71579,31.777328,31.441235,31.479105,13655779,431568561.2684455
2017-08-14 00:00:00+00:00,31.554844,31.58798,31.374964,31.535909,13511148,425782539.028539
2017-08-15 00:00:00+00:00,31.564312,31.744192,31.488572,31.602181,18087481,571561039.8504043
2017-08-16 00:00:00+00:00,31.554844,31.706323,31.488572,31.583246,11152630,352236259.6251375
2017-08-17 00:00:00+00:00,31.516975,31.668453,31.195083,31.195083,15694659,492716531.6381115
2017-08-18 00:00:00+00:00,31.147746,31.214018,30.911061,30.929996,16361561,508038008.0408952
2017-08-21 00:00:00+00:00,30.863724,31.119344,30.598637,31.015202,17886944,552692738.520552
2017-08-22 00:00:00+00:00,31.015202,31.450703,30.958398,31.384431,14208991,443351544.53184843
2017-08-23 00:00:00+00:00,31.308692,31.611649,31.308692,31.469638,17026273,535044972.0457958
2017-08-24 00:00:00+00:00,31.592714,31.616382,31.403366,31.46017,12166424,383463273.926992
2017-08-25 00:00:00+00:00,31.507507,31.829399,31.46017,31.611649,15203628,480467807.713575
2017-08-28 00:00:00+00:00,31.71579,31.829399,31.630583,31.687388,13060973,414239076.86367
2017-08-29 00:00:00+00:00,31.649518,31.763127,31.469638,31.71579,12911703,408649179.73707974
2017-08-30 00:00:00+00:00,31.696855,31.696855,31.479105,31.668453,12421496,392957963.574232
2017-08-31 00:00:00+00:00,31.71579,32.208095,31.696855,32.113421,27358926,873667364.6177715
2017-09-01 00:00:00+00:00,32.132356,32.312236,32.018747,32.15129,19201739,617406134.4099576
2017-09-05 00:00:00+00:00,32.075551,32.345372,31.952475,31.999812,15100870,484636788.9231749
2017-09-06 00:00:00+00:00,32.15129,32.293301,32.103953,32.179693,13955568,449118916.2434039
2017-09-07 00:00:00+00:00,32.22703,32.312236,32.009279,32.179693,18872182,607345684.0188289
2017-09-08 00:00:00+00:00,32.141823,32.425845,31.999812,32.283834,16311179,525429211.7598015
2017-09-11 00:00:00+00:00,32.274367,32.511052,32.170225,32.492117,17300946,559892180.7204764
2017-09-12 00:00:00+00:00,32.548921,33.845955,32.529986,33.486194,39352400,1302673210.0335999
2017-09-13 00:00:00+00:00,33.382052,33.542998,33.107498,33.192704,22162825,738161986.4142249
2017-09-14 00:00:00+00:00,33.164302,33.931162,33.1359,33.82702,28969768,970910070.7337279
2017-09-15 00:00:00+00:00,33.703944,33.817553,33.363118,33.476726,30495235,1024345167.1775336
2017-09-18 00:00:00+00:00,33.495661,33.656607,33.335662,33.656607,17888987,599927469.6285046
2017-09-19 00:00:00+00:00,33.760748,33.760748,33.467259,33.561933,16574942,557542462.415024
2017-09-20 00:00:00+00:00,34.016368,34.281455,33.902759,34.073173,27124740,924097543.299675
2017-09-21 00:00:00+00:00,34.139444,34.262521,33.997433,34.054238,16616051,566830143.7278589
2017-09-22 00:00:00+00:00,34.177314,34.196249,33.86489,34.04477,15427019,525610967.6505593
2017-09-25 00:00:00+00:00,33.987966,34.111042,33.552466,33.618737,23429832,792339579.5836381
2017-09-26 00:00:00+00:00,33.618737,33.746547,33.363118,33.419922,18547630,622033369.66803
2017-09-27 00:00:00+00:00,33.382052,33.632939,33.319946,33.561933,15535912,520052497.34886
2017-09-28 00:00:00+00:00,33.39152,33.874357,33.344183,33.703944,19078791,640637202.672291
2017-09-29 00:00:00+00:00,33.618737,33.798618,33.467259,33.798618,16903956,569169856.916448
2017-10-02 00:00:00+00:00,33.770216,34.177314,33.599803,34.148912,17578901,596347714.2316862
2017-10-03 00:00:00+00:00,34.101575,34.271988,33.845955,34.215184,14359051,489768211.04695046
2017-10-04 00:00:00+00:00,34.253053,34.309858,33.987966,34.04477,11459727,391337206.0020922
2017-10-05 00:00:00+00:00,33.969031,34.08264,33.845955,34.08264,14371129,488547486.0350785
2017-10-06 00:00:00+00:00,34.08264,34.215184,34.025836,34.129977,12738540,434555028.267495
2017-10-09 00:00:00+00:00,34.139444,34.224651,34.016368,34.215184,10300102,351737274.21399844
2017-10-10 00:00:00+00:00,34.442401,34.565477,34.111042,34.461336,18737418,644474691.3047521
2017-10-11 00:00:00+00:00,34.432934,34.537075,34.271988,34.508673,18202561,626853743.3664676
2017-10-12 00:00:00+00:00,34.537075,34.650684,34.347727,34.413999,14781687,509781527.27029866
2017-10-13 00:00:00+00:00,34.432934,34.546543,34.323491,34.404532,13487646,464337502.88624996
2017-10-16 00:00:00+00:00,34.413999,34.537075,33.969031,34.063705,14345627,491279660.8247175
2017-10-17 00:00:00+00:00,34.016368,34.395064,33.845955,34.271988,14808353,505443794.9673437
2017-10-18 00:00:00+00:00,34.319325,34.357195,33.883825,33.921694,15229105,519624825.6362737
2017-10-19 00:00:00+00:00,33.978499,34.442401,33.931162,34.309858,20902700,714150778.7959999
2017-10-20 00:00:00+00:00,34.347727,34.480271,34.111042,34.480271,18486854,635112684.8093984
2017-10-23 00:00:00+00:00,34.432934,34.821097,34.366662,34.461336,16012192,552748990.0243919
2017-10-24 00:00:00+00:00,34.508673,34.584412,34.073173,34.33826,15860047,545207029.5480864
2017-10-25 00:00:00+00:00,34.271988,34.413999,34.006901,34.234118,17560991,601143480.0057365
2017-10-26 00:00:00+00:00,34.167847,34.286189,33.703944,33.836488,18413569,626035880.034073
2017-10-27 00:00:00+00:00,33.628205,33.845955,33.514596,33.703944,15780595,531382737.039125
2017-10-30 00:00:00+00:00,33.542998,33.580868,33.154835,33.277911,26736743,892717202.7486788
2017-10-31 00:00:00+00:00,33.183237,33.457792,32.288568,33.192704,24847210,820717639.6575525
2017-11-01 00:00:00+00:00,33.145367,33.82702,33.041226,33.382052,16592988,553358167.149255
2017-11-02 00:00:00+00:00,33.39152,33.618737,33.168279,33.5714,13909737,465106608.38170797
2017-11-03 00:00:00+00:00,33.561933,33.666074,33.438857,33.656607,9378309,314931754.24763477
2017-11-06 00:00:00+00:00,33.694477,33.713411,33.249509,33.438857,11224496,376290716.65949595
2017-11-07 00:00:00+00:00,33.400987,33.533531,33.363118,33.476726,11505439,384783190.43872947
2017-11-08 00:00:00+00:00,33.486194,33.505129,33.164302,33.457792,14332805,478763762.8111711
2017-11-09 00:00:00+00:00,33.211639,33.372585,32.984422,33.325248,14118846,469077105.93158096
2017-11-10 00:00:00+00:00,33.230574,33.315781,32.941818,33.306313,15892557,527610984.5101755
2017-11-13 00:00:00+00:00,33.344183,33.590335,33.268444,33.419922,25126340,839363503.79114
2017-11-14 00:00:00+00:00,33.372585,33.798618,33.344277,33.495661,17315551,580119186.6384228
2017-11-15 00:00:00+00:00,33.400987,33.60927,33.35365,33.476726,13675338,457578973.6022385
2017-11-16 00:00:00+00:00,33.457792,33.685009,33.372585,33.666074,13655044,458063435.07105994
2017-11-17 00:00:00+00:00,33.486194,33.599803,33.296846,33.486194,15682739,524858291.86308575
2017-11-20 00:00:00+00:00,33.486194,33.561933,33.386786,33.467259,12482233,417849527.52751905
2017-11-21 00:00:00+00:00,33.514596,33.82702,33.495661,33.64714,13361591,449231443.9568617
2017-11-22 00:00:00+00:00,33.561933,33.60927,33.438857,33.542998,11146814,373844796.26430297
2017-11-24 00:00:00+00:00,33.618737,33.666074,33.486194,33.599803,6757195,226992437.99089003
2017-11-27 00:00:00+00:00,33.628205,33.751281,33.495661,33.599803,10871791,365495887.78386253
2017-11-28 00:00:00+00:00,33.694477,33.978499,33.628205,33.940629,13716317,463754884.40344256
2017-11-29 00:00:00+00:00,34.025836,34.470803,33.964298,34.281455,16157379,552349663.2276419
2017-11-30 00:00:00+00:00,34.281455,34.537075,34.158379,34.328792,24115148,827786825.214687
2017-12-01 00:00:00+00:00,34.357195,34.55601,34.092107,34.413999,19630463,674401175.0177482
2017-12-04 00:00:00+00:00,34.546543,34.669619,34.129977,34.139444,14879320,511422996.21089
2017-12-05 00:00:00+00:00,34.196249,34.257787,33.618737,33.732346,23576283,800444979.5981693
2017-12-06 00:00:00+00:00,33.789151,33.969031,33.618737,33.666074,18356913,619743118.4401524
2017-12-07 00:00:00+00:00,33.666074,33.741814,33.277911,33.60927,16697057,560583105.4779834
2017-12-08 00:00:00+00:00,33.438857,33.86489,33.438857,33.836488,15739387,529548102.774151
2017-12-11 00:00:00+00:00,33.855422,34.328792,33.789151,34.281455,15170931,516778118.159355
2017-12-12 00:00:00+00:00,34.423466,34.858967,34.319325,34.631749,23750885,820792031.9759237
2017-12-13 00:00:00+00:00,34.622282,34.840032,34.527608,34.688554,16675377,578128967.2713629
2017-12-14 00:00:00+00:00,34.77376,34.925239,34.404532,34.51814,15618800,541276038.7537
2017-12-15 00:00:00+00:00,34.849499,35.242397,34.754825,35.218728,39905287,1397337985.2822158
2017-12-18 00:00:00+00:00,35.237663,35.360739,35.086184,35.152456,17708288,623495725.2010239
2017-12-19 00:00:00+00:00,35.218728,35.24713,34.915771,34.972576,14849411,521044318.90581375
2017-12-20 00:00:00+00:00,35.019913,35.161924,34.485004,34.51814,15948572,554950422.699283
2017-12-21 00:00:00+00:00,34.59388,34.650684,34.262521,34.309858,15600247,537494587.8962302
2017-12-22 00:00:00+00:00,34.33826,34.442401,34.129977,34.215184,9083009,311378768.8395995
2017-12-26 00:00:00+00:00,34.167847,34.33826,34.035303,34.281455,11505134,393541349.0222275
2017-12-27 00:00:00+00:00,34.376129,34.51814,34.30039,34.395064,8787705,302274474.1889287
2017-12-28 00:00:00+00:00,34.423466,34.584412,34.319325,34.432934,6954284,239505779.14422697
2017-12-29 00:00:00+00:00,34.30039,34.546543,34.290923,34.290923,12064016,414485747.17911595
2018-01-02 00:00:00+00:00,34.442401,34.570211,34.309858,34.499206,17096313,589060627.7701468
2018-01-03 00:00:00+00:00,34.508673,34.81163,34.30039,34.754825,14213516,491700659.775322
2018-01-04 00:00:00+00:00,34.754825,34.948907,34.650684,34.830565,13074422,454940794.4139955
2018-01-05 00:00:00+00:00,34.858967,34.915771,34.660151,34.896836,13195692,459644632.232175
2018-01-08 00:00:00+00:00,34.764293,34.840032,34.395064,34.508673,20007099,692786127.1830344
2018-01-09 00:00:00+00:00,34.499206,34.685713,34.423466,34.470803,16912390,583812269.5848299
2018-01-10 00:00:00+00:00,34.404532,34.660151,34.376129,34.527608,18795959,648312191.4036949
2018-01-11 00:00:00+00:00,34.688554,34.745358,34.480271,34.612814,15134930,524149100.6763025
2018-01-12 00:00:00+00:00,34.679086,34.840032,34.51814,34.59388,20283981,702997842.3000945
2018-01-16 00:00:00+00:00,34.688554,35.010445,34.527608,34.650684,30602109,1062484499.2016798
2018-01-17 00:00:00+00:00,34.858967,35.379674,34.806896,35.199793,25386566,890086831.5591949
2018-01-18 00:00:00+00:00,35.190326,35.190326,34.745358,35.019913,19989175,700350345.0958813
2018-01-19 00:00:00+00:00,35.24713,35.294467,34.55601,34.972576,31200329,1092558948.1725516
2018-01-22 00:00:00+00:00,34.925239,35.095652,34.77376,34.963108,21422506,748490357.6810136
2018-01-23 00:00:00+00:00,34.81163,35.105119,34.59388,34.858967,18566907,646915581.889893
2018-01-24 00:00:00+00:00,35.019913,35.095746,34.774707,34.963108,18713162,654275178.806197
2018-01-25 00:00:00+00:00,35.000978,35.351272,34.934706,35.24713,19028893,668552021.3366995
2018-01-26 00:00:00+00:00,35.313402,37.008067,35.313402,36.932327,51551490,1863163615.5062551
2018-01-29 00:00:00+00:00,36.92286,37.329958,36.70511,36.941795,36857707,1362811163.92879
2018-01-30 00:00:00+00:00,36.174935,36.686175,35.360739,35.786772,48587471,1749253674.1468728
2018-01-31 00:00:00+00:00,35.900381,35.966653,34.868434,35.06725,35936723,1273981249.3532784
2018-02-01 00:00:00+00:00,34.792695,35.403342,34.660151,34.868434,29761475,1039602711.1343626
2018-02-02 00:00:00+00:00,34.650684,35.266065,34.565477,34.660151,25643673,892030404.0576804
2018-02-05 00:00:00+00:00,34.546543,34.745358,32.18916,32.823476,42554585,1428818458.913036
2018-02-06 00:00:00+00:00,32.340638,33.585602,32.18916,33.400987,56155053,1846327420.588378
2018-02-07 00:00:00+00:00,33.258976,33.751281,33.107498,33.116965,31022246,1033310064.8952799
2018-02-08 00:00:00+00:00,33.1359,33.296846,31.810464,31.838866,45948950,1494283701.50505
2018-02-09 00:00:00+00:00,32.340638,32.596258,31.431768,32.340638,49958469,1607529918.4946592
2018-02-12 00:00:00+00:00,32.615193,33.012824,32.216142,32.814008,38826593,1268252868.0587578
2018-02-13 00:00:00+00:00,32.728802,33.164302,32.577323,33.079096,21605697,710554783.6081327
2018-02-14 00:00:00+00:00,32.851878,33.457792,32.719334,33.315781,24547222,812174204.4843175
2018-02-15 00:00:00+00:00,33.486194,33.82702,33.211639,33.808085,22636689,760213234.9905704
2018-02-16 00:00:00+00:00,33.855422,34.707488,33.779683,34.328792,27718766,947090534.9277275
2018-02-20 00:00:00+00:00,34.101575,34.549099,33.969031,34.092107,27260603,931711608.085659
2018-02-21 00:00:00+00:00,34.054238,34.641217,33.82702,33.855422,25927657,883989833.9493322
2018-02-22 00:00:00+00:00,33.959564,34.224651,33.713411,33.836488,24034797,815585468.9912145
2018-02-23 00:00:00+00:00,34.035303,34.366662,33.921694,34.328792,17978425,614198960.3424187
2018-02-26 00:00:00+00:00,34.357195,35.228195,34.281455,35.114587,25461720,884676576.6957599
2018-02-27 00:00:00+00:00,35.095652,35.251864,34.783228,34.840032,23593498,825600055.903612
2018-02-28 00:00:00+00:00,35.095652,35.294467,34.376129,34.376129,28421635,988663463.0315986
2018-03-01 00:00:00+00:00,34.196249,34.337597,33.320514,33.732346,30347719,1028686813.4559036
2018-03-02 00:00:00+00:00,33.656607,34.148912,33.514596,34.035303,22319045,755250916.3339524
2018-03-05 00:00:00+00:00,33.912227,34.347727,33.86489,34.196249,22367337,762284956.8348352
2018-03-06 00:00:00+00:00,34.309858,34.309858,33.845955,33.969031,18042017,615389303.2184834
2018-03-07 00:00:00+00:00,33.703944,34.158379,33.656607,34.016368,23490508,795948250.487846
2018-03-08 00:00:00+00:00,34.073173,34.55601,34.016368,34.55601,21692954,744076787.8752985
2018-03-09 00:00:00+00:00,34.660151,34.953641,34.584412,34.81163,19342010,672182399.8315849
2018-03-12 00:00:00+00:00,34.953641,35.02938,34.55601,34.660151,26628511,926666737.2695005
2018-03-13 00:00:00+00:00,34.840032,34.99151,34.489738,34.792695,29624000,1030278098.85
2018-03-14 00:00:00+00:00,34.877902,35.019913,34.253053,34.413999,23428531,811592820.5050942
2018-03-15 00:00:00+00:00,34.413999,34.849499,34.413999,34.631749,20552212,710640236.3380378
2018-03-16 00:00:00+00:00,34.688554,35.06725,34.669619,34.821097,34198327,1190499506.1430101
2018-03-19 00:00:00+00:00,34.840032,34.840032,34.158379,34.395064,20046598,692777886.2397965
2018-03-20 00:00:00+00:00,34.432934,34.603347,34.191515,34.395064,20339268,699787058.1166201
2018-03-21 00:00:00+00:00,34.546543,34.77376,34.271988,34.33826,19112163,659037793.3479532
2018-03-22 00:00:00+00:00,34.111042,34.218308,33.580868,33.703944,22142026,750693075.2430531
2018-03-23 00:00:00+00:00,33.599803,33.60927,32.605726,32.653063,29448598,975248203.989369
2018-03-26 00:00:00+00:00,33.069628,33.277911,32.492117,33.17377,24979787,824416815.6550655
2018-03-27 00:00:00+00:00,33.306313,33.666074,32.927617,33.145367,28896928,961150626.6300719
2018-03-28 00:00:00+00:00,33.306313,33.902759,33.249509,33.419922,26406125,883803121.2577189
2018-03-29 00:00:00+00:00,33.628205,33.774949,33.202172,33.599803,24857834,834012204.6576465
2018-04-02 00:00:00+00:00,33.533531,33.836488,32.908682,33.183237,28383920,947043242.80924
2018-04-03 00:00:00+00:00,33.240041,33.831754,33.060161,33.779683,21393573,716212106.1240368
2018-04-04 00:00:00+00:00,33.438857,34.30039,33.363118,34.205716,22057787,746149207.5191869
2018-04-05 00:00:00+00:00,33.770216,34.085007,33.642406,33.82702,25836980,874095062.430005
2018-04-06 00:00:00+00:00,33.666074,33.959564,33.031759,33.296846,22335883,747996574.7503923
2018-04-09 00:00:00+00:00,33.419922,34.016368,33.344183,33.5714,20501118,688590900.4735036
2018-04-10 00:00:00+00:00,34.08264,34.177314,33.817553,34.035303,21002861,714689607.1873525
2018-04-11 00:00:00+00:00,33.82702,34.148912,33.694477,33.883825,13909606,471376496.642951
2018-04-12 00:00:00+00:00,34.111042,34.55601,34.054238,34.385597,23868958,818149631.8284365
2018-04-13 00:00:00+00:00,34.470803,34.55601,34.205716,34.385597,17812351,612825591.0685564
2018-04-16 00:00:00+00:00,34.55601,34.77376,34.451869,34.584412,15952032,551804918.316408
2018-04-17 00:00:00+00:00,34.792695,34.821097,34.33826,34.395064,17713388,612649036.097252
2018-04-18 00:00:00+00:00,34.442401,34.641217,34.352461,34.546543,14683894,506530548.822517
2018-04-19 00:00:00+00:00,34.451869,34.735891,34.33826,34.584412,16672237,575652463.619096
2018-04-20 00:00:00+00:00,34.55601,34.830565,34.527608,34.679086,22419830,776809382.5310675
2018-04-23 00:00:00+00:00,34.716956,34.925239,34.650684,34.840032,25435437,884726598.0917768
2018-04-24 00:00:00+00:00,34.944173,35.280266,34.806896,35.086184,27164425,951552959.0153936
2018-04-25 00:00:00+00:00,34.953641,35.06725,34.565477,34.726423,27789519,967858863.1093823
2018-04-26 00:00:00+00:00,34.840032,35.124054,34.792695,34.887369,20449309,713906593.3480877
2018-04-27 00:00:00+00:00,34.821097,35.133521,34.745358,35.02938,14456055,504983813.8626451
2018-04-30 00:00:00+00:00,35.152456,35.199793,34.461336,34.660151,28356394,988743052.666996
2018-05-01 00:00:00+00:00,33.685009,34.125243,32.795074,33.514596,51387917,1723035854.9456182
2018-05-02 00:00:00+00:00,33.268444,33.486194,32.894481,33.031759,29613563,982288384.8870785
2018-05-03 00:00:00+00:00,32.965487,33.022291,32.586791,32.908682,23568226,774706743.6956815
2018-05-04 00:00:00+00:00,32.719334,33.131166,32.539454,32.984422,19838293,651560840.945042
2018-05-07 00:00:00+00:00,32.899215,33.258976,32.861345,33.069628,21626178,714145943.1337979
2018-05-08 00:00:00+00:00,32.974954,33.221107,32.861345,33.116965,28330127,936129179.1437793
2018-05-09 00:00:00+00:00,33.154835,33.51933,33.012824,33.296846,20473937,680675664.9520987
2018-05-10 00:00:00+00:00,33.1359,33.429389,33.031759,33.17377,30972842,1028072392.031189
2018-05-11 00:00:00+00:00,33.258976,33.666074,33.202172,33.60927,21666236,724391599.371028
2018-05-14 00:00:00+00:00,33.618737,34.011634,33.599897,33.950096,21531037,727643354.739367
2018-05-15 00:00:00+00:00,33.855422,33.869624,33.590335,33.789151,19387092,654820997.875236
2018-05-16 00:00:00+00:00,33.82702,33.964298,33.675542,33.779683,21917553,741068318.5673198
2018-05-17 00:00:00+00:00,33.770216,33.874357,33.552466,33.808085,13049306,440430793.66098607
2018-05-18 00:00:00+00:00,33.713411,33.845955,33.542998,33.741814,15768340,531567211.43113
2018-05-21 00:00:00+00:00,33.808085,33.959564,33.628205,33.893292,17841042,603424833.9825331
2018-05-22 00:00:00+00:00,33.893292,34.167847,33.789151,33.817553,14508286,492076966.8117745
2018-05-23 00:00:00+00:00,33.779683,34.115776,33.732346,34.054238,20402171,692052060.7288382
2018-05-24 00:00:00+00:00,34.04477,34.167847,33.86489,33.978499,17560607,597306512.8389105
2018-05-25 00:00:00+00:00,33.912227,34.006901,33.651116,33.779683,15037460,508829778.31635505
2018-05-29 00:00:00+00:00,33.486194,33.82702,33.438857,33.798618,28239956,949926384.2824209
2018-05-30 00:00:00+00:00,34.035303,34.319325,33.987966,34.129977,29156081,994751333.5885626
2018-05-31 00:00:00+00:00,34.035303,34.271988,33.978499,34.016368,30992664,1056091746.3422279
2018-06-01 00:00:00+00:00,34.328792,34.352461,34.186781,34.319325,22392866,768004536.7452234
2018-06-04 00:00:00+00:00,34.470803,34.612814,34.30039,34.508673,19055977,656919934.63709
2018-06-05 00:00:00+00:00,34.565477,34.688554,34.404532,34.499206,21522062,743360017.5499195
2018-06-06 00:00:00+00:00,34.456602,34.622282,34.262521,34.442401,19409574,668581244.6396608
2018-06-07 00:00:00+00:00,34.546543,34.641217,34.432934,34.546543,17119927,591353252.8079247
2018-06-08 00:00:00+00:00,34.584412,34.750092,34.508673,34.716956,16488989,571179127.2188842
2018-06-11 00:00:00+00:00,34.840032,34.840032,34.347727,34.366662,19547370,676311894.6846524
2018-06-12 00:00:00+00:00,34.451869,34.456602,34.219917,34.366662,16406927,563967812.0528375
2018-06-13 00:00:00+00:00,34.432934,34.565477,34.271988,34.290923,16063529,552430071.3063345
2018-06-14 00:00:00+00:00,34.290923,34.447135,34.125243,34.234118,20002115,685559585.2602962
2018-06-15 00:00:00+00:00,34.262521,34.451869,34.115776,34.423466,49262194,1690353761.6971521
2018-06-18 00:00:00+00:00,34.205716,34.290923,33.82702,34.234118,24195180,826009998.728715
2018-06-19 00:00:00+00:00,33.978499,34.423466,33.959564,34.290923,18524228,632845294.4017639
2018-06-20 00:00:00+00:00,34.357195,34.631749,34.281455,34.51814,21400009,737168993.6742128
2018-06-21 00:00:00+00:00,34.33826,34.423466,34.224651,34.366662,16929298,581322632.1091555
2018-06-22 00:00:00+00:00,34.546543,34.68382,34.456602,34.565477,28110790,971596341.0122948
2018-06-25 00:00:00+00:00,34.385597,34.51814,34.21045,34.442401,20468189,703883560.3447831
2018-06-26 00:00:00+00:00,34.461336,34.636483,34.366662,34.442401,25489472,878793401.836576
2018-06-27 00:00:00+00:00,34.366662,34.603347,34.253053,34.281455,29459393,1012699901.3945452
2018-06-28 00:00:00+00:00,34.186781,34.541809,34.186781,34.423466,16541458,567946151.0010865
2018-06-29 00:00:00+00:00,34.508673,34.631749,34.347727,34.347727,21056368,725580732.1645919
2018-07-02 00:00:00+00:00,34.08264,34.432934,34.08264,34.395064,14587511,499597737.4377645
2018-07-03 00:00:00+00:00,34.451869,34.631749,34.309858,34.413999,9628687,331726260.7588312
2018-07-05 00:00:00+00:00,34.59388,34.944173,34.565477,34.906304,20434802,710159608.460717
2018-07-06 00:00:00+00:00,35.02938,35.256598,34.911037,35.133521,23816356,835540500.761704
2018-07-09 00:00:00+00:00,35.285,35.474348,35.038847,35.180858,22377191,788678798.9950308
2018-07-10 00:00:00+00:00,35.313402,35.50275,35.218728,35.436478,20297219,717868783.8883506
2018-07-11 00:00:00+00:00,35.266065,35.41281,35.180858,35.228195,17833405,629019540.15871
2018-07-12 00:00:00+00:00,35.417543,35.559554,35.228195,35.521685,17011220,602737196.420485
2018-07-13 00:00:00+00:00,35.50275,35.587957,35.237663,35.531152,15269984,541548157.796912
2018-07-16 00:00:00+00:00,35.498016,35.545353,35.303935,35.389141,17927002,635227383.2469726
2018-07-17 00:00:00+00:00,35.531152,35.75837,35.455413,35.644761,15773692,561502802.1694081
2018-07-18 00:00:00+00:00,35.587957,35.7205,35.483815,35.654228,20847992,742430873.1070001
2018-07-19 00:00:00+00:00,35.455413,35.597424,35.322869,35.370206,16632366,589392471.846948
2018-07-20 00:00:00+00:00,35.209261,35.341804,35.142989,35.341804,15625484,550938385.651318
2018-07-23 00:00:00+00:00,35.351272,35.512217,35.161924,35.228195,20897712,737969304.7362239
2018-07-24 00:00:00+00:00,35.379674,35.739435,35.280266,35.692098,17842914,633831483.2180805
2018-07-25 00:00:00+00:00,35.673163,36.042392,35.559554,35.966653,17181460,615275651.0331299
2018-07-26 00:00:00+00:00,36.01399,36.326414,36.01399,36.127598,24893736,899174141.4005281
2018-07-27 00:00:00+00:00,36.070794,36.430555,36.042392,36.364283,22200658,804263370.5699481
2018-07-30 00:00:00+00:00,36.316946,36.619903,36.146533,36.534697,22028549,801938747.1343427
2018-07-31 00:00:00+00:00,36.298012,37.860133,36.108664,37.803328,50946177,1885901852.0040622
2018-08-01 00:00:00+00:00,37.519306,38.172557,37.4341,38.12522,32804676,1240436513.232927
2018-08-02 00:00:00+00:00,37.509839,38.077883,37.429366,37.538241,31947723,1202474986.7664669
2018-08-03 00:00:00+00:00,37.509839,38.494448,37.386763,38.38084,27426922,1040658947.2056451
2018-08-06 00:00:00+00:00,38.206829,39.024623,38.182024,38.85421,27538421,1062072120.9409515
2018-08-07 00:00:00+00:00,38.674329,39.053025,38.617525,38.664862,18969127,735099865.8165267
2018-08-08 00:00:00+00:00,38.541785,39.422254,38.418709,39.204503,25892767,1007146109.5783792
2018-08-09 00:00:00+00:00,39.100362,39.166634,38.636459,38.81634,20164330,784996333.4780875
2018-08-10 00:00:00+00:00,38.636459,39.109829,38.532318,38.750068,18233072,706662243.776632
2018-08-13 00:00:00+00:00,38.769003,39.015155,38.636459,38.636459,19903141,771530711.668929
2018-08-14 00:00:00+00:00,38.664862,38.849476,38.38084,38.541785,17373911,670793512.5680734
2018-08-15 00:00:00+00:00,38.626992,39.043558,38.484981,38.967818,22476461,871655975.9969722
2018-08-16 00:00:00+00:00,39.03409,39.261308,38.882612,39.213971,16492668,644830255.123827
2018-08-17 00:00:00+00:00,39.270775,39.942961,39.261308,39.848287,25966190,1027763423.5447224
2018-08-20 00:00:00+00:00,39.952428,40.49207,39.848287,40.075504,22569211,904846438.0374948
2018-08-21 00:00:00+00:00,40.075504,40.179646,39.753613,39.914558,18673138,746567560.6128244
2018-08-22 00:00:00+00:00,39.886156,40.080238,39.583199,39.829352,15033845,599019588.8483813
2018-08-23 00:00:00+00:00,39.867221,40.066037,39.725968,39.952428,21077180,841040890.36393
2018-08-24 00:00:00+00:00,40.170178,40.226983,39.76308,40.141776,21708434,869976439.0278445
2018-08-27 00:00:00+00:00,40.245917,40.350059,39.109829,39.365449,24538308,975834856.1495581
2018-08-28 00:00:00+00:00,39.393851,39.554797,39.119297,39.28971,19914695,783432426.3100562
2018-08-29 00:00:00+00:00,39.28971,39.398585,38.977286,39.28971,15818834,620712423.4376734
2018-08-30 00:00:00+00:00,39.03409,39.67314,39.005688,39.28971,16049663,629959817.3785911
2018-08-31 00:00:00+00:00,39.090895,39.360716,38.901547,39.308645,21028441,823588370.3347808
2018-09-04 00:00:00+00:00,39.270775,39.337047,39.024623,39.166634,15307508,600050789.046283
2018-09-05 00:00:00+00:00,39.090895,39.687341,39.062492,39.621069,21866661,860790933.8624543
2018-09-06 00:00:00+00:00,39.621069,39.677873,39.242373,39.554797,18396050,727085995.2894
2018-09-07 00:00:00+00:00,39.412786,40.094439,39.25184,39.952428,21267086,843832742.7048496
2018-09-10 00:00:00+00:00,40.122841,40.444733,39.810417,39.819884,21528215,862193573.8857813
2018-09-11 00:00:00+00:00,39.76308,40.165444,39.715743,40.056569,19700898,786562470.1376821
2018-09-12 00:00:00+00:00,40.047102,40.511005,40.028167,40.151243,17545688,705062580.794174
2018-09-13 00:00:00+00:00,40.23645,40.634081,40.170178,40.567809,18706072,755765143.380324
2018-09-14 00:00:00+00:00,40.473135,40.70982,40.23645,40.67195,16836567,682265489.6445712
2018-09-17 00:00:00+00:00,40.728755,40.880233,40.463668,40.719287,16940484,689443576.4301031
2018-09-18 00:00:00+00:00,40.70982,41.352467,40.548874,41.192657,20508808,839855263.2572359
2018-09-19 00:00:00+00:00,41.107451,41.353603,40.700353,40.955972,23834034,977894797.7692215
2018-09-20 00:00:00+00:00,41.060114,41.542951,41.041179,41.419875,18459328,761743178.413008
2018-09-21 00:00:00+00:00,41.448277,41.841174,41.287331,41.713364,37172014,1545334908.793511
2018-09-24 00:00:00+00:00,41.599756,42.087327,41.495614,41.590288,18128666,755842935.7220025
2018-09-25 00:00:00+00:00,41.798571,41.931115,41.429342,41.457745,15351264,639444517.2877681
2018-09-26 00:00:00+00:00,41.505082,41.950049,41.315734,41.353603,18424140,765175113.9643799
2018-09-27 00:00:00+00:00,41.457745,41.826973,41.353603,41.561886,14919341,619899390.6258967
2018-09-28 00:00:00+00:00,41.590288,41.789104,41.396207,41.722832,15487666,644668022.2130114
2018-10-01 00:00:00+00:00,41.684962,42.148865,41.571353,41.91218,16908605,707275787.4707
2018-10-02 00:00:00+00:00,41.855375,42.025789,41.779636,41.864843,18206542,762515663.8391266
2018-10-03 00:00:00+00:00,41.921647,42.451822,41.921647,42.423419,24008896,1012686440.02184
2018-10-04 00:00:00+00:00,42.158332,42.404485,41.931115,42.319278,19001211,801913855.6993275
2018-10-05 00:00:00+00:00,42.328745,42.6033,42.224604,42.518093,18151348,769956322.213054
2018-10-08 00:00:00+00:00,42.366615,42.905594,42.319278,42.868387,24732412,1053970958.3090221
2018-10-09 00:00:00+00:00,42.593833,43.370159,42.404485,43.048268,21533027,922780349.5842787
2018-10-10 00:00:00+00:00,43.029333,43.29442,42.110995,42.139397,33818491,1442140046.878799
2018-10-11 00:00:00+00:00,41.997386,42.120463,40.145374,40.529939,44394002,1828956990.853581
2018-10-12 00:00:00+00:00,40.49207,41.61869,40.368994,41.448277,30482205,1249221961.5470889
2018-10-15 00:00:00+00:00,41.325201,41.382005,40.690885,40.823429,24054167,987552966.76846
2018-10-16 00:00:00+00:00,41.041179,41.637625,40.74769,41.590288,22401509,924156231.7810094
2018-10-17 00:00:00+00:00,41.43881,42.409218,41.419875,42.196202,23203739,971448346.0721487
2018-10-18 00:00:00+00:00,41.978452,42.12993,41.382005,41.65656,22546553,942146874.8309228
2018-10-19 00:00:00+00:00,41.713364,42.442354,41.637625,42.12993,19606806,823109759.1490095
2018-10-22 00:00:00+00:00,42.073126,42.139397,41.675495,42.006854,18065477,758275237.1334859
2018-10-23 00:00:00+00:00,41.552419,41.959517,41.363071,41.751234,23122490,963203397.8150225
2018-10-24 00:00:00+00:00,41.476679,41.926665,40.099173,40.217515,37006244,1514665862.969952
2018-10-25 00:00:00+00:00,40.132309,41.599756,39.441188,41.097983,38683296,1569296563.618464
2018-10-26 00:00:00+00:00,40.757157,40.974907,39.933493,40.331124,30360164,1229561450.6539211
2018-10-29 00:00:00+00:00,40.662483,41.353603,40.293254,40.92757,31915749,1302457061.7738974
2018-10-30 00:00:00+00:00,39.715743,40.793606,39.554797,40.605679,35500002,1425944777.2099125
2018-10-31 00:00:00+00:00,40.719287,41.334668,40.435265,40.766624,28253572,1153140185.718692
2018-11-01 00:00:00+00:00,40.899168,41.495614,40.795027,41.344136,24330081,1000781052.2748861
2018-11-02 00:00:00+00:00,41.429342,41.505082,40.217515,40.643548,24274922,994030667.7192535
2018-11-05 00:00:00+00:00,40.548874,41.293296,40.548874,41.202125,21674707,886458501.3191206
2018-11-06 00:00:00+00:00,41.258929,41.268397,40.411597,40.719287,22241665,910007770.3299124
2018-11-07 00:00:00+00:00,41.069581,42.186734,40.984375,42.035256,36874061,1532817343.9091766
2018-11-08 00:00:00+00:00,41.524016,41.845908,41.154788,41.514549,25751544,1068941833.842246
2018-11-09 00:00:00+00:00,41.391473,42.234071,41.391473,41.921647,26098399,1089207965.399734
2018-11-12 00:00:00+00:00,41.921647,42.177267,41.561886,41.760701,21900666,916660593.6549165
2018-11-13 00:00:00+00:00,41.968984,42.09206,41.041179,41.202125,20202201,839928466.3674871
2018-11-14 00:00:00+00:00,41.429342,41.514549,40.437443,40.624613,28459659,1166888331.3980181
2018-11-15 00:00:00+00:00,40.425798,41.074315,40.089705,40.908635,25991788,1055906335.175991
2018-11-16 00:00:00+00:00,40.804494,41.448277,40.628022,41.192657,24657212,1011398460.0553498
2018-11-19 00:00:00+00:00,41.301533,41.91218,41.192657,41.826973,23722242,985856897.7787515
2018-11-20 00:00:00+00:00,41.789104,42.025789,41.088516,41.211592,23017674,955895234.8819185
2018-11-21 00:00:00+00:00,41.126386,41.18319,40.49491,40.804494,19708003,806101567.166735
2018-11-23 00:00:00+00:00,40.662483,41.225793,40.520472,40.842364,8862939,361721161.83454204
2018-11-26 00:00:00+00:00,41.012777,41.173723,40.591478,41.031712,20191048,826872328.41378
2018-11-27 00:00:00+00:00,40.899168,41.798571,40.681418,41.722832,19808266,817596028.8102685
2018-11-28 00:00:00+00:00,41.931115,42.527561,41.751234,42.508626,19935254,840861717.417036
2018-11-29 00:00:00+00:00,42.339917,43.389094,42.320225,43.086137,26121093,1117560748.4306724
2018-11-30 00:00:00+00:00,42.934659,43.796192,42.868387,43.76779,45150984,1956922976.8388882
2018-12-03 00:00:00+00:00,43.900334,43.909801,43.322822,43.540573,26825961,1171446325.8780825
2018-12-04 00:00:00+00:00,43.76779,43.995008,42.707441,42.735844,28765340,1245582966.8908048
2018-12-06 00:00:00+00:00,42.205669,42.593833,41.292065,42.584365,32257422,1360262679.9418259
2018-12-07 00:00:00+00:00,42.309811,42.550283,41.348869,41.580821,28023763,1175525285.159298
2018-12-10 00:00:00+00:00,41.789104,42.186734,40.776092,42.035256,26243922,1094287474.9958732
2018-12-11 00:00:00+00:00,41.732299,42.139397,41.249462,41.666027,23956056,998890785.9855901
2018-12-12 00:00:00+00:00,41.987919,42.456555,41.798571,41.808038,20224263,849677325.0067073
2018-12-13 00:00:00+00:00,42.09206,42.508626,41.855375,42.196202,23664483,997767152.6687573
2018-12-14 00:00:00+00:00,41.732299,41.770169,41.112184,41.467212,33095708,1374149218.759928
2018-12-17 00:00:00+00:00,41.18319,41.628158,40.690885,40.813961,38735061,1591199449.4694588
2018-12-18 00:00:00+00:00,41.154788,41.18319,39.80095,40.141776,31192430,1265482374.9676802
2018-12-19 00:00:00+00:00,40.548874,40.700353,39.346514,39.734678,37017008,1483738100.6915882
2018-12-20 00:00:00+00:00,39.488525,40.151243,39.318112,39.715743,34568547,1371279148.5839455
2018-12-21 00:00:00+00:00,39.270775,40.586744,39.242373,39.696808,62060709,2463758947.215075
2018-12-24 00:00:00+00:00,39.583199,39.72521,38.361905,38.390307,19820536,773301289.178214
2018-12-26 00:00:00+00:00,38.503916,39.952428,38.267231,39.942961,25491623,998421068.106982
2018-12-27 00:00:00+00:00,39.583199,40.567809,39.062492,40.567809,28956527,1156677947.0384605
2018-12-28 00:00:00+00:00,40.728755,41.216326,40.529939,40.67195,25535517,1041510556.4833726
2018-12-31 00:00:00+00:00,40.908635,41.400846,40.804494,41.325201,20577931,845954504.356214
2019-01-02 00:00:00+00:00,40.823429,41.18319,40.36426,40.946505,26486904,1081442967.884784
2019-01-03 00:00:00+00:00,40.937038,41.031712,39.715743,39.80095,28564556,1153189994.939577
2019-01-04 00:00:00+00:00,40.179646,41.036445,40.004499,40.70982,27203491,1101268112.7653277
2019-01-07 00:00:00+00:00,40.776092,41.296799,40.577276,40.92757,21040452,860437380.904281
2019-01-08 00:00:00+00:00,41.239994,41.372538,40.851831,41.116918,19719338,811358477.1279944
2019-01-09 00:00:00+00:00,41.14532,41.344136,40.899168,41.031712,20150614,828292681.121576
2019-01-10 00:00:00+00:00,40.918103,40.92757,39.791482,40.056569,39816223,1609508343.121113
2019-01-11 00:00:00+00:00,40.066037,40.596211,39.905091,40.596211,21109589,850524075.5702374
2019-01-14 00:00:00+00:00,40.255385,40.359526,39.924026,40.113374,17642818,708589871.0630995
2019-01-15 00:00:00+00:00,40.331124,40.937038,40.170178,40.4542,25920708,1049092314.17958
2019-01-16 00:00:00+00:00,40.321657,40.512993,39.791482,39.867221,30234001,1213089048.7738383
2019-01-17 00:00:00+00:00,39.715743,40.387928,39.602134,40.208048,24229066,968640824.6628244
2019-01-18 00:00:00+00:00,40.577276,40.596211,40.009232,40.264852,38701102,1562049728.2308104
2019-01-22 00:00:00+00:00,40.151243,40.416331,39.696808,40.0187,29507169,1182374997.1037145
2019-01-23 00:00:00+00:00,39.753613,39.952428,39.337047,39.914558,24515350,974225581.7165251
2019-01-24 00:00:00+00:00,39.554797,39.564265,38.456579,38.769003,34467691,1347209719.7242508
2019-01-25 00:00:00+00:00,38.911014,39.053025,38.347704,38.475514,35944199,1390925992.0680358
2019-01-28 00:00:00+00:00,38.34297,38.371372,37.377295,37.424632,39413841,1492959533.8198073
2019-01-29 00:00:00+00:00,37.39623,38.674329,37.367828,38.59859,51486735,1956971886.2500238
2019-01-30 00:00:00+00:00,38.59859,39.526395,38.56072,39.365449,36145123,1410122038.9054854
2019-01-31 00:00:00+00:00,39.176101,40.350059,39.147699,40.189113,41015022,1628942072.8913462
2019-02-01 00:00:00+00:00,40.586744,40.823429,40.283787,40.596211,27298111,1107553775.5417452
2019-02-04 00:00:00+00:00,40.558342,40.558342,39.72521,40.179646,19468104,783696021.74004
2019-02-05 00:00:00+00:00,40.170178,40.4542,39.819884,39.867221,21172914,848565310.6928656
2019-02-06 00:00:00+00:00,39.687341,40.113374,39.564265,40.075504,16485592,657117691.876632
2019-02-07 00:00:00+00:00,39.867221,39.905091,39.012789,39.479058,24299909,961451165.4153827
2019-02-08 00:00:00+00:00,39.318112,39.990298,39.280243,39.98083,27559461,1092522370.6321657
2019-02-11 00:00:00+00:00,40.028167,40.056569,39.299177,39.460123,27160186,1078558390.687674
2019-02-12 00:00:00+00:00,39.479058,39.772547,39.185569,39.640004,30605510,1209508163.012695
2019-02-13 00:00:00+00:00,39.687341,39.819884,39.185569,39.479058,24810203,981068939.251489
2019-02-14 00:00:00+00:00,39.479058,39.876689,39.403319,39.734678,19907521,788804384.2621561
2019-02-15 00:00:00+00:00,40.122841,40.245917,39.838819,40.141776,19209982,770077046.2104115
2019-02-19 00:00:00+00:00,39.990298,40.577276,39.938227,40.331124,24485395,984538909.8025938
2019-02-20 00:00:00+00:00,40.264852,40.293254,39.696808,39.952428,27413448,1097958909.783804
2019-02-21 00:00:00+00:00,39.782015,40.066037,39.630536,39.895624,19653825,783078218.040225
2019-02-22 00:00:00+00:00,40.047102,40.828162,39.971363,40.67195,24832592,1002731230.765396
2019-02-25 00:00:00+00:00,40.74769,41.05538,40.653016,40.785559,25328906,1033683070.3725926
2019-02-26 00:00:00+00:00,40.67195,40.92757,40.520472,40.728755,16584331,675184380.7958143
2019-02-27 00:00:00+00:00,40.690885,40.918103,40.529939,40.643548,16510355,671899112.5071563
2019-02-28 00:00:00+00:00,40.662483,41.448277,40.586744,41.041179,39085940,1599970084.8542552
2019-03-01 00:00:00+00:00,41.287331,41.457745,40.984375,41.050646,26724777,1100927836.5908422
2019-03-04 00:00:00+00:00,41.126386,41.268397,40.596211,40.776092,22854688,935711413.7997919
2019-03-05 00:00:00+00:00,40.795027,40.946505,40.567809,40.605679,26586615,1082839728.614325
2019-03-06 00:00:00+00:00,40.539407,40.586744,39.403319,39.630536,22458675,899245380.6880126
2019-03-07 00:00:00+00:00,39.630536,39.660737,39.053025,39.185569,29108262,1146355160.3652883
2019-03-08 00:00:00+00:00,39.128764,39.232906,38.191492,38.712199,31373127,1217789972.3384616
2019-03-11 00:00:00+00:00,38.911014,39.308645,38.626992,39.28971,29223934,1140729677.2160437
2019-03-12 00:00:00+00:00,39.479058,39.687341,39.171083,39.50746,24222273,955840819.1982917
2019-03-13 00:00:00+00:00,39.640004,39.886156,39.337047,39.772547,23766131,942539527.7119436
2019-03-14 00:00:00+00:00,39.76308,39.838819,38.939416,38.996221,32188333,1267717667.191872
2019-03-15 00:00:00+00:00,39.03409,39.649471,38.683796,39.554797,74928727,2939494309.3294897
2019-03-18 00:00:00+00:00,39.54533,39.824618,39.431721,39.583199,19035023,753714901.307991
2019-03-19 00:00:00+00:00,39.734678,40.170178,39.526395,40.047102,26459794,1054941091.9598205
2019-03-20 00:00:00+00:00,39.952428,40.137042,39.554797,39.924026,23549325,939431397.8880563
2019-03-21 00:00:00+00:00,39.696808,40.368994,39.640004,40.094439,24314517,971366443.4141662
2019-03-22 00:00:00+00:00,39.952428,40.350059,39.597401,39.621069,19662093,784128972.9957503
2019-03-25 00:00:00+00:00,39.583199,39.905091,39.450656,39.658939,19866142,787682026.0774176
2019-03-26 00:00:00+00:00,39.952428,40.425798,39.886156,40.160711,20893881,837975700.6389832
2019-03-27 00:00:00+00:00,40.084972,40.368994,39.687341,39.782015,19496689,779493818.2202146
2019-03-28 00:00:00+00:00,39.933493,40.108735,39.819884,40.037635,16951744,677644894.202192
2019-03-29 00:00:00+00:00,40.141776,40.312189,39.945706,40.208048,21728371,872436025.9739373
2019-04-01 00:00:00+00:00,40.312189,40.648282,40.283787,40.558342,20388544,824729857.3536
2019-04-02 00:00:00+00:00,40.662483,40.880233,40.463668,40.624613,18665004,758877052.3822469
2019-04-03 00:00:00+00:00,40.700353,40.776092,40.283787,40.558342,16235497,658830680.3053195
2019-04-04 00:00:00+00:00,40.511005,40.634081,40.23645,40.463668,13018733,526754874.5516329
2019-04-05 00:00:00+00:00,40.690885,40.974907,40.605679,40.700353,15592342,635278104.0429521
2019-04-08 00:00:00+00:00,40.776092,40.974907,40.624613,40.842364,15443495,630163999.0665301
2019-04-09 00:00:00+00:00,40.690885,40.70982,40.312189,40.558342,18865364,765326483.4674761
2019-04-10 00:00:00+00:00,40.634081,40.634081,40.375337,40.4542,13230851,536172625.72796226
2019-04-11 00:00:00+00:00,40.511005,40.548874,39.753613,40.0187,20258098,814538576.772704
2019-04-12 00:00:00+00:00,40.084972,40.084972,39.365449,39.488525,21384258,850152122.670711
2019-04-15 00:00:00+00:00,39.630536,39.876689,39.261308,39.848287,18402058,729718980.3538901
2019-04-16 00:00:00+00:00,39.971363,40.047102,38.655394,38.740601,27565886,1084817264.77789
2019-04-17 00:00:00+00:00,38.721666,38.81634,37.292089,37.755991,42502900,1621337788.66235
2019-04-18 00:00:00+00:00,37.803328,37.803328,36.373751,37.282621,50688025,1891462023.709925
2019-04-22 00:00:00+00:00,36.951262,37.39623,36.742979,36.903925,31085318,1150113215.469482
2019-04-23 00:00:00+00:00,37.008067,37.528774,36.809251,37.320491,26729205,993434893.4141288
2019-04-24 00:00:00+00:00,37.39623,37.528774,37.074338,37.273154,21242325,792723718.3982999
2019-04-25 00:00:00+00:00,37.159545,37.703921,37.079072,37.500371,18168914,678803840.3827064
2019-04-26 00:00:00+00:00,37.557176,37.860133,37.344159,37.841198,20096080,756630806.0373199
2019-04-29 00:00:00+00:00,37.841198,37.888535,37.481437,37.481437,23278703,876982110.6621803
2019-04-30 00:00:00+00:00,38.248296,38.986753,37.680252,38.447111,34433995,1320220131.998985
2019-05-01 00:00:00+00:00,38.428177,38.740506,38.030546,38.59859,20747699,797737713.8671203
2019-05-02 00:00:00+00:00,38.636459,38.835275,38.413976,38.825807,20515004,793476847.5252669
2019-05-03 00:00:00+00:00,39.024623,39.284976,38.844742,39.185569,18704742,731074420.2133049
2019-05-06 00:00:00+00:00,38.731133,39.54533,38.664862,39.431721,26029412,1017574610.0072381
2019-05-07 00:00:00+00:00,39.185569,39.488525,38.34297,38.655394,27662959,1076590205.7708056
2019-05-08 00:00:00+00:00,38.626992,38.844742,38.286166,38.769003,23863071,921871614.4247782
2019-05-09 00:00:00+00:00,38.153622,38.664862,38.08735,38.475514,19774667,758266270.177779
2019-05-10 00:00:00+00:00,38.466046,38.644696,37.74179,38.551253,17429096,668422323.88209
2019-05-13 00:00:00+00:00,38.08735,38.484981,38.011611,38.409242,28070907,1073664359.9244719
2019-05-14 00:00:00+00:00,38.428177,38.693264,38.399774,38.494448,26830019,1033060791.1468993
2019-05-15 00:00:00+00:00,38.683796,39.090895,38.532318,38.958351,33592557,1303940113.98138
2019-05-16 00:00:00+00:00,38.958351,39.744145,38.958351,39.422254,25563068,1003881498.128467
2019-05-17 00:00:00+00:00,39.100362,39.583199,39.053025,39.261308,29250258,1148057226.239163
2019-05-20 00:00:00+00:00,39.195036,39.488525,39.081427,39.374917,24303471,954761281.0275637
2019-05-21 00:00:00+00:00,39.488525,39.583199,39.275509,39.450656,28846673,1137986026.0183241
2019-05-22 00:00:00+00:00,39.469591,39.961895,39.337047,39.753613,25328979,1003801026.7672336
2019-05-23 00:00:00+00:00,39.611602,39.744145,39.426987,39.687341,25550832,1012260565.8381001
2019-05-24 00:00:00+00:00,39.819884,40.051836,39.63527,39.715743,15416299,613656314.8812917
2019-05-28 00:00:00+00:00,39.905091,40.217515,39.658939,39.668406,49546763,1975057233.1396532
2019-05-29 00:00:00+00:00,39.479058,39.611602,39.081427,39.497993,26953406,1062436420.0731201
2019-05-30 00:00:00+00:00,39.460123,39.715743,39.365449,39.668406,17381397,687476492.4900593
2019-05-31 00:00:00+00:00,39.469591,39.744145,39.242373,39.308645,22687824,894834743.0388241
2019-06-03 00:00:00+00:00,39.412786,39.942961,39.355982,39.687341,22691570,898580896.209975
2019-06-04 00:00:00+00:00,40.217515,40.473135,39.80095,39.98083,18493231,741913429.2803326
2019-06-05 00:00:00+00:00,40.331124,40.558342,40.14651,40.217515,21464762,865316951.4960355
2019-06-06 00:00:00+00:00,40.520472,40.790293,40.217515,40.435265,24546631,993914843.6417239
2019-06-07 00:00:00+00:00,40.690885,40.941771,40.577276,40.634081,20066684,816934837.540723
2019-06-10 00:00:00+00:00,40.937038,40.937038,40.397396,40.776092,15308387,623998802.279817
2019-06-11 00:00:00+00:00,40.899168,40.993842,40.283787,40.397396,18853499,766273096.2878267
2019-06-12 00:00:00+00:00,40.208048,40.870766,40.19858,40.785559,16331973,661701943.1740673
2019-06-13 00:00:00+00:00,40.776092,40.842364,40.10864,40.23645,14495006,586915642.762819
2019-06-14 00:00:00+00:00,40.255385,40.586744,40.217515,40.482602,13226320,534152359.7786799
2019-06-17 00:00:00+00:00,40.425798,40.615146,40.094439,40.596211,14125141,571120392.3511884
2019-06-18 00:00:00+00:00,40.539407,41.022244,40.539407,40.776092,22882352,931753069.7642
2019-06-19 00:00:00+00:00,40.870766,41.263663,40.795027,41.18319,21800227,894423234.0926605
2019-06-20 00:00:00+00:00,41.495614,41.760701,41.187924,41.277864,23550947,975728116.1203853
2019-06-21 00:00:00+00:00,41.230527,41.65656,41.003309,41.344136,38222839,1578933228.4690871
2019-06-24 00:00:00+00:00,41.363071,41.561886,41.154788,41.429342,24677008,1021067265.992924
2019-06-25 00:00:00+00:00,41.514549,41.931115,41.429342,41.429342,28490064,1184505379.4995677
2019-06-26 00:00:00+00:00,41.353603,41.467212,40.23645,40.700353,41097111,1682491251.0103996
2019-06-27 00:00:00+00:00,40.728755,41.239994,40.719287,41.116918,22042025,902648222.7979625
2019-06-28 00:00:00+00:00,41.135853,41.386739,40.686152,41.012777,39811201,1634463995.2641802
2019-07-01 00:00:00+00:00,41.192657,41.542951,41.026978,41.43881,21401567,883892186.2468829
2019-07-02 00:00:00+00:00,41.353603,41.864843,41.334668,41.864843,16577348,689692096.6595091
2019-07-03 00:00:00+00:00,42.006854,42.187965,41.637625,42.035256,10319667,433084691.01397496
2019-07-05 00:00:00+00:00,41.950049,41.983185,41.448277,41.580821,18334479,765291842.461257
2019-07-08 00:00:00+00:00,41.467212,41.533484,40.690885,40.993842,24006591,988383898.4057484
2019-07-09 00:00:00+00:00,41.107451,41.467212,40.993842,41.060114,14253758,586644123.7750505
2019-07-10 00:00:00+00:00,41.325201,41.755968,41.121652,41.713364,15331305,635927909.1678562
2019-07-11 00:00:00+00:00,41.012777,41.239994,40.122841,40.690885,38465647,1568114577.7821398
2019-07-12 00:00:00+00:00,40.624613,40.700353,39.772547,40.141776,33652839,1356539958.2978675
2019-07-15 00:00:00+00:00,40.0187,40.49207,39.990298,40.473135,20407490,821269859.4951174
2019-07-16 00:00:00+00:00,40.511005,40.676684,40.217515,40.567809,19595293,793477161.9569521
2019-07-17 00:00:00+00:00,40.795027,40.889701,40.4542,40.463668,16376470,665714133.82903
2019-07-18 00:00:00+00:00,40.577276,40.766624,40.283787,40.766624,13758443,558573217.8544432
2019-07-19 00:00:00+00:00,40.889701,40.908635,40.49207,40.49207,23603008,960539020.821952
2019-07-22 00:00:00+00:00,40.548874,40.728755,40.283787,40.539407,12579000,509766563.12925
2019-07-23 00:00:00+00:00,40.567809,40.92757,40.473135,40.795027,19628778,798712353.1957245
2019-07-24 00:00:00+00:00,40.70982,40.70982,40.113374,40.605679,18156574,735970794.4294456
2019-07-25 00:00:00+00:00,40.548874,40.70982,40.266272,40.397396,17552371,710530342.7550755
2019-07-26 00:00:00+00:00,40.387928,40.870766,40.170178,40.795027,21107380,856030370.3186551
2019-07-29 00:00:00+00:00,39.924026,40.70982,39.138232,39.242373,64697345,2571953199.083149
2019-07-30 00:00:00+00:00,37.708654,38.096818,36.544164,36.724045,95944614,3575704195.2760334
2019-07-31 00:00:00+00:00,36.544164,37.557176,36.458957,36.771382,56429911,2078478383.3626423
2019-08-01 00:00:00+00:00,36.269609,36.563099,35.673163,36.212805,51735406,1871769864.6606143
2019-08-02 00:00:00+00:00,36.212805,36.48736,35.739435,35.97612,29216002,1054812491.08786
2019-08-05 00:00:00+00:00,35.748902,35.815174,34.470803,34.99151,46128664,1626339728.328574
2019-08-06 00:00:00+00:00,35.209261,35.322869,34.527608,34.982043,32054271,1122234299.8741627
2019-08-07 00:00:00+00:00,34.698021,34.825831,33.950096,34.631749,32085751,1107806251.4058619
2019-08-08 00:00:00+00:00,34.745358,34.982043,34.650684,34.906304,23406380,815035834.250455
2019-08-09 00:00:00+00:00,34.81163,34.868434,34.186781,34.413999,25446007,879673831.097477
2019-08-12 00:00:00+00:00,34.376129,34.385597,32.927617,33.505129,42032919,1420654572.705942
2019-08-13 00:00:00+00:00,33.542998,33.898026,33.277911,33.325248,45685635,1530973404.6028013
2019-08-14 00:00:00+00:00,33.069628,33.116965,32.378508,32.416378,38716108,1267773271.7409332
2019-08-15 00:00:00+00:00,32.473182,32.738269,32.160758,32.643595,30779405,1000452271.929155
2019-08-16 00:00:00+00:00,32.870813,33.145367,32.653063,32.804541,30076551,988569492.4097459
2019-08-19 00:00:00+00:00,33.022291,33.438857,32.974954,33.306313,22044362,731555462.2535574
2019-08-20 00:00:00+00:00,33.230574,33.287378,32.728802,32.766671,19975669,659264120.3390812
2019-08-21 00:00:00+00:00,33.079096,33.249509,32.965487,33.012824,19251590,636779625.24911
2019-08-22 00:00:00+00:00,33.09803,33.35365,32.946552,33.211639,16970391,562610340.3323902
2019-08-23 00:00:00+00:00,33.334715,33.467259,32.350106,32.511052,27826224,915921950.893392
2019-08-26 00:00:00+00:00,32.776139,33.003356,32.643595,32.984422,17507831,575165128.056618
2019-08-27 00:00:00+00:00,33.145367,33.221107,32.482649,32.511052,24769231,813422629.6938564
2019-08-28 00:00:00+00:00,32.529986,33.277911,32.449514,33.211639,26110209,858171093.1328623
2019-08-29 00:00:00+00:00,33.883825,33.883825,33.348917,33.448324,19655465,661233876.3198287
2019-08-30 00:00:00+00:00,33.722879,33.817553,33.400987,33.656607,18914703,636470421.5440695
2019-09-03 00:00:00+00:00,33.713411,34.352461,33.618737,34.196249,26682067,906395539.2933714
2019-09-04 00:00:00+00:00,34.366662,34.461336,33.798618,33.921694,20712346,707058960.6088151
2019-09-05 00:00:00+00:00,34.186781,34.536981,33.973765,34.404532,22145201,759038163.5172148
2019-09-06 00:00:00+00:00,34.423466,34.617548,34.186781,34.55601,20918135,720545058.4509186
2019-09-09 00:00:00+00:00,34.641217,34.877902,34.205716,34.868434,24728431,856798522.3827347
2019-09-10 00:00:00+00:00,34.641217,35.389141,34.101575,35.389141,32319746,1127321418.331801
2019-09-11 00:00:00+00:00,35.729968,35.748902,35.332337,35.417543,16999486,604453911.1056249
2019-09-12 00:00:00+00:00,35.569022,35.616359,35.081451,35.294467,16728053,592011228.1052119
2019-09-13 00:00:00+00:00,35.398609,35.59269,34.660151,34.944173,24151163,848886952.0398872
2019-09-16 00:00:00+00:00,34.51814,35.043581,34.413999,34.868434,19919626,691430904.991601
2019-09-17 00:00:00+00:00,34.830565,34.840032,34.409265,34.55601,22441073,777784430.992664
2019-09-18 00:00:00+00:00,34.622282,34.764293,34.328792,34.442401,19752041,682224474.5011219
2019-09-19 00:00:00+00:00,34.480271,34.806896,34.404532,34.565477,17828887,616242891.9607781
2019-09-20 00:00:00+00:00,34.925239,35.266065,34.537075,34.735891,46387398,1617346149.817365
2019-09-23 00:00:00+00:00,34.442401,34.641217,34.30039,34.309858,17360994,597625595.365701
2019-09-24 00:00:00+00:00,34.33826,34.631749,34.063705,34.092107,24288849,832657090.0675073
2019-09-25 00:00:00+00:00,33.997433,34.413999,33.798618,33.987966,20382697,694020723.032288
2019-09-26 00:00:00+00:00,34.148912,34.309858,33.670808,33.874357,17107176,581660813.1843901
2019-09-27 00:00:00+00:00,33.950096,34.404532,33.817553,34.290923,17621420,601168417.52192
2019-09-30 00:00:00+00:00,34.347727,34.376129,34.006901,34.016368,17258567,590014854.7174686
2019-10-01 00:00:00+00:00,34.016368,34.101575,33.542998,33.542998,22104038,747138251.3514204
2019-10-02 00:00:00+00:00,33.382052,33.39152,32.809275,32.851878,22555817,746793355.3863313
2019-10-03 00:00:00+00:00,32.861345,33.580868,32.757204,33.561933,22330677,741162706.2334876
2019-10-04 00:00:00+00:00,33.599803,34.063705,33.557199,34.016368,18133867,613092782.8797562
2019-10-07 00:00:00+00:00,33.912227,34.328792,33.893292,33.921694,11797447,401278377.0048087
2019-10-08 00:00:00+00:00,33.751281,33.964771,33.533531,33.542998,14833188,499850923.74455696
2019-10-09 00:00:00+00:00,33.751281,33.978499,33.637672,33.789151,13683384,462349924.74613804
2019-10-10 00:00:00+00:00,33.770216,34.096084,33.703944,33.883825,12380161,419235795.58127725
2019-10-11 00:00:00+00:00,34.215184,34.631749,34.148912,34.186781,18509469,634794390.8213985
2019-10-14 00:00:00+00:00,34.234118,34.413999,34.063705,34.366662,8890751,304682667.175371
2019-10-15 00:00:00+00:00,34.508673,34.784364,34.470803,34.55601,15230944,526685472.3595999
2019-10-16 00:00:00+00:00,34.679086,34.792695,34.385597,34.404532,14494015,500992549.3671625
2019-10-17 00:00:00+00:00,34.546543,34.849499,34.432934,34.51814,15380758,531970877.798482
2019-10-18 00:00:00+00:00,34.489738,34.745358,34.413999,34.51814,14250170,492226646.7949875
2019-10-21 00:00:00+00:00,34.698021,34.726423,34.423466,34.51814,13292616,459811692.5216999
2019-10-22 00:00:00+00:00,34.470803,34.745358,34.319325,34.489738,14588989,503412118.6646339
2019-10-23 00:00:00+00:00,34.376129,34.821097,34.290923,34.81163,14049639,485765492.1824452
2019-10-24 00:00:00+00:00,34.792695,34.877902,34.328792,34.451869,20093309,695485977.1081805
2019-10-25 00:00:00+00:00,34.461336,34.915771,34.376129,34.81163,17535157,607439169.9984905
2019-10-28 00:00:00+00:00,34.896836,35.483815,34.858967,35.294467,25855599,908398236.8979788
2019-10-29 00:00:00+00:00,35.97612,36.695642,35.900381,36.174935,32280945,1168143115.9571776
2019-10-30 00:00:00+00:00,36.364283,36.752447,36.260142,36.430555,22066548,804366646.6629989
2019-10-31 00:00:00+00:00,36.345349,36.525229,36.146533,36.326414,24592440,893587979.48775
2019-11-01 00:00:00+00:00,36.629371,36.866056,36.345349,36.345349,19304418,705509515.7000625
2019-11-04 00:00:00+00:00,36.648305,36.676708,36.004522,36.004522,17747688,644835874.852554
2019-11-05 00:00:00+00:00,36.004522,36.070794,35.474348,35.483815,21734905,777204769.4711237
2019-11-06 00:00:00+00:00,35.606891,35.7205,35.365473,35.606891,18797858,668732646.9811975
2019-11-07 00:00:00+00:00,35.408076,35.573756,34.915771,34.944173,22775972,801952086.651568
2019-11-08 00:00:00+00:00,34.915771,35.180858,34.868434,35.076717,26684918,934250853.9685102
2019-11-11 00:00:00+00:00,34.944173,35.034114,34.792695,34.963108,12571064,439151547.09294003
2019-11-12 00:00:00+00:00,34.868434,35.114587,34.745358,35.000978,13367801,466968559.5584893
2019-11-13 00:00:00+00:00,34.982043,34.982043,34.366662,34.650684,26043783,904900564.009314
2019-11-14 00:00:00+00:00,34.612814,34.802162,34.385597,34.603347,25247153,873576236.0099398
2019-11-15 00:00:00+00:00,34.679086,35.474348,34.574945,35.294467,36457307,1276213970.9089305
2019-11-18 00:00:00+00:00,35.398609,35.445946,34.99151,35.237663,18134154,639563177.2265279
2019-11-19 00:00:00+00:00,35.436478,35.673163,35.332337,35.654228,26532285,942534258.7526774
2019-11-20 00:00:00+00:00,35.569022,35.682631,35.038847,35.076717,19990414,706497298.4644595
2019-11-21 00:00:00+00:00,35.228195,35.919316,35.06725,35.729968,20987496,744766108.027146
2019-11-22 00:00:00+00:00,35.777305,36.364283,35.682631,36.288544,25598697,922274738.4674528
2019-11-25 00:00:00+00:00,36.430555,36.809251,36.402153,36.619903,31662214,1157743593.670617
2019-11-26 00:00:00+00:00,36.48736,36.534697,36.023457,36.250675,34696004,1260299288.682189
2019-11-27 00:00:00+00:00,36.335881,36.648305,36.288544,36.572566,19242843,701619533.304132
2019-11-29 00:00:00+00:00,36.48736,36.809251,36.458957,36.468425,9814812,358790250.29607904
2019-12-02 00:00:00+00:00,36.724045,36.733512,36.212805,36.250675,15682650,572107137.7270125
2019-12-03 00:00:00+00:00,35.93825,36.165468,35.824642,36.023457,20956133,754168355.6609151
2019-12-04 00:00:00+00:00,36.19387,36.222272,35.871979,36.108664,14533257,524638896.5946862
2019-12-05 00:00:00+00:00,36.326414,36.326414,35.777305,36.004522,13126437,473978099.8685587
2019-12-06 00:00:00+00:00,36.241207,36.468425,36.179669,36.250675,12900449,468092714.562306
2019-12-09 00:00:00+00:00,36.070794,36.335881,36.070794,36.279077,15813506,572277127.177569
2019-12-10 00:00:00+00:00,36.23174,36.525229,36.151267,36.430555,19212327,698074094.6191642
2019-12-11 00:00:00+00:00,36.326414,36.515762,36.165468,36.184403,15602737,566348330.9581598
2019-12-12 00:00:00+00:00,36.137066,36.563099,36.137066,36.48736,13443866,488431081.9772015
2019-12-13 00:00:00+00:00,36.468425,36.619903,36.043339,36.288544,16714304,607649403.599536
2019-12-16 00:00:00+00:00,36.638838,37.301556,36.600968,37.055404,24253692,894941625.690018
2019-12-17 00:00:00+00:00,37.339426,37.339426,36.771382,36.828186,29101680,1078787782.4364002
2019-12-18 00:00:00+00:00,36.932327,36.993866,36.582034,36.818719,27399482,1009170501.2604932
2019-12-19 00:00:00+00:00,36.92286,37.064871,36.742979,36.894458,23548959,869104757.1500279
2019-12-20 00:00:00+00:00,37.254219,37.4341,36.894458,37.14061,58324779,2168564669.7266183
2019-12-23 00:00:00+00:00,37.320491,37.410431,37.045936,37.225817,17492328,651600915.99435
2019-12-24 00:00:00+00:00,37.235284,37.339426,37.112208,37.197415,5198830,193506084.23259753
2019-12-26 00:00:00+00:00,37.206882,37.462502,37.112208,37.282621,9406926,350559005.2348096
2019-12-27 00:00:00+00:00,37.329958,37.509839,37.159545,37.225817,10139909,378282383.1926328
2019-12-30 00:00:00+00:00,37.206882,37.320491,36.818719,36.837653,11580085,428995090.6795812
2019-12-31 00:00:00+00:00,34.792695,35.152456,34.716956,35.142989,15208916,531570990.35898405
2020-01-02 00:00:00+00:00,35.24713,35.294467,34.868434,35.105119,16549960,581380027.9735
2020-01-03 00:00:00+00:00,34.726423,35.190326,34.679086,34.915771,14957147,521673899.7870205
2020-01-06 00:00:00+00:00,34.81163,34.972576,34.707488,34.868434,15806293,550691753.921376
2020-01-07 00:00:00+00:00,35.086184,35.095652,34.688554,34.754825,20181538,704462895.5701677
2020-01-08 00:00:00+00:00,34.764293,35.171391,34.754825,35.02938,16439032,574214931.5768621
2020-01-09 00:00:00+00:00,35.218728,35.218728,34.792695,34.877902,22019424,771274656.205368
2020-01-10 00:00:00+00:00,34.963108,35.54062,34.953641,35.417543,21603734,760856031.530352
2020-01-13 00:00:00+00:00,35.531152,35.673163,35.161924,35.341804,15425555,546481302.8097162
2020-01-14 00:00:00+00:00,35.360739,35.947718,35.24713,35.93825,20965439,746861461.8748606
2020-01-15 00:00:00+00:00,36.042392,36.657773,36.023457,36.477892,23977058,870376280.7164531
2020-01-16 00:00:00+00:00,36.582034,36.591501,36.165468,36.421088,16251093,592190198.6323657
2020-01-17 00:00:00+00:00,36.383218,36.591501,36.250675,36.335881,23133352,841830053.03595
2020-01-21 00:00:00+00:00,36.212805,36.468425,36.042392,36.174935,23165209,839151339.1758534
2020-01-22 00:00:00+00:00,36.165468,36.241207,35.843576,36.042392,18137006,654259132.9617145
2020-01-23 00:00:00+00:00,36.042392,36.619903,35.995055,36.506294,27206825,987360464.667575
2020-01-24 00:00:00+00:00,36.714577,36.742979,35.550087,35.711033,34216775,1237951593.7474751
2020-01-27 00:00:00+00:00,35.341804,36.260142,35.199793,36.01399,32032405,1143682817.9245613
2020-01-28 00:00:00+00:00,35.266065,35.417543,34.035303,34.205716,70352662,2443429331.7017684
2020-01-29 00:00:00+00:00,34.186781,34.423466,33.675542,33.703944,34252730,1164504901.8052726
2020-01-30 00:00:00+00:00,33.268444,33.334715,32.908682,33.249509,32385734,1074893441.645225
2020-01-31 00:00:00+00:00,33.126433,33.590335,33.09803,33.400987,33966558,1131220421.9295073
2020-02-03 00:00:00+00:00,33.599803,34.111042,33.448324,33.637672,20920664,705009854.705606
2020-02-04 00:00:00+00:00,34.148912,34.290923,33.751281,33.798618,31217599,1061318246.0321665
2020-02-05 00:00:00+00:00,33.950096,34.59388,33.921694,34.234118,29506929,1008397734.7077631
2020-02-06 00:00:00+00:00,34.470803,34.527608,34.111042,34.309858,21092844,724641022.3776209
2020-02-07 00:00:00+00:00,34.404532,34.442401,34.016368,34.12051,21950482,751715169.4117255
2020-02-10 00:00:00+00:00,34.271988,34.281455,33.82702,33.912227,20041215,682867775.8045875
2020-02-11 00:00:00+00:00,33.978499,34.196249,33.86489,34.158379,16061600,546889517.4618
2020-02-12 00:00:00+00:00,34.158379,34.253053,33.82702,33.845955,22993461,782262876.2656567
2020-02-13 00:00:00+00:00,33.703944,33.703944,33.079096,33.116965,22146999,739731631.2247628
2020-02-14 00:00:00+00:00,33.154835,33.221107,32.66253,32.747737,21051735,693582087.1306539
2020-02-18 00:00:00+00:00,32.776139,32.889748,32.529986,32.577323,18037402,589702176.7691981
2020-02-19 00:00:00+00:00,32.643595,32.738269,32.473182,32.492117,17788981,579685801.5027258
2020-02-20 00:00:00+00:00,32.028214,32.340638,31.75366,32.15129,43045028,1380387349.6891139
2020-02-21 00:00:00+00:00,32.075551,32.122888,31.867268,32.037682,32494644,1040668505.1871289
2020-02-24 00:00:00+00:00,31.422301,31.744192,31.034137,31.090942,38050573,1191854026.667689
2020-02-25 00:00:00+00:00,31.100409,31.157213,30.229408,30.428224,41968502,1289642270.832377
2020-02-26 00:00:00+00:00,30.712246,31.573779,30.51343,31.138279,48026625,1488077768.5419374
2020-02-27 00:00:00+00:00,30.892126,32.028214,30.579702,30.579702,55563561,1723578106.1520958
2020-02-28 00:00:00+00:00,30.04006,30.437691,29.178527,29.973788,66213458,1980280087.657057
2020-03-02 00:00:00+00:00,30.409289,31.346561,29.992723,31.28029,42124426,1295630058.8269095
2020-03-03 00:00:00+00:00,31.554844,32.085019,30.371419,30.759583,46273337,1443391070.9816265
2020-03-04 00:00:00+00:00,31.479105,32.7004,31.346561,32.643595,38795065,1243087582.3807414
2020-03-05 00:00:00+00:00,31.97141,32.44478,31.526442,31.800997,35171388,1123230185.021763
2020-03-06 00:00:00+00:00,31.119344,31.545377,30.598637,31.403366,41018801,1278419885.769481
2020-03-09 00:00:00+00:00,30.011658,31.109876,29.737103,30.276745,43276274,1310571995.631667
2020-03-10 00:00:00+00:00,31.005735,31.081474,29.60456,31.02467,40635126,1246649490.2590785
2020-03-11 00:00:00+00:00,30.276745,30.380887,28.392733,28.847168,65530842,1931481151.8031964
2020-03-12 00:00:00+00:00,27.332384,28.695689,26.906351,26.925286,62865728,1726602661.7547202
2020-03-13 00:00:00+00:00,28.042439,29.490951,27.114634,29.339473,60682679,1729266672.6161156
2020-03-16 00:00:00+00:00,26.849546,28.951309,26.593927,27.067297,51104231,1398493842.739062
2020-03-17 00:00:00+00:00,28.373798,29.282668,27.436525,28.847168,54336649,1547781606.6467977
2020-03-18 00:00:00+00:00,27.597471,29.244799,27.180905,29.017581,43978896,1242851912.9713438
2020-03-19 00:00:00+00:00,28.894505,28.922907,26.915818,27.285047,59948926,1678843849.6301253
2020-03-20 00:00:00+00:00,27.152503,27.502797,25.931209,26.016415,52601305,1401863229.8039548
2020-03-23 00:00:00+00:00,25.789198,26.527655,25.003403,25.552513,52966186,1362194554.2972586
2020-03-24 00:00:00+00:00,26.461383,26.953688,25.921741,26.631796,44561981,1180542774.0731118
2020-03-25 00:00:00+00:00,26.461383,27.550134,26.006948,26.679133,44696748,1192258912.502826
2020-03-26 00:00:00+00:00,26.802209,28.686222,26.802209,28.477939,43373040,1201092501.92754
2020-03-27 00:00:00+00:00,27.625873,28.468472,27.49333,27.71108,38372330,1067698138.8622874
2020-03-30 00:00:00+00:00,27.843623,29.453081,27.843623,29.301603,30007636,858532944.6443701
2020-03-31 00:00:00+00:00,29.055451,29.595092,28.91344,29.273201,29532437,862621693.934352
2020-04-01 00:00:00+00:00,28.629418,28.951309,28.279124,28.477939,26766768,765113274.6406798
2020-04-02 00:00:00+00:00,28.610483,29.595092,28.477939,29.481484,27245093,791231543.4637035
2020-04-03 00:00:00+00:00,29.263733,30.390354,29.263733,30.172604,32907609,979745277.1590539
2020-04-06 00:00:00+00:00,30.418756,31.299224,30.29568,31.005735,40589876,1248335497.1612551
2020-04-07 00:00:00+00:00,31.393898,31.545377,30.125267,30.144202,24278196,747821508.936456
2020-04-08 00:00:00+00:00,30.485028,31.214018,29.992723,31.034137,25578596,784789092.076994
2020-04-09 00:00:00+00:00,31.412833,32.075551,31.251887,31.734725,30780721,973247891.3380289
2020-04-13 00:00:00+00:00,32.245964,32.264899,31.138279,31.516975,18309250,582079056.9205625
2020-04-14 00:00:00+00:00,32.22703,32.851878,31.687388,32.681465,21892092,708470573.2515031
2020-04-15 00:00:00+00:00,32.340638,32.492117,31.905138,32.255432,21357849,688754989.3394811
2020-04-16 00:00:00+00:00,32.397443,32.520519,31.905138,32.179693,20701639,667642312.6694317
2020-04-17 00:00:00+00:00,32.738269,33.183237,32.387975,33.09803,24457073,803460772.3188257
2020-04-20 00:00:00+00:00,32.62466,33.09803,32.359573,32.359573,22578796,736304901.227364
2020-04-21 00:00:00+00:00,32.085019,32.22703,31.725257,31.943008,24026607,768733177.0536494
2020-04-22 00:00:00+00:00,33.145367,33.183237,32.397443,32.511052,20229313,663709088.2207468
2020-04-23 00:00:00+00:00,32.539454,33.542998,32.539454,32.908682,20228594,665169715.808318
2020-04-24 00:00:00+00:00,33.041226,33.5714,32.993889,33.524063,17396581,579004220.9384545
2020-04-27 00:00:00+00:00,33.713411,34.565477,33.694477,34.376129,23444113,799148236.2072054
2020-04-28 00:00:00+00:00,35.019913,35.171391,33.524063,33.997433,35743082,1230569975.7124002
2020-04-29 00:00:00+00:00,34.489738,34.574945,33.817553,34.186781,26575258,910661122.6453465
2020-04-30 00:00:00+00:00,34.08264,34.537075,33.505129,34.404532,29513984,1007381454.6984961
2020-05-01 00:00:00+00:00,33.950096,34.025836,33.524063,33.760748,22728436,768566285.146987
2020-05-04 00:00:00+00:00,33.722879,34.006901,33.552466,33.741814,19936085,672962784.3012751
2020-05-05 00:00:00+00:00,34.802162,34.849499,34.319325,34.537075,24175560,837127484.79729
2020-05-06 00:00:00+00:00,34.953641,34.982043,34.537075,34.537075,24098918,837496647.689903
2020-05-07 00:00:00+00:00,34.451869,34.51814,33.088563,33.145367,33617909,1136318429.4358876
2020-05-08 00:00:00+00:00,33.410455,33.524063,33.221107,33.382052,19943944,665816987.994522
2020-05-11 00:00:00+00:00,33.410455,34.271988,33.325248,34.167847,25675285,867667615.7945826
2020-05-12 00:00:00+00:00,34.186781,34.290923,33.486194,33.505129,19376692,656235402.9296709
2020-05-13 00:00:00+00:00,33.457792,33.561933,32.814008,33.230574,24649502,819992225.3812784
2020-05-14 00:00:00+00:00,33.003356,34.04477,32.984422,34.006901,22410355,750967909.0235987
2020-05-15 00:00:00+00:00,34.04477,34.234118,33.524063,33.86489,25514491,865373977.0459828
2020-05-18 00:00:00+00:00,34.385597,34.489738,33.751281,34.139444,22687517,775720577.8182551
2020-05-19 00:00:00+00:00,33.950096,34.101575,33.457792,33.789151,19517871,660185223.6326984
2020-05-20 00:00:00+00:00,34.035303,34.262521,33.675542,33.751281,17541711,595210633.3127543
2020-05-21 00:00:00+00:00,33.694477,33.770216,33.230574,33.419922,17689957,593122981.6142182
2020-05-22 00:00:00+00:00,33.277911,33.656607,33.145367,33.628205,15815028,528649296.79412997
2020-05-26 00:00:00+00:00,33.770216,33.959564,33.590335,33.618737,23309863,786351538.3743192
2020-05-27 00:00:00+00:00,33.552466,33.666074,33.154835,33.552466,25959577,869164545.4323144
2020-05-28 00:00:00+00:00,33.940629,34.470803,33.82702,34.243586,22573283,770211917.0476885
2020-05-29 00:00:00+00:00,34.319325,34.461336,33.703944,34.253053,48742305,1666227157.8054225
2020-06-01 00:00:00+00:00,31.838866,32.047149,31.308692,31.800997,77112924,2448252517.7196236
2020-06-02 00:00:00+00:00,31.867268,32.425845,31.611649,32.425845,42782242,1372567771.1702237
2020-06-03 00:00:00+00:00,32.548921,32.653063,31.876736,32.425845,38834970,1257326474.1595125
2020-06-04 00:00:00+00:00,32.028214,32.548921,32.018747,32.293301,27071202,872296277.1519915
2020-06-05 00:00:00+00:00,32.501584,32.728802,32.179693,32.274367,36784282,1192587308.1694431
2020-06-08 00:00:00+00:00,32.103953,32.823476,31.999812,32.814008,30258793,981453399.2631141
2020-06-09 00:00:00+00:00,32.738269,32.88028,32.435312,32.473182,21721486,708810334.2864746
2020-06-10 00:00:00+00:00,32.605726,32.690932,32.18916,32.217562,29620444,960467925.9751799
2020-06-11 00:00:00+00:00,31.924073,31.999812,29.850712,29.869647,63301846,1956727223.118606
2020-06-12 00:00:00+00:00,30.560767,30.589169,29.632962,30.267278,37983628,1149481213.629632
2020-06-15 00:00:00+00:00,29.869647,30.238876,29.377342,29.916984,36325073,1084329301.5832443
2020-06-16 00:00:00+00:00,30.125267,30.456626,29.34894,29.954854,55736041,1670488391.486292
2020-06-17 00:00:00+00:00,30.125267,30.286213,29.879114,30.096865,27568688,829731074.070948
2020-06-18 00:00:00+00:00,29.841245,30.021125,29.576158,29.812843,32347983,964385330.4586732
2020-06-19 00:00:00+00:00,30.210473,30.25781,29.699234,29.973788,44021632,1322204079.17744
2020-06-22 00:00:00+00:00,29.888582,29.916984,29.519353,29.699234,23382480,695769969.25986
2020-06-23 00:00:00+00:00,29.774973,29.82231,29.358407,29.38681,37771109,1117481866.708125
2020-06-24 00:00:00+00:00,29.339473,29.358407,28.695689,28.866103,30883653,897630841.985454
2020-06-25 00:00:00+00:00,28.799831,29.036516,28.544211,28.989179,27477332,792513141.5754211
2020-06-26 00:00:00+00:00,28.922907,28.951309,28.345396,28.733559,42244269,1214028169.5317497
2020-06-29 00:00:00+00:00,29.112255,29.301603,28.87557,29.273201,24007583,699596747.6039268
2020-06-30 00:00:00+00:00,29.178527,29.490951,28.903972,29.330005,25506200,745440725.98025
2020-07-01 00:00:00+00:00,30.977333,30.977333,30.238876,30.25781,73660392,2254953647.312496
2020-07-02 00:00:00+00:00,31.053072,31.251887,30.532365,30.948931,45367816,1403978010.04227
2020-07-06 00:00:00+00:00,31.346561,31.384431,30.835322,30.948931,27209107,846987156.0840538
2020-07-07 00:00:00+00:00,30.541832,30.80692,30.456626,30.522898,25201818,770723737.0014421
2020-07-08 00:00:00+00:00,30.503963,30.825854,30.106332,30.267278,24308500,739606938.8073751
2020-07-09 00:00:00+00:00,30.248343,30.380887,29.689766,30.011658,20407345,613907292.5634074
2020-07-10 00:00:00+00:00,30.191539,30.532365,30.030593,30.343017,24511418,742067946.103713
2020-07-13 00:00:00+00:00,31.147746,32.037682,30.958398,31.573779,56690207,1781739262.7485588
2020-07-14 00:00:00+00:00,31.725257,31.763127,31.28029,31.592714,32924467,1040095337.320049
2020-07-15 00:00:00+00:00,32.274367,32.283834,31.810464,32.037682,26350782,845901914.3033384
2020-07-16 00:00:00+00:00,31.924073,31.961942,31.621116,31.924073,18461277,588135688.8718771
2020-07-17 00:00:00+00:00,32.160758,32.586791,32.037682,32.511052,23416545,756918057.3005587
2020-07-20 00:00:00+00:00,33.618737,33.741814,32.577323,32.738269,36894472,1223754060.745374
2020-07-21 00:00:00+00:00,33.126433,33.258976,32.757204,32.908682,23697572,782323767.7389349
2020-07-22 00:00:00+00:00,34.290923,34.735891,33.64714,34.584412,90899697,3119185970.028776
2020-07-23 00:00:00+00:00,35.180858,35.351272,34.243586,34.451869,59767243,2080312226.2495384
2020-07-24 00:00:00+00:00,34.111042,34.215184,33.476726,33.779683,33942993,1150520107.6816385
2020-07-27 00:00:00+00:00,33.505129,33.855422,33.39152,33.666074,27699495,930828683.8341936
2020-07-28 00:00:00+00:00,34.565477,35.275532,34.129977,34.99151,56514618,1963353094.4416318
2020-07-29 00:00:00+00:00,35.24713,35.379674,34.480271,35.209261,37112948,1301888220.3796318
2020-07-30 00:00:00+00:00,34.328792,34.925239,34.262521,34.745358,32342924,1117948611.80621
2020-07-31 00:00:00+00:00,34.679086,34.754825,33.950096,34.508673,28564009,984691938.1385299
2020-08-03 00:00:00+00:00,34.631749,34.669619,34.271988,34.395064,31102879,1072803768.2702949
2020-08-04 00:00:00+00:00,34.357195,34.688554,34.158379,34.432934,29511597,1015472376.5020036
2020-08-05 00:00:00+00:00,34.499206,34.55601,34.196249,34.480271,24657487,849029622.476858
2020-08-06 00:00:00+00:00,34.77376,35.06725,34.215184,34.319325,20966844,725324480.073009
2020-08-07 00:00:00+00:00,34.347727,34.631749,34.224651,34.480271,23146692,796734588.427854
2020-08-10 00:00:00+00:00,34.574945,34.669619,34.309858,34.432934,20007330,690189641.8298699
2020-08-11 00:00:00+00:00,34.584412,34.603347,33.789151,33.893292,21372541,731316000.9808205
2020-08-12 00:00:00+00:00,33.931162,34.574945,33.912227,34.376129,20008566,684265260.3425145
2020-08-13 00:00:00+00:00,34.139444,34.243586,33.969031,34.234118,15372805,524928173.8655237
2020-08-14 00:00:00+00:00,34.092107,34.432934,34.016368,34.129977,12928871,441751679.7463015
2020-08-17 00:00:00+00:00,34.12051,34.451869,34.035303,34.395064,17531687,600472315.2531255
2020-08-18 00:00:00+00:00,34.480271,34.489738,34.234118,34.404532,10869636,373939008.44453096
2020-08-19 00:00:00+00:00,34.508673,34.622282,34.186781,34.309858,15723620,541000997.3925699
2020-08-20 00:00:00+00:00,34.243586,34.792695,34.196249,34.726423,22004499,758929410.8323869
2020-08-21 00:00:00+00:00,34.896836,34.972576,34.59388,34.868434,25521663,888994339.0450845
2020-08-24 00:00:00+00:00,34.99151,35.010445,34.565477,34.830565,25065477,873519321.9123923
2020-08-25 00:00:00+00:00,34.537075,34.584412,34.035303,34.451869,26277341,903997414.2739297
2020-08-26 00:00:00+00:00,34.253053,34.319325,33.779683,34.12051,24135232,823449290.680368
2020-08-27 00:00:00+00:00,34.04477,34.08264,33.789151,33.950096,22204015,754196322.5069637
2020-08-28 00:00:00+00:00,33.959564,34.129977,33.542998,33.997433,32900796,1115583510.064428
2020-08-31 00:00:00+00:00,33.940629,34.101575,33.628205,33.893292,30096753,1020006806.1907133
2020-09-01 00:00:00+00:00,33.893292,33.921694,32.747737,33.079096,36238834,1210755923.5497615
2020-09-02 00:00:00+00:00,32.974954,33.448324,32.643595,33.363118,29130954,964452994.0103533
2020-09-03 00:00:00+00:00,33.514596,33.618737,32.378508,32.643595,36033736,1190513522.947224
2020-09-04 00:00:00+00:00,32.728802,32.851878,32.170225,32.605726,26929758,877618131.6313244
2020-09-08 00:00:00+00:00,32.757204,32.832943,31.999812,32.22703,26793998,869579035.9080054
2020-09-09 00:00:00+00:00,32.548921,32.870813,32.416378,32.44478,27549390,897289775.8139702
2020-09-10 00:00:00+00:00,32.463715,32.577323,31.914605,31.97141,21697044,699333985.432833
2020-09-11 00:00:00+00:00,32.056616,32.387975,31.791529,32.350106,24160878,776689029.7166071
2020-09-14 00:00:00+00:00,32.605726,33.666074,32.539454,33.192704,29628873,977782126.7698333
2020-09-15 00:00:00+00:00,33.35365,33.495661,33.012824,33.145367,22050858,733232384.8841789
2020-09-16 00:00:00+00:00,33.438857,33.457792,32.927617,32.984422,22293290,740185649.02588
2020-09-17 00:00:00+00:00,32.984422,33.154835,32.776139,33.022291,17932705,591499904.8383338
2020-09-18 00:00:00+00:00,32.984422,33.249509,32.795074,32.851878,31762500,1047216636.5718751
2020-09-21 00:00:00+00:00,32.615193,32.719334,31.725257,32.302769,26665885,862391740.4011012
2020-09-22 00:00:00+00:00,32.113421,32.586791,32.056616,32.511052,22775904,736048206.29088
2020-09-23 00:00:00+00:00,32.586791,32.62466,32.255432,32.283834,23151953,750995625.4250753
2020-09-24 00:00:00+00:00,32.245964,32.321704,31.876736,32.075551,20904535,671662474.3739811
2020-09-25 00:00:00+00:00,31.876736,32.416378,31.857801,32.331171,14396381,462419265.43269145
2020-09-28 00:00:00+00:00,32.425845,32.804541,32.425845,32.634128,15076494,491080453.9303366
2020-09-29 00:00:00+00:00,32.671997,32.766671,32.321704,32.435312,13559805,441357021.720405
2020-09-30 00:00:00+00:00,32.529986,33.145367,32.511052,32.91815,22677725,743288261.1343437
2020-10-01 00:00:00+00:00,33.09803,33.268444,32.435312,32.615193,22568561,741473026.7493049
2020-10-02 00:00:00+00:00,32.340638,32.88028,32.312236,32.62466,21507668,699847762.779438
2020-10-05 00:00:00+00:00,32.757204,33.079096,32.586791,32.956019,19441567,638553942.3663425
2020-10-06 00:00:00+00:00,33.183237,33.211639,32.369041,32.435312,25287439,829423125.0461328
2020-10-07 00:00:00+00:00,32.520519,32.814008,32.312236,32.709867,22207480,723723063.3981
2020-10-08 00:00:00+00:00,32.823476,33.344183,32.747737,33.088563,17895652,590574228.221567
2020-10-09 00:00:00+00:00,33.031759,33.287378,32.814008,32.993889,23718106,783450749.469401
2020-10-12 00:00:00+00:00,32.91815,33.344183,32.7004,33.022291,19455436,641956546.8476161
2020-10-13 00:00:00+00:00,32.889748,33.296846,32.851878,33.09803,21589306,713183843.8619031
2020-10-14 00:00:00+00:00,33.192704,33.448324,32.795074,33.060161,22172011,734427150.1737232
2020-10-15 00:00:00+00:00,32.851878,32.946552,32.653063,32.776139,16131683,529230640.066164
2020-10-16 00:00:00+00:00,33.249509,34.186781,33.202172,34.035303,43085503,1450621726.4821987
2020-10-19 00:00:00+00:00,34.461336,34.840032,33.760748,33.902759,31999672,1095707768.88025
2020-10-20 00:00:00+00:00,33.959564,33.978499,33.495661,33.618737,22432779,757400502.7547797
2020-10-21 00:00:00+00:00,33.505129,33.590335,33.240041,33.258976,19025550,635427119.4973874
2020-10-22 00:00:00+00:00,33.258976,33.694477,33.211639,33.5714,19284830,644771378.25409
2020-10-23 00:00:00+00:00,34.016368,34.33826,33.760748,34.243586,30623328,1043941304.7663839
2020-10-26 00:00:00+00:00,33.959564,34.101575,33.60927,34.006901,33855440,1148353757.0166001
2020-10-27 00:00:00+00:00,33.221107,34.186781,33.069628,33.5714,36930442,1237621429.3752182
2020-10-28 00:00:00+00:00,33.003356,33.296846,31.67792,31.791529,33929980,1100770415.7592452
2020-10-29 00:00:00+00:00,31.819931,31.961942,31.034137,31.640051,27604305,872682919.2356513
2020-10-30 00:00:00+00:00,31.602181,31.867268,31.24242,31.819931,25703762,813085818.1579
2020-11-02 00:00:00+00:00,32.22703,32.511052,31.876736,32.492117,21476508,693191530.595745
2020-11-03 00:00:00+00:00,32.671997,32.842411,32.359573,32.454247,21682911,706473842.127927
2020-11-04 00:00:00+00:00,33.240041,34.186781,33.145367,33.476726,40958034,1372595004.5582778
2020-11-05 00:00:00+00:00,33.410455,33.448324,32.634128,32.634128,33999619,1123067212.3999164
2020-11-06 00:00:00+00:00,32.634128,32.927617,32.369041,32.643595,23921794,780893360.9898787
2020-11-09 00:00:00+00:00,37.538241,37.661317,34.423466,35.152456,230646534,8347990667.546579
2020-11-10 00:00:00+00:00,36.279077,36.354816,34.489738,34.688554,80263151,2845573204.573734
2020-11-11 00:00:00+00:00,34.868434,36.051859,33.987966,34.527608,59107252,2060417732.151871
2020-11-12 00:00:00+00:00,34.328792,34.385597,33.400987,33.675542,46921034,1592862570.092303
2020-11-13 00:00:00+00:00,33.959564,34.669619,33.817553,34.631749,40407007,1384732825.7360988
2020-11-16 00:00:00+00:00,33.950096,34.035303,33.050693,33.476726,75691805,2545379497.514122
2020-11-17 00:00:00+00:00,36.4888,36.5,35.82,36.04,46984500,1701412110.8999999
2020-11-18 00:00:00+00:00,36.93,37.42,36.3,36.32,63442680,2331042669.9
2020-11-19 00:00:00+00:00,36.6,36.63,35.86,36.19,43261829,1571269629.28
2020-11-20 00:00:00+00:00,36.7,37.31,36.44,36.7,60633847,2230567646.5125003
2020-11-23 00:00:00+00:00,37.03,37.09,36.21,36.52,43673118,1603349344.5750003
2020-11-24 00:00:00+00:00,36.13,36.74,36.02,36.6,42485263,1545295228.4675002
2020-11-25 00:00:00+00:00,36.53,36.56,36.24,36.53,26955795,982943064.6750001
2020-11-27 00:00:00+00:00,36.78,37.26,36.75,37.23,25276957,935373793.7849998
2020-11-30 00:00:00+00:00,37.95,38.8,37.6,38.31,65425877,2496978595.705
2020-12-01 00:00:00+00:00,39.4,40.5,39.01,39.41,72660817,2875915136.8599997
2020-12-02 00:00:00+00:00,40.47,41.41,40.3,40.8,84347479,3436738031.855
2020-12-03 00:00:00+00:00,40.98,41.03,39.52,40.09,68570055,2770573072.275
2020-12-04 00:00:00+00:00,39.89,40.45,39.89,40.34,35368133,1419765278.9524999
2020-12-07 00:00:00+00:00,40.66,41.4,40.37,41.25,48253744,1974543204.48
2020-12-08 00:00:00+00:00,41.4,42.77,41.35,42.56,87039307,3657391680.1400003
2020-12-09 00:00:00+00:00,43.07,43.0797,41.13,41.85,86118487,3641298467.6909747
2020-12-10 00:00:00+00:00,41.82,42.22,41.445,41.73,57749197,2414132994.0887494
2020-12-11 00:00:00+00:00,41.97,42.07,40.69,41.12,60737026,2518308940.525
2020-12-14 00:00:00+00:00,41.62,41.66,39.07,39.21,94809746,3829365640.94
2020-12-15 00:00:00+00:00,39.06,39.18,38.21,38.71,66003269,2560266804.51
2020-12-16 00:00:00+00:00,38.18,38.47,37.74,37.84,56515268,2150829811.9100003
2020-12-17 00:00:00+00:00,37.83,38.12,37.31,38.03,52036392,1968146436.4199998
2020-12-18 00:00:00+00:00,37.99,38.09,37.5,37.68,60259175,2278700702.6250005
2020-12-21 00:00:00+00:00,37.28,37.4,36.91,37.38,40891838,1522914276.715
2020-12-22 00:00:00+00:00,37.21,37.33,36.605,36.74,34103903,1260863923.78875
2020-12-23 00:00:00+00:00,37.01,37.65,36.88,37.44,36181989,1347598180.3049998
2020-12-24 00:00:00+00:00,37.4,37.57,37.18,37.27,14790136,552485530.2800001
2020-12-28 00:00:00+00:00,37.36,37.58,36.68,36.82,26993685,1001735650.35
2020-12-29 00:00:00+00:00,36.9,37.2,36.79,37.05,23152070,856279308.9499999
2020-12-30 00:00:00+00:00,37.03,37.24,36.7,36.74,24889848,919119862.0200001
2020-12-31 00:00:00+00:00,36.66,36.92,36.29,36.81,30796516,1129308241.72
2021-01-04 00:00:00+00:00,36.87,36.94,36.27,36.81,33565683,1232615793.9675002
2021-01-05 00:00:00+00:00,36.72,37.37,36.6,37.19,29909381,1105749815.57
2021-01-06 00:00:00+00:00,36.83,37.48,36.77,36.87,34962509,1293175801.6375
2021-01-07 00:00:00+00:00,37.04,37.15,36.67,37.06,27809480,1028394570.4000001
2021-01-08 00:00:00+00:00,37.16,37.525,36.9,37.13,33462370,1244089088.6375
2021-01-11 00:00:00+00:00,37.22,37.83,37.145,37.77,47326586,1774332867.3725
2021-01-12 00:00:00+00:00,37.7,37.7859,36.82,37.18,47831077,1787517898.3285751
2021-01-13 00:00:00+00:00,37.0,37.17,36.64,36.86,31027868,1145471316.89
2021-01-14 00:00:00+00:00,36.78,36.96,36.61,36.75,30271992,1113252505.8000002
2021-01-15 00:00:00+00:00,36.68,36.78,36.4,36.7,34287816,1256305578.24
2021-01-19 00:00:00+00:00,36.76,37.0,36.62,36.73,33451275,1230254266.3124998
2021-01-20 00:00:00+00:00,36.79,36.81,36.46,36.5,35400057,1297058088.48
2021-01-21 00:00:00+00:00,36.39,36.59,36.15,36.48,33864105,1232738082.2624998
2021-01-22 00:00:00+00:00,36.32,36.83,36.25,36.55,26271163,958569059.9625
2021-01-25 00:00:00+00:00,36.55,37.29,36.32,37.28,31728455,1169510851.3
2021-01-26 00:00:00+00:00,37.27,37.6,37.16,37.31,27718696,1034877515.16
2021-01-27 00:00:00+00:00,36.99,37.04,36.17,36.24,50561180,1851044799.8
2021-01-28 00:00:00+00:00,35.98,36.33,35.84,35.86,39466710,1420900226.7749999
2021-01-29 00:00:00+00:00,36.88,36.88,35.62,35.9,60251859,2188347518.88
2021-02-01 00:00:00+00:00,35.93,36.19,35.72,35.8,40395805,1450613357.55
2021-02-02 00:00:00+00:00,35.76,35.78,34.27,34.99,84062442,2958997958.4
2021-02-03 00:00:00+00:00,34.99,35.2891,34.78,34.84,38524232,1347376346.2478
2021-02-04 00:00:00+00:00,34.81,35.08,34.7,34.89,34284903,1195514567.6100001
2021-02-05 00:00:00+00:00,34.92,35.08,34.78,34.92,31749594,1108854570.4499998
2021-02-08 00:00:00+00:00,34.96,35.0138,34.74,34.82,31633900,1103499568.9550002
2021-02-09 00:00:00+00:00,34.8,35.06,34.76,34.97,30170176,1052863716.96
2021-02-10 00:00:00+00:00,35.0,35.08,34.7,34.74,29039856,1012910177.2800001
2021-02-11 00:00:00+00:00,34.8,34.81,34.28,34.43,30885165,1068009005.6999999
2021-02-12 00:00:00+00:00,34.44,34.95,34.36,34.72,25578646,885468777.905
2021-02-16 00:00:00+00:00,34.85,34.8598,34.56,34.69,28730342,998090644.5629001
2021-02-17 00:00:00+00:00,34.57,34.9974,34.46,34.89,26501081,920365317.4273499
2021-02-18 00:00:00+00:00,34.78,34.876,34.52,34.56,24052519,834237568.996
2021-02-19 00:00:00+00:00,34.66,34.68,34.4,34.44,28145263,972278110.335
2021-02-22 00:00:00+00:00,34.33,34.37,34.04,34.26,34322488,1175545213.9999998
2021-02-23 00:00:00+00:00,34.0,34.1899,33.68,33.91,37624172,1277151577.9357
2021-02-24 00:00:00+00:00,33.87,34.05,33.67,33.75,30686122,1038264937.8699998
2021-02-25 00:00:00+00:00,33.82,34.11,33.54,33.82,37506087,1268549627.5575
2021-02-26 00:00:00+00:00,33.84,33.9,33.36,33.49,41462750,1395117880.625
2021-03-01 00:00:00+00:00,33.59,33.93,33.51,33.69,30407772,1024133760.96
2021-03-02 00:00:00+00:00,33.68,33.89,33.5,33.51,27670392,930970338.8399999
2021-03-03 00:00:00+00:00,33.51,34.4499,33.44,34.39,46020164,1562268366.8858998
2021-03-04 00:00:00+00:00,34.26,35.085,33.84,34.2,45449559,1561021915.8037498
2021-03-05 00:00:00+00:00,34.29,34.55,33.955,34.39,30589931,1049119921.05875
2021-03-08 00:00:00+00:00,34.48,34.87,34.33,34.35,24352299,840336957.7425
2021-03-09 00:00:00+00:00,34.54,34.85,34.44,34.45,25167096,870026508.72
2021-03-10 00:00:00+00:00,34.64,35.14,34.52,34.93,33501784,1166113346.5800002
2021-03-11 00:00:00+00:00,35.07,35.12,34.66,34.71,24557862,856823805.1800001
2021-03-12 00:00:00+00:00,34.56,34.98,34.51,34.94,16342437,567858829.6574999
2021-03-15 00:00:00+00:00,35.01,35.43,34.96,35.41,21926053,771851880.7325
2021-03-16 00:00:00+00:00,35.47,35.86,35.31,35.83,25022393,891235082.6775
2021-03-17 00:00:00+00:00,35.8292,35.96,35.12,35.79,42540082,1517608917.3335998
2021-03-18 00:00:00+00:00,35.5301,35.97,35.52,35.77,24729765,882791404.3316251
2021-03-19 00:00:00+00:00,35.75,35.82,35.4746,35.53,48348878,1723330485.3247
2021-03-22 00:00:00+00:00,35.48,36.01,35.36,36.0,25427459,908078129.5374999
2021-03-23 00:00:00+00:00,35.82,35.93,35.32,35.36,27970481,995958902.2075001
2021-03-24 00:00:00+00:00,35.48,35.93,35.37,35.61,22883391,814591511.1225
2021-03-25 00:00:00+00:00,35.65,35.79,35.25,35.67,24875303,885312033.7700001
2021-03-26 00:00:00+00:00,35.68,36.29,35.64,36.25,27944458,1005022431.9700001
2021-03-29 00:00:00+00:00,36.03,36.74,35.9,36.62,27004772,980880830.9700001
2021-03-30 00:00:00+00:00,36.59,36.63,36.02,36.11,26303298,955796091.0750002
2021-03-31 00:00:00+00:00,36.15,36.43,36.0433,36.23,26582694,962647737.1975499
2021-04-01 00:00:00+00:00,36.3,36.45,36.02,36.3,21319855,773217841.2125
2021-04-05 00:00:00+00:00,36.44,36.57,36.1,36.28,22096894,803166854.665
2021-04-06 00:00:00+00:00,36.26,36.4,36.0,36.05,20722933,749703908.6074998
2021-04-07 00:00:00+00:00,36.03,36.24,35.76,35.91,21933833,789288980.505
2021-04-08 00:00:00+00:00,35.96,36.15,35.87,35.96,18129440,652387898.4
2021-04-09 00:00:00+00:00,35.9,36.81,35.9,36.6,31686712,1150306862.38
2021-04-12 00:00:00+00:00,36.48,37.035,36.33,36.97,29944902,1099090196.7825
2021-04-13 00:00:00+00:00,37.41,37.65,36.89,37.16,33967419,1266220461.7725
2021-04-14 00:00:00+00:00,37.17,37.38,36.96,37.17,23842891,886240258.47
2021-04-15 00:00:00+00:00,37.26,37.74,37.26,37.6,24945789,934593984.8849999
2021-04-16 00:00:00+00:00,37.87,38.7,37.81,38.57,52829481,2020067279.7375
2021-04-19 00:00:00+00:00,38.6,38.96,38.3314,38.93,30905057,1196191047.95495
2021-04-20 00:00:00+00:00,38.75,39.24,38.75,39.03,26459374,1030394171.9950001
2021-04-21 00:00:00+00:00,39.14,39.67,39.13,39.53,29364991,1156026283.1924999
2021-04-22 00:00:00+00:00,39.48,39.5,38.515,38.64,33373609,1302697110.30375
2021-04-23 00:00:00+00:00,38.63,38.83,38.43,38.66,24389820,942361670.2500001
2021-04-26 00:00:00+00:00,38.73,38.74,38.49,38.68,19773363,764438213.58
2021-04-27 00:00:00+00:00,38.51,38.61,38.35,38.45,19061457,733484865.3600001
2021-04-28 00:00:00+00:00,38.54,38.94,38.52,38.81,21963322,850035469.705
2021-04-29 00:00:00+00:00,38.99,39.0,38.305,38.6,23569405,912695746.8687501
2021-04-30 00:00:00+00:00,38.5,38.895,38.49,38.65,28413183,1097707808.7262502
2021-05-03 00:00:00+00:00,39.04,39.84,38.96,39.83,46638581,1838376266.5675
2021-05-04 00:00:00+00:00,40.0,40.17,39.43,39.95,52802169,2106146515.9875002
2021-05-05 00:00:00+00:00,40.18,41.09,38.93,39.97,54348362,2176244285.385
2021-05-06 00:00:00+00:00,38.48,39.23,37.96,39.19,54944943,2127193468.245
2021-05-07 00:00:00+00:00,39.05,39.865,39.05,39.58,33807757,1331560769.14125
2021-05-10 00:00:00+00:00,39.83,40.28,39.78,39.86,30831871,1231347848.0625
2021-05-11 00:00:00+00:00,39.68,40.07,39.23,39.35,30568572,1209980501.1899998
2021-05-12 00:00:00+00:00,39.44,39.92,39.305,39.69,26208608,1037566029.9599999
2021-05-13 00:00:00+00:00,39.5,40.28,39.5,40.1,25423778,1013010434.41
2021-05-14 00:00:00+00:00,40.24,40.32,39.92,40.02,18041053,723897251.625
2021-05-17 00:00:00+00:00,40.07,40.4,40.01,40.11,18095031,726470257.0724999
2021-05-18 00:00:00+00:00,40.18,40.345,39.825,40.05,15805529,633801712.9
2021-05-19 00:00:00+00:00,39.9,39.9,39.43,39.83,20209530,803631960.45
2021-05-20 00:00:00+00:00,39.73,40.25,39.72,40.12,18621084,744005411.2199999
2021-05-21 00:00:00+00:00,40.21,40.6,39.91,39.95,21144784,849333111.32
2021-05-24 00:00:00+00:00,40.08,40.14,39.775,39.81,16922321,676067876.85125
2021-05-25 00:00:00+00:00,39.82,39.8564,39.24,39.33,25916296,1025290135.8335999
2021-05-26 00:00:00+00:00,39.2901,39.3,38.78,38.92,28036454,1095455049.82635
2021-05-27 00:00:00+00:00,38.97,39.18,38.6,38.65,38471248,1494607984.8
2021-05-28 00:00:00+00:00,38.75,39.02,38.68,38.73,16160964,626964598.38
2021-06-01 00:00:00+00:00,38.94,39.0,38.48,38.5,23642432,915671391.3599999
2021-06-02 00:00:00+00:00,38.64,38.93,38.54,38.79,19629039,760134535.2749999
2021-06-03 00:00:00+00:00,38.76,39.04,38.63,38.97,17376288,675068788.8000001
2021-06-04 00:00:00+00:00,39.05,39.5,39.015,39.15,19375318,759100740.0925
2021-06-07 00:00:00+00:00,39.08,39.6,38.97,38.99,24110727,944176069.32
2021-06-08 00:00:00+00:00,39.07,39.11,38.475,38.85,18880307,733995535.00875
2021-06-09 00:00:00+00:00,39.0,39.84,38.98,39.81,29823964,1175287861.33
2021-06-10 00:00:00+00:00,39.9,40.72,39.89,40.68,42613731,1717226824.9725
2021-06-11 00:00:00+00:00,40.66,40.67,39.95,40.15,21386922,863122704.615
2021-06-14 00:00:00+00:00,40.03,40.07,39.38,39.63,23408340,931125244.3499999
2021-06-15 00:00:00+00:00,39.71,39.84,39.39,39.59,20206867,800848656.3775002
2021-06-16 00:00:00+00:00,39.62,39.84,39.28,39.3,19177546,757704842.4600002
2021-06-17 00:00:00+00:00,39.27,39.59,39.07,39.48,19580121,770526711.6525
2021-06-18 00:00:00+00:00,39.3,39.44,38.7,38.81,37775909,1475621445.3125
2021-06-21 00:00:00+00:00,38.88,39.48,38.88,39.42,19488052,763249556.5800002
2021-06-22 00:00:00+00:00,39.41,39.69,39.26,39.61,15975947,630930086.8974999
2021-06-23 00:00:00+00:00,39.63,39.66,38.975,39.05,22025355,866229680.45625
2021-06-24 00:00:00+00:00,39.14,39.345,39.08,39.19,13436549,526561559.62375
2021-06-25 00:00:00+00:00,39.12,39.405,38.89,38.98,22774347,890448499.76625
2021-06-28 00:00:00+00:00,39.01,39.2099,38.9,39.12,19225691,750955009.8177251
2021-06-29 00:00:00+00:00,39.13,39.285,38.98,39.1,14516570,567942655.5374999
2021-06-30 00:00:00+00:00,39.14,39.27,38.82,39.16,21248067,830746299.5324999
2021-07-01 00:00:00+00:00,39.17,39.63,39.11,39.56,20035910,788763686.9250002
2021-07-02 00:00:00+00:00,39.46,39.83,39.38,39.73,16595888,657197164.8
2021-07-06 00:00:00+00:00,39.48,39.65,39.04,39.29,18931874,745253220.0099999
2021-07-07 00:00:00+00:00,39.22,39.36,38.965,39.35,17665154,692893584.2075001
2021-07-08 00:00:00+00:00,39.0,39.32,38.93,39.25,23021184,900703824.0
2021-07-09 00:00:00+00:00,39.53,40.1,39.46,39.61,21578734,856136271.4499999
2021-07-12 00:00:00+00:00,39.66,40.25,39.6,39.76,24512950,976044386.6249999
2021-07-13 00:00:00+00:00,39.77,39.8,39.53,39.65,12222049,485062569.6875
2021-07-14 00:00:00+00:00,39.72,40.025,39.66,39.95,15888556,632980210.345
2021-07-15 00:00:00+00:00,39.95,40.19,39.86,40.09,20250796,810487482.91
2021-07-16 00:00:00+00:00,40.14,40.35,39.93,40.35,24270381,975487288.3425001
2021-07-19 00:00:00+00:00,40.07,40.35,39.68,40.15,29818359,1194598007.4375
2021-07-20 00:00:00+00:00,40.25,41.71,40.2,41.05,48804134,1991330677.535
2021-07-21 00:00:00+00:00,41.24,41.24,40.515,41.02,27530234,1128842832.3775
2021-07-22 00:00:00+00:00,41.12,41.55,40.9,41.47,18913310,780363170.5999999
2021-07-23 00:00:00+00:00,41.46,41.83,41.42,41.68,21609212,898889196.17
2021-07-26 00:00:00+00:00,41.62,41.94,41.39,41.81,23720028,988887967.3199999
2021-07-27 00:00:00+00:00,41.82,42.2,41.58,42.1,32544072,1364410218.6000001
2021-07-28 00:00:00+00:00,42.35,43.74,42.25,43.45,53822449,2311539628.4275002
2021-07-29 00:00:00+00:00,43.23,43.3,42.6212,42.79,29015020,1247219339.206
2021-07-30 00:00:00+00:00,42.88,43.185,42.69,42.81,24763344,1062130778.34
2021-08-02 00:00:00+00:00,43.3,44.14,43.25,43.96,43066940,1880410267.75
2021-08-03 00:00:00+00:00,44.17,45.86,44.07,45.68,45643262,2051436410.59
2021-08-04 00:00:00+00:00,45.35,45.8,45.01,45.19,43391242,1967250434.175
2021-08-05 00:00:00+00:00,45.0,45.14,44.7,45.06,23505417,1057156129.575
2021-08-06 00:00:00+00:00,45.09,45.31,44.63,45.07,20413038,919097035.9499999
2021-08-09 00:00:00+00:00,45.11,46.03,45.11,45.98,32374261,1474890395.5075
2021-08-10 00:00:00+00:00,46.2,48.57,45.89,48.19,81189410,3833155019.6250005
2021-08-11 00:00:00+00:00,47.78,48.08,46.26,46.31,50878190,2396744335.425
2021-08-12 00:00:00+00:00,46.5,47.4,46.34,47.24,29710226,1392518292.6200001
2021-08-13 00:00:00+00:00,47.41,48.5,47.32,48.48,35379185,1695635889.0874999
2021-08-16 00:00:00+00:00,48.23,48.97,47.51,48.91,38098084,1844137756.0199997
2021-08-17 00:00:00+00:00,48.78,50.49,48.71,50.42,68816994,3413322902.4000006
2021-08-18 00:00:00+00:00,50.23,51.86,49.17,49.31,88597980,4442524212.15
2021-08-19 00:00:00+00:00,48.5,49.96,48.26,48.8,57741571,2822407990.4799995
2021-08-20 00:00:00+00:00,48.98,49.73,48.66,48.72,35157544,1723510700.74
2021-08-23 00:00:00+00:00,50.29,51.36,49.6,49.93,88652378,4458771351.51
2021-08-24 00:00:00+00:00,49.74,50.05,48.24,48.38,52624054,2583972611.535
2021-08-25 00:00:00+00:00,48.04,48.28,46.93,47.51,51036771,2433943608.99
2021-08-26 00:00:00+00:00,47.7,48.16,47.3,47.38,29029316,1382811467.6599998
2021-08-27 00:00:00+00:00,47.37,47.5,46.53,46.6,32924523,1547452581.0
2021-08-30 00:00:00+00:00,46.2,47.16,46.16,46.76,25774352,1200311572.6399999
2021-08-31 00:00:00+00:00,46.72,47.14,45.9318,46.07,34547833,1605280606.86985
2021-09-01 00:00:00+00:00,46.19,46.2595,45.42,46.04,32900114,1512660878.9207501
2021-09-02 00:00:00+00:00,46.48,46.87,46.13,46.84,26149357,1218037049.06
2021-09-03 00:00:00+00:00,46.9,47.03,46.3431,46.84,20834762,974614226.39555
2021-09-07 00:00:00+00:00,46.99,47.5,46.54,46.75,26236854,1231689111.03
2021-09-08 00:00:00+00:00,46.51,46.79,46.25,46.51,15839626,736780203.39
2021-09-09 00:00:00+00:00,46.47,46.7182,45.85,46.03,21695324,1003778640.2742
2021-09-10 00:00:00+00:00,46.27,46.35,45.51,45.59,20801502,955412986.86
2021-09-13 00:00:00+00:00,45.74,45.83,44.2,44.58,37086226,1672125214.7749996
2021-09-14 00:00:00+00:00,44.67,45.26,44.545,44.71,24100217,1079599345.78625
2021-09-15 00:00:00+00:00,44.56,45.365,44.47,44.77,28674628,1284372431.4050002
2021-09-16 00:00:00+00:00,44.88,44.99,44.03,44.47,22424169,999949756.1325
2021-09-17 00:00:00+00:00,44.17,44.46,43.31,43.89,56420686,2480112304.845
2021-09-20 00:00:00+00:00,43.39,44.65,43.39,44.2,41873015,1838539406.1125
2021-09-21 00:00:00+00:00,44.25,44.73,43.85,43.92,23645594,1044839684.875
2021-09-22 00:00:00+00:00,43.99,44.39,43.83,43.95,22616743,996041361.7199998
2021-09-23 00:00:00+00:00,44.28,44.719,44.15,44.19,19719166,874244294.8185
2021-09-24 00:00:00+00:00,44.07,44.41,43.81,43.94,16150746,711561491.895
2021-09-27 00:00:00+00:00,43.92,44.13,43.51,43.57,19955901,873719235.5325
2021-09-28 00:00:00+00:00,43.07,43.28,42.43,43.04,28512222,1224742496.01
2021-09-29 00:00:00+00:00,43.22,43.69,43.08,43.53,18037241,782455514.58
2021-09-30 00:00:00+00:00,43.79,44.05,42.97,43.01,21112583,917447294.265
2021-10-01 00:00:00+00:00,42.52,43.095,41.7,42.93,38482996,1637884413.505
2021-10-04 00:00:00+00:00,42.93,43.345,42.21,42.42,28906548,1235068396.4850001
2021-10-05 00:00:00+00:00,42.53,42.79,42.28,42.32,19342555,821671736.4
2021-10-06 00:00:00+00:00,42.06,42.2,41.69,42.02,30483844,1280092819.17
2021-10-07 00:00:00+00:00,42.52,42.96,42.21,42.74,19778304,842704087.6800001
2021-10-08 00:00:00+00:00,42.73,42.905,42.34,42.45,12778598,544448141.0375
2021-10-11 00:00:00+00:00,42.45,42.62,42.01,42.06,11984161,506750247.88499993
2021-10-12 00:00:00+00:00,42.16,42.21,41.66,41.85,16222295,680849721.15
2021-10-13 00:00:00+00:00,41.75,41.91,40.94,41.42,28205715,1170678201.0749998
2021-10-14 00:00:00+00:00,41.56,41.9565,41.515,41.67,17590308,733082682.2655001
2021-10-15 00:00:00+00:00,41.9,42.03,41.38,41.49,23550344,982049344.8000001
2021-10-18 00:00:00+00:00,41.45,41.7,41.04,41.32,21732991,899256835.1025
2021-10-19 00:00:00+00:00,41.6,42.2,41.5418,42.09,17159787,718273506.2566501
2021-10-20 00:00:00+00:00,42.12,43.11,42.1,42.8,22788277,969242391.5024999
2021-10-21 00:00:00+00:00,43.055,43.09,42.43,42.86,22142324,948992328.735
2021-10-22 00:00:00+00:00,42.82,43.19,42.63,43.16,17183013,738010408.3499999
2021-10-25 00:00:00+00:00,43.2,43.24,42.57,43.15,22846241,983302212.64
2021-10-26 00:00:00+00:00,43.33,43.76,42.92,43.56,29729051,1290017845.5175
2021-10-27 00:00:00+00:00,43.46,43.5599,42.68,42.97,22317476,963389087.2931001
2021-10-28 00:00:00+00:00,42.95,43.67,42.94,43.18,18023407,778340831.2950001
2021-10-29 00:00:00+00:00,43.09,43.83,42.855,43.74,30307485,1314700814.9437501
2021-11-01 00:00:00+00:00,44.14,44.29,43.44,43.64,32681515,1433983174.4125
2021-11-02 00:00:00+00:00,45.075,46.04,43.05,45.45,69247983,3109494116.63625
2021-11-03 00:00:00+00:00,45.52,45.99,44.48,44.82,44593137,2015721275.2425
2021-11-04 00:00:00+00:00,44.29,44.47,43.305,43.85,38172536,1678780417.61
2021-11-05 00:00:00+00:00,48.09,48.8099,46.55,48.61,173959104,8352642029.582401
2021-11-08 00:00:00+00:00,48.61,48.785,47.6,48.33,57423266,2775338224.8624997
2021-11-09 00:00:00+00:00,48.33,48.38,47.15,47.3,29920438,1429897732.0200002
2021-11-10 00:00:00+00:00,47.4,49.21,47.4,49.02,42696195,2060411630.2125
2021-11-11 00:00:00+00:00,49.23,50.5,48.733,50.18,42370388,2104145245.871
2021-11-12 00:00:00+00:00,50.42,50.49,49.57,49.73,27780566,1390486779.715
2021-11-15 00:00:00+00:00,49.73,50.1,49.37,49.65,27763215,1380178825.6875
2021-11-16 00:00:00+00:00,49.47,50.16,48.89,49.6,31297220,1550151306.6
2021-11-17 00:00:00+00:00,49.94,51.09,49.685,50.87,36889765,1859105819.3812501
2021-11-18 00:00:00+00:00,51.1,51.71,50.61,51.41,32872570,1683322128.275
2021-11-19 00:00:00+00:00,51.96,52.835,50.68,50.8,47966183,2473556099.5812497
2021-11-22 00:00:00+00:00,50.95,51.47,50.38,51.2,27287943,1391685093.0
2021-11-23 00:00:00+00:00,50.58,51.45,50.3,51.08,24952593,1268901735.5324998
2021-11-24 00:00:00+00:00,51.18,51.33,50.705,50.89,18556753,946881517.7662498
2021-11-26 00:00:00+00:00,54.035,54.94,53.25,54.0,66561304,3598054489.35
2021-11-29 00:00:00+00:00,55.15,55.7,52.11,52.4,72660758,3912055210.72
2021-11-30 00:00:00+00:00,52.31,54.46,51.91,53.73,64598388,3430335898.77
2021-12-01 00:00:00+00:00,52.47,55.17,51.86,54.68,59849358,3204633874.11
2021-12-02 00:00:00+00:00,53.82,55.08,52.77,53.04,46361744,2488582513.56
2021-12-03 00:00:00+00:00,53.71,54.41,53.102,54.27,37574769,2024265530.3370001
2021-12-06 00:00:00+00:00,53.78,53.89,51.25,51.48,53723978,2825881242.8
2021-12-07 00:00:00+00:00,51.25,52.4999,50.4,51.72,41575442,2139783021.74895
2021-12-08 00:00:00+00:00,52.75,53.08,51.03,51.4,37429199,1948751245.9350002
2021-12-09 00:00:00+00:00,51.51,52.845,51.51,52.08,38325661,1992407394.1612499
2021-12-10 00:00:00+00:00,51.2,52.85,51.11,52.78,26079361,1355735581.5850003
2021-12-13 00:00:00+00:00,53.44,55.73,53.44,55.2,54923236,2990707508.29
2021-12-14 00:00:00+00:00,54.77,55.95,54.316,55.54,48685674,2684722807.0559998
2021-12-15 00:00:00+00:00,56.11,58.915,55.89,58.8,75202914,4318809347.377501
2021-12-16 00:00:00+00:00,58.36,61.43,57.75,61.25,75183647,4488275766.7825
2021-12-17 00:00:00+00:00,59.93,61.19,58.7,59.48,104320166,6240953930.95
2021-12-20 00:00:00+00:00,60.6,61.71,59.83,61.02,55712217,3386745671.43
2021-12-21 00:00:00+00:00,60.01,60.04,57.16,58.95,63877877,3771349858.0799994
2021-12-22 00:00:00+00:00,59.25,60.585,58.22,59.55,62594917,3718216313.4462504
2021-12-23 00:00:00+00:00,59.82,60.08,58.31,58.71,39203203,2322005713.69
2021-12-27 00:00:00+00:00,58.85,59.38,58.231,59.2,27362581,1612073300.26025
2021-12-28 00:00:00+00:00,59.05,59.45,57.08,58.01,36901704,2154967259.3399997
2021-12-29 00:00:00+00:00,57.31,58.03,57.07,57.58,26170224,1504722454.44
2021-12-30 00:00:00+00:00,57.75,58.74,57.53,58.4,24559004,1427000927.42
2021-12-31 00:00:00+00:00,58.53,59.8,58.44,59.05,28579621,1684911556.055
2022-01-03 00:00:00+00:00,58.5,58.55,56.34,56.65,57253148,3292628541.48
2022-01-04 00:00:00+00:00,56.22,56.43,53.94,54.53,66993082,3703377572.96
2022-01-05 00:00:00+00:00,55.84,56.44,55.37,55.63,52956422,2956027476.04
2022-01-06 00:00:00+00:00,55.16,55.63,54.49,54.84,37000392,2036131571.76
2022-01-07 00:00:00+00:00,55.36,55.77,54.63,55.72,27703374,1533935818.3799999
2022-01-10 00:00:00+00:00,55.71,56.26,54.74,56.24,34044653,1897563846.5875
2022-01-11 00:00:00+00:00,56.75,57.43,55.81,56.69,33576632,1902787735.44
2022-01-12 00:00:00+00:00,56.34,57.16,55.9,56.65,27608533,1560227221.1625001
2022-01-13 00:00:00+00:00,56.53,56.75,55.22,55.54,28117937,1574885651.37
2022-01-14 00:00:00+00:00,54.98,55.38,54.51,54.95,27072545,1487771710.475
2022-01-18 00:00:00+00:00,54.5,54.55,53.43,54.11,35607017,1928030953.0074997
2022-01-19 00:00:00+00:00,53.65,54.49,53.45,53.54,27300373,1468282310.8725
2022-01-20 00:00:00+00:00,53.96,54.515,53.07,54.05,35105321,1892132920.2487497
2022-01-21 00:00:00+00:00,54.42,54.865,52.4637,52.79,41058973,2202184672.6887746
2022-01-24 00:00:00+00:00,51.75,52.06,49.815,51.54,59080740,3030325005.525
2022-01-25 00:00:00+00:00,51.36,52.835,51.24,52.54,43983174,2286850153.1625
2022-01-26 00:00:00+00:00,52.57,53.62,52.455,53.01,39644846,2097757470.0324998
2022-01-27 00:00:00+00:00,53.02,54.58,53.0,53.37,36957197,1976932860.5225
2022-01-28 00:00:00+00:00,53.77,54.67,53.1,54.33,28590397,1542952250.0975
2022-01-31 00:00:00+00:00,54.0,54.14,52.385,52.69,38644575,2059900764.65625
2022-02-01 00:00:00+00:00,52.74,53.16,52.39,53.07,27883325,1473354893.0
2022-02-02 00:00:00+00:00,52.84,54.13,52.45,53.86,32039345,1708337875.4000003
2022-02-03 00:00:00+00:00,53.325,53.89,53.09,53.38,22635803,1209232891.01375
2022-02-04 00:00:00+00:00,53.02,53.43,52.63,53.0,24932162,1321903229.24
2022-02-07 00:00:00+00:00,53.3,53.5776,52.24,53.21,32358536,1717652572.0984
2022-02-08 00:00:00+00:00,50.64,51.8,49.69,51.7,67921966,3461133582.4449997
2022-02-09 00:00:00+00:00,51.64,51.715,50.9,51.47,38522207,1981245258.76875
2022-02-10 00:00:00+00:00,51.04,51.37,50.39,50.6,34200602,1739100611.7
2022-02-11 00:00:00+00:00,50.33,51.24,50.075,50.78,34997790,1771106910.1874998
2022-02-14 00:00:00+00:00,49.82,50.5,48.48,49.8,42973119,2133615358.3499997
2022-02-15 00:00:00+00:00,49.8,50.0399,49.21,49.79,29161056,1449595364.7336
2022-02-16 00:00:00+00:00,49.59,50.775,49.43,49.68,27672592,1379997572.3000002
2022-02-17 00:00:00+00:00,49.81,49.96,48.75,48.9,21231671,1047889122.205
2022-02-18 00:00:00+00:00,48.78,49.515,48.2,48.53,26955313,1314239979.45625
2022-02-22 00:00:00+00:00,47.54,48.31,47.345,47.53,34814811,1660013706.9937499
2022-02-23 00:00:00+00:00,47.59,48.16,46.78,46.87,25792980,1221297603.0
2022-02-24 00:00:00+00:00,45.86,46.755,45.4,45.96,44227348,2034181587.0750003
2022-02-25 00:00:00+00:00,45.81,48.03,45.74,47.72,31199192,1460902165.4
2022-02-28 00:00:00+00:00,46.82,47.17,46.34,46.94,35296050,1652472820.875
2022-03-01 00:00:00+00:00,46.69,47.1368,45.44,45.75,29854506,1380896291.4252
2022-03-02 00:00:00+00:00,46.11,47.93,46.0,47.7,36516150,1713885500.25
2022-03-03 00:00:00+00:00,47.68,48.585,47.48,47.83,30553340,1463314027.625
2022-03-04 00:00:00+00:00,47.5,48.77,47.41,48.65,33222898,1597439993.085
2022-03-07 00:00:00+00:00,48.25,48.84,47.515,47.98,33171300,1597073702.625
2022-03-08 00:00:00+00:00,47.58,48.4182,46.465,47.44,32913298,1562585153.1884
2022-03-09 00:00:00+00:00,48.13,49.22,48.0,48.75,24718917,1199485447.425
2022-03-10 00:00:00+00:00,48.305,49.29,48.05,49.2,24542343,1195488205.4587498
2022-03-11 00:00:00+00:00,49.14,50.9,48.9425,50.27,33701925,1678798202.765625
2022-03-14 00:00:00+00:00,50.72,52.91,50.39,52.25,42314540,2182055041.45
2022-03-15 00:00:00+00:00,52.62,52.92,51.18,52.21,30172127,1575965623.5275002
2022-03-16 00:00:00+00:00,52.54,53.27,52.18,52.92,29891423,1576100006.2325
2022-03-17 00:00:00+00:00,52.92,54.25,52.79,54.24,30598584,1638554173.2
2022-03-18 00:00:00+00:00,54.38,55.0,53.705,54.51,51814974,2818669816.8824997
2022-03-21 00:00:00+00:00,54.24,55.3,53.9,54.19,34592463,1882089430.6725
2022-03-22 00:00:00+00:00,54.2,54.32,52.495,53.04,32253610,1726011622.1375
2022-03-23 00:00:00+00:00,53.02,53.5,52.155,52.19,29183686,1538454487.0975
2022-03-24 00:00:00+00:00,52.54,52.845,52.29,52.59,25177484,1323485918.3149998
2022-03-25 00:00:00+00:00,52.74,53.25,52.51,52.78,17435470,920941525.4
2022-03-28 00:00:00+00:00,52.53,53.56,52.5,53.28,21863713,1158066218.3275
2022-03-29 00:00:00+00:00,54.0,54.08,52.62,52.74,39970032,2132800907.52
2022-03-30 00:00:00+00:00,53.2,53.7199,51.9701,52.44,27599649,1458158455.7925
2022-03-31 00:00:00+00:00,52.0,52.875,51.74,51.77,26055234,1357379984.2725
2022-04-01 00:00:00+00:00,52.12,52.16,51.1,51.57,19073138,986796477.275
2022-04-04 00:00:00+00:00,51.78,51.87,50.37,50.94,20491535,1049986253.4000001
2022-04-05 00:00:00+00:00,50.81,52.15,50.75,51.24,21176708,1085041576.15
2022-04-06 00:00:00+00:00,51.16,53.09,51.16,52.87,31717523,1651531422.61
2022-04-07 00:00:00+00:00,52.5,55.41,52.5,55.16,36305670,1956603320.475
2022-04-08 00:00:00+00:00,54.85,55.58,54.46,55.17,24612246,1354042713.69
2022-04-11 00:00:00+00:00,55.46,56.32,53.775,53.93,22054311,1210147612.45875
2022-04-12 00:00:00+00:00,53.3,53.93,52.645,53.11,22810733,1214585992.00125
2022-04-13 00:00:00+00:00,53.13,53.82,52.7,53.1,15777806,839182056.625
2022-04-14 00:00:00+00:00,53.4,53.9094,53.04,53.12,17240120,920059518.082
2022-04-18 00:00:00+00:00,52.83,53.11,51.63,51.84,17065045,893397768.3625
2022-04-19 00:00:00+00:00,51.66,51.88,49.37,50.18,33441510,1697909066.4750001
2022-04-20 00:00:00+00:00,50.0,50.16,49.21,49.75,24751803,1232144753.34
2022-04-21 00:00:00+00:00,49.93,50.01,48.92,49.11,19105575,945582670.6875001
2022-04-22 00:00:00+00:00,48.95,49.1,47.9,48.13,22156801,1075047984.52
2022-04-25 00:00:00+00:00,47.85,49.19,47.12,48.95,27390591,1322349257.0025
2022-04-26 00:00:00+00:00,48.99,50.25,48.92,49.03,25366482,1250504146.3950002
2022-04-27 00:00:00+00:00,49.11,49.91,48.21,49.74,25819237,1271403777.9725
2022-04-28 00:00:00+00:00,50.44,50.7699,49.485,50.51,28227723,1419889045.860675
2022-04-29 00:00:00+00:00,49.87,50.335,49.0,49.07,28343298,1404941852.7375
2022-05-02 00:00:00+00:00,47.68,48.76,47.46,48.34,36228410,1741137384.6000001
2022-05-03 00:00:00+00:00,48.87,50.04,47.7,49.29,33716935,1651286891.625
2022-05-04 00:00:00+00:00,48.89,49.87,47.91,49.66,28613655,1404429721.5375
2022-05-05 00:00:00+00:00,49.46,49.55,47.55,48.45,28333001,1381304631.2524998
2022-05-06 00:00:00+00:00,48.09,49.215,48.04,49.04,19891434,966649099.5224999
2022-05-09 00:00:00+00:00,48.38,49.17,47.77,48.64,25012347,1212848706.0300002
2022-05-10 00:00:00+00:00,49.04,49.9,48.685,49.49,27335888,1347078390.78
2022-05-11 00:00:00+00:00,49.07,50.235,49.03,49.45,29699499,1468528852.4287503
2022-05-12 00:00:00+00:00,49.0,50.43,48.72,50.39,33468441,1661206069.035
2022-05-13 00:00:00+00:00,50.38,50.79,49.68,49.92,22423685,1125500809.3625
2022-05-16 00:00:00+00:00,49.87,51.05,49.87,50.67,19435565,978872231.2249999
2022-05-17 00:00:00+00:00,50.95,51.52,50.18,51.34,19918199,1015778353.5025
2022-05-18 00:00:00+00:00,51.22,51.42,50.16,50.4,22275985,1131620038.0
2022-05-19 00:00:00+00:00,50.0,50.885,49.59,50.65,19865522,998863278.0625
2022-05-20 00:00:00+00:00,51.265,52.6999,51.13,52.47,31250361,1621619513.982225
2022-05-23 00:00:00+00:00,52.58,53.695,52.48,52.88,24035842,1271706355.4175
2022-05-24 00:00:00+00:00,52.71,53.608,52.71,53.41,26729783,1419605410.2384999
2022-05-25 00:00:00+00:00,53.2,54.05,53.045,53.71,24003920,1284239724.9
2022-05-26 00:00:00+00:00,54.06,54.92,53.88,53.99,23516309,1274877901.6625001
2022-05-27 00:00:00+00:00,53.92,54.405,53.515,53.91,21407507,1154667408.8125
2022-05-31 00:00:00+00:00,53.32,53.495,51.94,53.04,66058201,3497699170.19875
2022-06-01 00:00:00+00:00,53.25,53.28,51.835,52.37,17430568,918307686.87
2022-06-02 00:00:00+00:00,52.37,52.74,51.0415,52.68,21903359,1143527828.752125
2022-06-03 00:00:00+00:00,52.46,53.53,52.46,53.2,18124958,959036840.1750002
2022-06-06 00:00:00+00:00,53.19,53.715,53.0,53.26,16544398,881671649.9175
2022-06-07 00:00:00+00:00,53.28,53.97,53.01,53.96,15091194,808208894.67
2022-06-08 00:00:00+00:00,54.06,54.56,53.41,53.47,12789802,689050582.75
2022-06-09 00:00:00+00:00,53.265,53.65,51.7,51.78,17578108,924586508.1650001
2022-06-10 00:00:00+00:00,51.31,51.37,49.95,49.97,23832187,1207100271.55
2022-06-13 00:00:00+00:00,48.82,49.28,47.71,47.91,26988989,1307076737.27
2022-06-14 00:00:00+00:00,47.75,48.465,47.22,47.92,23290327,1114180130.77125
2022-06-15 00:00:00+00:00,47.88,48.98,47.18,48.51,25747996,1239444157.4499998
2022-06-16 00:00:00+00:00,47.69,48.0,47.055,47.48,20424508,971313008.5749999
2022-06-17 00:00:00+00:00,47.38,48.03,46.28,46.53,45047693,2119719194.115
2022-06-21 00:00:00+00:00,47.32,48.44,46.954,48.11,19622147,936094144.7820001
2022-06-22 00:00:00+00:00,48.03,49.579,47.7708,49.07,20384884,990959154.2058
2022-06-23 00:00:00+00:00,49.23,50.17,48.98,50.09,20061654,995409117.345
2022-06-24 00:00:00+00:00,50.65,51.64,50.3,51.59,24343179,1242597572.0549998
2022-06-27 00:00:00+00:00,51.48,52.225,51.26,51.88,16154272,835357597.96
2022-06-28 00:00:00+00:00,51.83,51.97,50.41,50.66,16458770,842977052.4749999
2022-06-29 00:00:00+00:00,50.73,51.44,50.66,50.94,13925665,709408189.2624999
2022-06-30 00:00:00+00:00,51.69,52.885,51.085,52.43,33495729,1742531561.9025
2022-07-01 00:00:00+00:00,52.04,52.37,51.25,52.31,16143272,839329069.46
2022-07-05 00:00:00+00:00,51.75,51.89,50.4,51.64,18407846,946531441.32
2022-07-06 00:00:00+00:00,51.64,52.96,51.58,52.75,21305527,1112840939.0275002
2022-07-07 00:00:00+00:00,52.95,53.54,52.79,53.42,17847629,949047672.0749999
2022-07-08 00:00:00+00:00,53.05,53.92,52.76,53.17,11322704,602650920.4
2022-07-11 00:00:00+00:00,53.0,53.74,52.75,52.89,12924938,686249583.11
2022-07-12 00:00:00+00:00,52.69,52.78,51.705,52.04,14633528,765388390.13
2022-07-13 00:00:00+00:00,51.86,52.31,51.51,51.79,12927324,670507977.57
2022-07-14 00:00:00+00:00,50.75,51.59,50.63,51.39,14023836,716477781.24
2022-07-15 00:00:00+00:00,51.04,51.91,50.43,51.75,19885710,1019788923.0749999
2022-07-18 00:00:00+00:00,51.96,51.97,50.52,50.75,15742859,807608666.7
2022-07-19 00:00:00+00:00,51.04,51.51,50.605,51.37,13402113,685266790.3312501
2022-07-20 00:00:00+00:00,51.39,51.46,50.5137,50.82,12774396,652080860.1363
2022-07-21 00:00:00+00:00,50.57,51.14,50.18,51.12,15103832,766557233.58
2022-07-22 00:00:00+00:00,51.26,51.53,50.95,51.23,10932118,560189056.615
2022-07-25 00:00:00+00:00,51.34,51.875,51.34,51.77,12995817,670340485.63125
2022-07-26 00:00:00+00:00,51.84,52.85,51.71,52.3,16632506,867801000.55
2022-07-27 00:00:00+00:00,51.94,52.2544,51.185,51.95,19203522,995363673.5367001
2022-07-28 00:00:00+00:00,50.845,52.33,49.1,50.72,38984890,1978434436.3875
2022-07-29 00:00:00+00:00,50.56,50.71,49.28,50.51,25037899,1258529993.235
2022-08-01 00:00:00+00:00,50.32,51.3,50.15,50.61,19709862,997220467.89
2022-08-02 00:00:00+00:00,50.9,51.47,49.63,49.69,17802024,897622555.14
2022-08-03 00:00:00+00:00,49.79,50.07,49.34,49.86,16500076,821126282.14
2022-08-04 00:00:00+00:00,49.9,50.045,49.21,49.86,17026274,847120980.0274999
2022-08-05 00:00:00+00:00,49.64,49.97,49.0629,49.27,16376601,810407973.520725
2022-08-08 00:00:00+00:00,49.39,49.81,48.94,49.57,16077441,794667715.0274999
2022-08-09 00:00:00+00:00,49.75,50.11,49.52,49.78,12095585,602239177.15
2022-08-10 00:00:00+00:00,49.925,50.045,49.38,49.95,17355136,864719651.2
2022-08-11 00:00:00+00:00,48.22,49.13,47.81,48.29,44048790,2130309606.3749998
2022-08-12 00:00:00+00:00,48.55,50.39,48.55,50.11,25835465,1276271971.0000002
2022-08-15 00:00:00+00:00,49.97,50.065,49.385,49.75,15797763,786610114.1775
2022-08-16 00:00:00+00:00,49.38,50.18,49.36,49.86,12874773,639811844.2350001
2022-08-17 00:00:00+00:00,49.65,49.86,49.25,49.27,13607173,673657117.2975
2022-08-18 00:00:00+00:00,49.39,49.5198,48.38,48.58,18916324,926284149.6538
2022-08-19 00:00:00+00:00,48.84,49.445,48.73,49.15,15350198,752792897.6675
2022-08-22 00:00:00+00:00,49.21,49.395,48.735,48.9,13601214,667275558.84
2022-08-23 00:00:00+00:00,48.42,48.52,47.76,48.01,16248857,782829308.1175
2022-08-24 00:00:00+00:00,47.9,48.01,47.38,47.43,15551472,741494184.96
2022-08-25 00:00:00+00:00,47.52,47.95,47.27,47.9,14460001,689163647.6600001
2022-08-26 00:00:00+00:00,47.62,47.96,46.701,46.82,16546733,782250939.25825
2022-08-29 00:00:00+00:00,46.375,46.69,46.12,46.23,13400450,621161109.1875
2022-08-30 00:00:00+00:00,46.34,46.35,45.795,45.85,16303015,751304067.50625
2022-08-31 00:00:00+00:00,46.01,46.285,45.13,45.23,26416771,1206288826.7512498
2022-09-01 00:00:00+00:00,45.14,46.65,45.14,46.63,19947618,915396190.02
2022-09-02 00:00:00+00:00,46.74,46.8,45.53,45.7,14667687,677537131.7475
2022-09-06 00:00:00+00:00,45.96,46.44,45.53,45.76,17153474,787730409.765
2022-09-07 00:00:00+00:00,45.7,46.21,45.38,46.13,15378914,705200101.4699999
2022-09-08 00:00:00+00:00,46.02,47.12,45.87,47.08,18271038,850014365.3549999
2022-09-09 00:00:00+00:00,47.2,47.99,47.1,47.84,17509282,832259946.665
2022-09-12 00:00:00+00:00,48.08,48.35,47.69,47.76,13744796,659337864.12
2022-09-13 00:00:00+00:00,47.13,47.32,46.02,46.19,16603176,774787208.04
2022-09-14 00:00:00+00:00,46.2,46.41,45.78,46.15,17162514,791792583.39
2022-09-15 00:00:00+00:00,46.11,46.29,45.7,45.94,15801972,727048731.72
2022-09-16 00:00:00+00:00,46.09,46.62,45.64,46.03,30629508,1411867171.2600002
2022-09-19 00:00:00+00:00,45.68,45.88,44.78,45.44,16256161,738761236.645
2022-09-20 00:00:00+00:00,45.0,45.27,44.44,44.77,15368999,689606985.1300001
2022-09-21 00:00:00+00:00,44.81,44.98,43.9,43.92,17505210,777275087.0250001
2022-09-22 00:00:00+00:00,43.67,45.0,43.52,44.57,18508104,817873115.76
2022-09-23 00:00:00+00:00,44.44,44.56,43.575,44.08,18871669,833443671.7987499
2022-09-26 00:00:00+00:00,43.81,44.33,43.67,43.83,18680218,820248372.38
2022-09-27 00:00:00+00:00,44.22,44.58,43.735,44.09,21562666,952126470.5625
2022-09-28 00:00:00+00:00,44.67,44.81,44.215,44.43,16532559,736215517.96875
2022-09-29 00:00:00+00:00,44.41,44.62,43.95,44.16,13559863,600498532.955
2022-09-30 00:00:00+00:00,44.17,44.605,43.73,43.76,22962293,1011862143.9112499
2022-10-03 00:00:00+00:00,44.07,44.28,43.49,44.14,22834282,1004594236.5900002
2022-10-04 00:00:00+00:00,44.25,44.84,44.09,44.46,28198847,1252310795.2700002
2022-10-05 00:00:00+00:00,44.12,44.37,43.68,44.12,15673442,690767772.545
2022-10-06 00:00:00+00:00,43.76,43.775,43.04,43.09,22068158,958116664.7674999
2022-10-07 00:00:00+00:00,43.05,43.05,41.9208,42.32,20095005,855749806.926
2022-10-10 00:00:00+00:00,42.35,42.62,41.75,41.75,17888002,753397924.235
2022-10-11 00:00:00+00:00,41.66,42.57,41.445,41.92,20981150,879083958.5624999
2022-10-12 00:00:00+00:00,42.09,43.14,41.92,42.03,18803628,795299446.26
2022-10-13 00:00:00+00:00,41.76,43.16,41.7,42.98,23135226,980933582.4
2022-10-14 00:00:00+00:00,42.89,43.375,42.36,42.86,16983573,728107003.97625
2022-10-17 00:00:00+00:00,43.19,43.81,43.19,43.65,16678396,724843090.16
2022-10-18 00:00:00+00:00,44.05,44.36,43.6201,44.09,18442763,812035315.9590751
2022-10-19 00:00:00+00:00,43.91,44.07,42.74,43.11,23054685,1001898973.3874999
2022-10-20 00:00:00+00:00,43.27,43.41,42.8226,42.91,17714964,763570750.5366
2022-10-21 00:00:00+00:00,43.31,45.16,42.99,44.95,36575713,1613080382.5825002
2022-10-24 00:00:00+00:00,45.075,45.87,44.985,45.54,24971991,1132916801.6924999
2022-10-25 00:00:00+00:00,45.27,45.82,44.89,45.59,23126979,1049791394.2575002
2022-10-26 00:00:00+00:00,45.92,46.65,45.62,46.06,21413029,986337648.3125
2022-10-27 00:00:00+00:00,45.81,46.1079,45.68,45.74,20377727,934002418.7383251
2022-10-28 00:00:00+00:00,45.98,47.52,45.93,47.43,27854043,1301201618.7450001
2022-10-31 00:00:00+00:00,47.08,47.385,46.54,46.55,29961713,1404867270.42875
2022-11-01 00:00:00+00:00,48.0,48.42,47.4,48.01,30614537,1468196658.1774998
2022-11-02 00:00:00+00:00,47.77,48.17,46.95,47.07,25813065,1225862456.85
2022-11-03 00:00:00+00:00,46.36,46.8,46.16,46.57,20124634,935242053.5649999
2022-11-04 00:00:00+00:00,47.47,47.54,46.61,47.22,24528468,1157988974.28
2022-11-07 00:00:00+00:00,47.16,47.65,46.75,47.09,20304409,957606689.4625
2022-11-08 00:00:00+00:00,47.04,47.75,46.745,47.35,18054518,852556908.1075
2022-11-09 00:00:00+00:00,47.16,47.5,46.7,46.72,15348092,721667285.84
2022-11-10 00:00:00+00:00,47.525,47.75,46.85,47.38,20480615,970294736.39375
2022-11-11 00:00:00+00:00,47.07,47.695,46.31,47.6,20909838,986290921.1624999
2022-11-14 00:00:00+00:00,47.99,49.82,47.93,49.24,25876172,1261334004.14
2022-11-15 00:00:00+00:00,49.34,49.525,48.18,48.57,25440490,1244135362.8375
2022-11-16 00:00:00+00:00,48.8,49.06,48.05,48.05,15822201,767218526.4899999
2022-11-17 00:00:00+00:00,47.8,48.495,47.53,48.33,13237454,635910743.3424999
2022-11-18 00:00:00+00:00,48.64,48.83,47.87,48.23,20666479,1000102585.0074999
2022-11-21 00:00:00+00:00,48.1,48.28,47.72,48.18,14735974,708358270.18
2022-11-22 00:00:00+00:00,48.34,49.2471,48.24,49.08,16358550,797099385.1762501
2022-11-23 00:00:00+00:00,48.96,49.22,48.52,48.85,10710793,523623892.7875
2022-11-25 00:00:00+00:00,48.93,49.22,48.835,49.21,6760162,331577495.89750004
2022-11-28 00:00:00+00:00,49.18,49.74,49.06,49.57,20704896,1022563051.2
2022-11-29 00:00:00+00:00,49.5,49.67,49.095,49.49,17160870,848411961.7125
2022-11-30 00:00:00+00:00,49.64,50.13,49.04,50.13,35572670,1769206742.45
2022-12-01 00:00:00+00:00,50.31,51.155,50.28,51.08,23592586,1196291563.8625
2022-12-02 00:00:00+00:00,50.56,51.325,50.48,50.91,16881642,857903944.3875
2022-12-05 00:00:00+00:00,50.91,51.03,50.345,50.73,17959788,911526590.2049999
2022-12-06 00:00:00+00:00,50.665,50.85,49.18,49.71,21787073,1091559591.14125
2022-12-07 00:00:00+00:00,49.75,51.15,49.75,50.24,15929936,800041210.7600001
2022-12-08 00:00:00+00:00,50.18,51.865,50.02,51.78,26116792,1330944366.31
2022-12-09 00:00:00+00:00,51.75,52.84,51.63,51.72,19933540,1036245076.9
2022-12-12 00:00:00+00:00,52.12,52.59,51.75,52.16,18532230,966548455.65
2022-12-13 00:00:00+00:00,53.1,54.04,52.88,53.07,29461763,1569501769.4175
2022-12-14 00:00:00+00:00,53.14,54.93,52.9,54.48,36260307,1953070785.7875
2022-12-15 00:00:00+00:00,54.07,54.43,53.395,53.61,21630297,1165359288.74625
2022-12-16 00:00:00+00:00,53.01,53.14,51.4,51.4,65689492,3431454838.3500004
2022-12-19 00:00:00+00:00,51.52,51.81,50.695,51.36,16081888,825744641.7199999
2022-12-20 00:00:00+00:00,51.21,51.51,50.84,51.32,12433844,636861489.68
2022-12-21 00:00:00+00:00,51.605,52.16,51.2,51.66,12925025,667658322.6562499
2022-12-22 00:00:00+00:00,51.41,51.7,50.95,51.64,14824093,762328982.525
2022-12-23 00:00:00+00:00,51.555,51.95,51.24,51.83,10666541,550860176.76875
2022-12-27 00:00:00+00:00,51.86,51.93,51.05,51.13,12033763,619648541.2774999
2022-12-28 00:00:00+00:00,51.05,51.39,50.75,50.8,10053917,512724632.20750004
2022-12-29 00:00:00+00:00,51.02,51.665,50.99,51.33,8971290,459789826.6125
2022-12-30 00:00:00+00:00,51.29,51.4,50.745,51.24,11396189,583128745.8937501
2023-01-03 00:00:00+00:00,51.01,51.325,50.82,51.26,15603793,797412336.52375
2023-01-04 00:00:00+00:00,50.29,50.63,49.522,50.13,21808425,1093539854.775
2023-01-05 00:00:00+00:00,49.73,49.99,48.92,49.66,20057412,994346199.8999999
2023-01-06 00:00:00+00:00,49.98,51.6,49.56,50.92,29635946,1497059812.19
2023-01-09 00:00:00+00:00,50.05,50.26,48.31,48.39,30839126,1518904053.3149998
2023-01-10 00:00:00+00:00,48.35,48.47,47.38,47.62,29212004,1400861651.82
2023-01-11 00:00:00+00:00,47.7,47.74,46.86,47.45,23022229,1092116988.1875
2023-01-12 00:00:00+00:00,47.27,47.72,46.58,47.71,23345252,1104697324.64
2023-01-13 00:00:00+00:00,47.5,48.16,47.49,47.85,18737546,894717821.5
2023-01-17 00:00:00+00:00,46.54,46.74,45.71,46.08,29391409,1359867015.9075
2023-01-18 00:00:00+00:00,45.545,45.85,44.97,45.0,33834985,1534120513.6312501
2023-01-19 00:00:00+00:00,44.72,45.27,44.64,44.96,26614860,1194940676.85
2023-01-20 00:00:00+00:00,45.28,45.43,44.725,45.11,25197558,1137323277.2775002
2023-01-23 00:00:00+00:00,45.04,45.32,44.82,44.98,19398550,873710692.0
2023-01-24 00:00:00+00:00,44.915,44.95,44.15,44.71,18853127,842381280.7687501
2023-01-25 00:00:00+00:00,45.03,45.1099,44.585,45.07,20827990,936191594.8127501
2023-01-26 00:00:00+00:00,44.2,44.3,43.61,44.25,38465463,1695942263.67
2023-01-27 00:00:00+00:00,44.22,44.34,43.78,43.79,23798610,1047912294.8249999
2023-01-30 00:00:00+00:00,43.79,44.135,43.395,43.55,24402234,1066804664.895
2023-01-31 00:00:00+00:00,43.0,44.275,42.7,44.16,49722474,2164605752.4975004
2023-02-01 00:00:00+00:00,43.905,44.18,43.41,43.97,24482321,1073947613.56625
2023-02-02 00:00:00+00:00,43.63,44.46,43.5,44.34,35279247,1551669481.1775
2023-02-03 00:00:00+00:00,44.355,44.39,43.88,44.06,23741990,1048713375.7875
2023-02-06 00:00:00+00:00,44.19,44.3,43.725,43.76,18071239,795021570.75625
2023-02-07 00:00:00+00:00,43.82,43.9,43.2506,43.59,22999453,1003699578.83795
2023-02-08 00:00:00+00:00,43.55,44.1,43.53,43.98,19362311,847875598.6899999
2023-02-09 00:00:00+00:00,44.12,44.325,43.24,43.34,20809245,910534526.53125
2023-02-10 00:00:00+00:00,43.5,43.98,43.26,43.88,18619569,812837284.6949999
2023-02-13 00:00:00+00:00,43.68,44.01,43.51,43.99,17878022,783012668.545
2023-02-14 00:00:00+00:00,44.09,44.2,43.58,43.72,17506900,768509142.75
2023-02-15 00:00:00+00:00,43.42,43.61,43.11,43.32,18999277,823903647.1049999
2023-02-16 00:00:00+00:00,43.15,43.18,42.77,42.95,17832042,767000706.5250001
2023-02-17 00:00:00+00:00,42.89,43.37,42.58,43.21,18293446,786846846.0749999
2023-02-21 00:00:00+00:00,42.81,42.93,42.62,42.7,17356574,742253887.11
2023-02-22 00:00:00+00:00,42.72,42.885,42.31,42.38,17394203,740536449.9712499
2023-02-23 00:00:00+00:00,42.29,42.75,42.22,42.3,21104327,894612421.53
2023-02-24 00:00:00+00:00,42.03,42.05,41.505,41.75,16806099,703062144.04125
2023-02-27 00:00:00+00:00,41.44,41.73,40.73,40.78,26370306,1085665498.0199997
2023-02-28 00:00:00+00:00,40.5,40.7099,40.09,40.57,31086883,1258007660.630425
2023-03-01 00:00:00+00:00,40.56,40.76,40.135,40.18,21104422,852803312.4925
2023-03-02 00:00:00+00:00,40.06,40.78,39.805,40.62,19112801,770556463.3162501
2023-03-03 00:00:00+00:00,40.91,41.18,40.74,41.15,20922034,857698783.83
2023-03-06 00:00:00+00:00,41.09,41.26,40.82,41.11,19434763,798185716.4099998
2023-03-07 00:00:00+00:00,41.06,41.13,40.1,40.34,23205788,943489325.61
2023-03-08 00:00:00+00:00,40.32,40.5668,39.905,40.12,16756134,674064920.7453
2023-03-09 00:00:00+00:00,40.41,40.57,39.31,39.46,18585103,742242551.0625
2023-03-10 00:00:00+00:00,39.29,39.93,39.23,39.39,26328104,1038906983.8399998
2023-03-13 00:00:00+00:00,39.255,40.505,39.255,39.86,35299377,1402047130.21875
2023-03-14 00:00:00+00:00,40.05,40.15,39.52,39.9,24583595,981008358.475
2023-03-15 00:00:00+00:00,39.76,40.53,39.46,40.28,25498384,1020126597.88
2023-03-16 00:00:00+00:00,40.06,40.49,39.72,40.37,21100883,847411461.2800001
2023-03-17 00:00:00+00:00,40.625,40.79,39.985,40.1,57457785,2319858069.375
2023-03-20 00:00:00+00:00,40.14,40.86,39.94,40.81,20825382,842126384.625
2023-03-21 00:00:00+00:00,40.86,40.91,40.31,40.66,19981978,812966774.9300001
2023-03-22 00:00:00+00:00,40.7,40.85,39.99,40.01,15444160,623751012.0
2023-03-23 00:00:00+00:00,40.17,40.4972,40.0,40.18,16958146,681917575.3228
2023-03-24 00:00:00+00:00,40.09,40.455,39.8748,40.39,17221115,692331014.73175
2023-03-27 00:00:00+00:00,40.54,40.62,39.97,40.22,20262829,817351864.7875
2023-03-28 00:00:00+00:00,40.2,40.3,39.86,39.99,13537518,542685252.8249999
2023-03-29 00:00:00+00:00,40.16,40.27,39.99,40.25,14429511,579597383.0925001
2023-03-30 00:00:00+00:00,40.42,40.49,40.25,40.38,12634521,510245130.585
2023-03-31 00:00:00+00:00,40.55,40.83,40.28,40.8,23393576,950130089.2399999
2023-04-03 00:00:00+00:00,40.69,41.4668,40.65,41.35,20817194,854320988.0048
2023-04-04 00:00:00+00:00,41.44,41.53,40.76,40.9,19514531,803169309.6324999
2023-04-05 00:00:00+00:00,41.285,42.22,41.17,41.55,29697621,1234121762.6812499
2023-04-06 00:00:00+00:00,41.93,42.095,41.3743,41.5,25931833,1082001193.8542252
2023-04-10 00:00:00+00:00,41.15,41.74,41.12,41.73,15137290,627213611.15
2023-04-11 00:00:00+00:00,41.8,41.99,41.7,41.79,15304123,640018423.86
2023-04-12 00:00:00+00:00,41.63,41.79,41.27,41.37,17035066,707210764.99
2023-04-13 00:00:00+00:00,41.53,41.7,41.295,41.47,22880859,949527047.42625
2023-04-14 00:00:00+00:00,41.505,41.71,40.93,41.19,20627484,852611266.7850001
2023-04-17 00:00:00+00:00,41.12,41.28,40.96,41.18,17608635,724331200.7250001
2023-04-18 00:00:00+00:00,41.28,41.33,40.53,40.55,18541480,758763715.3
2023-04-19 00:00:00+00:00,40.43,40.56,40.2,40.24,17214344,694727887.98
2023-04-20 00:00:00+00:00,40.08,40.19,39.79,39.85,20131599,804810999.0225
2023-04-21 00:00:00+00:00,40.09,40.3,39.905,40.21,19227109,771511782.51125
2023-04-24 00:00:00+00:00,40.19,40.2,39.71,39.91,17633652,705390164.13
2023-04-25 00:00:00+00:00,39.75,39.92,39.285,39.33,24492373,969193815.07625
2023-04-26 00:00:00+00:00,39.16,39.19,38.4,38.63,22401426,870183392.97
2023-04-27 00:00:00+00:00,38.62,38.83,38.31,38.74,22434048,866515104.0
2023-04-28 00:00:00+00:00,38.7,38.91,38.615,38.89,21015333,814948344.57375
2023-05-01 00:00:00+00:00,39.0,39.52,38.86,39.21,23917757,936320392.1575
2023-05-02 00:00:00+00:00,39.29,40.115,38.63,39.06,38834136,1525162148.73
2023-05-03 00:00:00+00:00,39.2,39.39,38.36,38.45,27721928,1076996902.8
2023-05-04 00:00:00+00:00,38.17,38.43,38.02,38.23,23675132,904685981.55
2023-05-05 00:00:00+00:00,38.38,38.5,38.09,38.49,19225050,737569043.25
2023-05-08 00:00:00+00:00,38.53,38.73,38.35,38.67,20101723,775323456.1099999
2023-05-09 00:00:00+00:00,38.48,38.67,38.39,38.48,15987904,615614243.5200001
2023-05-10 00:00:00+00:00,38.67,38.72,38.08,38.3,15858223,609629737.6774999
2023-05-11 00:00:00+00:00,37.6,37.65,37.205,37.58,28566365,1071488643.19375
2023-05-12 00:00:00+00:00,37.61,37.72,37.23,37.35,16541294,619926345.885
2023-05-15 00:00:00+00:00,37.3,37.36,37.005,37.16,16650412,619499391.4749999
2023-05-16 00:00:00+00:00,37.02,37.24,36.83,37.01,25451711,942349599.775
2023-05-17 00:00:00+00:00,36.98,37.05,36.51,36.75,23206392,854517369.42
2023-05-18 00:00:00+00:00,36.71,36.78,36.17,36.48,27772415,1014665182.0250001
2023-05-19 00:00:00+00:00,36.65,37.654,36.52,36.77,33068322,1220171479.3170002
2023-05-22 00:00:00+00:00,36.86,38.865,36.75,38.75,85718553,3240697044.35625
2023-05-23 00:00:00+00:00,38.55,40.14,38.0,39.64,75379535,2946020676.6375
2023-05-24 00:00:00+00:00,40.1,40.14,38.6,38.63,39326373,1548180989.0775
2023-05-25 00:00:00+00:00,38.51,38.51,37.65,37.83,30266597,1153914010.625
2023-05-26 00:00:00+00:00,38.04,38.44,37.5635,37.6,20234632,767112604.423
2023-05-30 00:00:00+00:00,37.36,37.36,36.92,37.01,24371098,905690929.4250001
2023-05-31 00:00:00+00:00,37.1,38.22,36.87,38.02,46166333,1733661219.9825
2023-06-01 00:00:00+00:00,38.12,38.21,37.7,38.02,20256137,769986407.7125001
2023-06-02 00:00:00+00:00,38.25,38.66,38.16,38.36,22736353,872109660.1975
2023-06-05 00:00:00+00:00,38.48,39.015,38.34,38.65,18392226,710330758.4025
2023-06-06 00:00:00+00:00,38.65,38.86,38.2932,38.37,19508225,751911368.6424999
2023-06-07 00:00:00+00:00,38.35,39.06,38.13,38.89,25295133,976581847.2975
2023-06-08 00:00:00+00:00,39.04,39.19,38.73,39.09,17353721,677012040.5124999
2023-06-09 00:00:00+00:00,39.28,39.59,38.8727,38.97,19777462,774844867.2918501
2023-06-12 00:00:00+00:00,39.01,40.065,38.99,39.9,28340776,1119212670.21
2023-06-13 00:00:00+00:00,39.67,40.365,39.45,40.28,26533763,1059791661.4237499
2023-06-14 00:00:00+00:00,40.32,40.34,39.315,39.36,22056424,878590079.5099999
2023-06-15 00:00:00+00:00,39.41,39.83,39.28,39.75,19905906,787626935.6549999
2023-06-16 00:00:00+00:00,39.86,40.36,39.845,40.06,60338565,2415428180.15625
2023-06-20 00:00:00+00:00,39.71,39.87,39.33,39.34,26881166,1063486129.875
2023-06-21 00:00:00+00:00,39.2,39.24,38.76,38.9,17982944,701784389.6
2023-06-22 00:00:00+00:00,38.94,38.986,38.41,38.73,18047000,699619025.4999999
2023-06-23 00:00:00+00:00,38.71,38.87,38.28,38.3,23492234,905390698.36
2023-06-26 00:00:00+00:00,37.015,37.05,36.16,36.89,56135475,2064592601.1562502
2023-06-27 00:00:00+00:00,36.96,37.0,36.28,36.42,32414946,1188493995.0900002
2023-06-28 00:00:00+00:00,36.5,36.54,36.0334,36.29,30061996,1092478487.3365998
2023-06-29 00:00:00+00:00,35.99,36.22,35.76,36.12,26284883,946847197.8675001
2023-06-30 00:00:00+00:00,36.21,36.75,36.14,36.68,30867939,1124982036.855
2023-07-03 00:00:00+00:00,36.5,36.745,36.35,36.65,14115809,516091621.80125004
2023-07-05 00:00:00+00:00,36.58,37.02,36.39,36.46,26829419,982292103.1374999
2023-07-06 00:00:00+00:00,36.2,36.27,35.62,35.63,30214368,1085602242.24
2023-07-07 00:00:00+00:00,35.52,35.77,35.35,35.53,22903336,814041819.7800001
2023-07-10 00:00:00+00:00,35.57,36.01,35.5401,35.68,17777495,634657015.9373751
2023-07-11 00:00:00+00:00,35.64,36.04,35.615,36.02,17731329,635291353.90875
2023-07-12 00:00:00+00:00,36.2,36.25,35.92,35.99,17229687,621819403.83
2023-07-13 00:00:00+00:00,36.01,36.36,35.92,36.06,16664403,601376643.2625
2023-07-14 00:00:00+00:00,36.3,36.49,36.005,36.32,17915147,649939139.2262499
2023-07-17 00:00:00+00:00,36.12,36.12,35.78,35.86,20557295,739445901.15
2023-07-18 00:00:00+00:00,35.92,36.48,35.8792,36.24,22817333,824385677.8234
2023-07-19 00:00:00+00:00,36.34,36.7,36.205,36.44,18589659,677058617.85375
2023-07-20 00:00:00+00:00,36.4,37.07,36.36,36.77,22358414,819435873.1
2023-07-21 00:00:00+00:00,36.8,37.43,36.795,37.4,24149716,896105399.3249999
2023-07-24 00:00:00+00:00,37.41,37.8,37.37,37.51,19414708,728488380.9299998
2023-07-25 00:00:00+00:00,37.4,37.72,37.045,37.06,21770959,812192839.1937501
2023-07-26 00:00:00+00:00,36.87,37.345,36.76,37.21,20983650,777365543.8125
2023-07-27 00:00:00+00:00,36.85,37.01,36.18,36.2,25346304,926660874.24
2023-07-28 00:00:00+00:00,36.35,36.45,36.02,36.07,24054065,871298369.4625001
2023-07-31 00:00:00+00:00,36.18,36.19,35.92,36.06,40265244,1453071992.8500001
2023-08-01 00:00:00+00:00,35.88,36.92,35.37,35.61,40951967,1472018453.8150003
2023-08-02 00:00:00+00:00,35.63,35.885,35.275,35.35,34301638,1218908706.33
2023-08-03 00:00:00+00:00,35.18,35.28,34.92,35.0,25687701,901509866.595
2023-08-04 00:00:00+00:00,34.95,35.34,34.655,35.02,25746459,900900783.48375
2023-08-07 00:00:00+00:00,35.01,35.855,34.9,35.68,31069113,1098642672.07125
2023-08-08 00:00:00+00:00,36.37,36.37,35.39,35.64,25225525,906668432.3124999
2023-08-09 00:00:00+00:00,35.6,36.06,35.51,35.84,17210484,615317829.2099999
2023-08-10 00:00:00+00:00,35.82,36.09,35.595,35.72,18955150,678712839.6875
2023-08-11 00:00:00+00:00,35.62,36.28,35.59,36.04,16609378,595986006.085
2023-08-14 00:00:00+00:00,35.82,36.51,35.82,36.07,20295465,731752990.575
2023-08-15 00:00:00+00:00,35.88,35.91,35.36,35.39,20484289,729957638.515
2023-08-16 00:00:00+00:00,35.14,35.65,34.995,35.48,22215607,784571930.7137499
2023-08-17 00:00:00+00:00,35.6,36.72,35.59,36.51,31113553,1123354831.0649998
2023-08-18 00:00:00+00:00,36.45,36.85,36.32,36.66,24145117,882986928.69
2023-08-21 00:00:00+00:00,36.71,37.186,36.64,37.01,28496536,1051137475.1639999
2023-08-22 00:00:00+00:00,37.01,37.15,35.7235,36.84,18536903,679949821.830125
2023-08-23 00:00:00+00:00,37.09,37.13,36.56,36.66,19370897,714011263.42
2023-08-24 00:00:00+00:00,36.475,36.64,36.06,36.16,19380831,704178268.34625
2023-08-25 00:00:00+00:00,36.14,36.69,35.96,36.38,16421292,595969739.91
2023-08-28 00:00:00+00:00,36.44,36.52,36.03,36.21,15101949,548200748.7
2023-08-29 00:00:00+00:00,36.26,36.94,36.0,36.15,21076488,765866882.6999999
2023-08-30 00:00:00+00:00,36.18,36.25,35.82,35.9,16833018,606619886.1750001
2023-08-31 00:00:00+00:00,35.94,35.99,35.38,35.38,27919464,995957079.54
2023-09-01 00:00:00+00:00,35.64,36.06,35.6,35.78,17522542,626781327.34
2023-09-05 00:00:00+00:00,35.96,36.29,35.35,35.38,25856123,924227116.635
2023-09-06 00:00:00+00:00,35.26,35.28,34.26,34.37,35370154,1230616083.0449998
2023-09-07 00:00:00+00:00,34.47,34.64,34.04,34.28,26777739,920016167.6925
2023-09-08 00:00:00+00:00,34.23,34.39,34.05,34.25,19483285,666912845.5500001
2023-09-11 00:00:00+00:00,34.24,34.3,33.54,33.94,27574391,937667165.9549999
2023-09-12 00:00:00+00:00,33.97,34.21,33.75,34.15,17987155,611923013.1
2023-09-13 00:00:00+00:00,34.21,34.62,34.0,34.08,23853307,816439065.3425
2023-09-14 00:00:00+00:00,34.24,34.38,33.98,34.15,23759867,812290453.0625
2023-09-15 00:00:00+00:00,34.06,34.415,33.81,34.07,58063842,1979323793.9775
2023-09-18 00:00:00+00:00,34.12,34.12,33.44,33.64,25421949,860024534.67
2023-09-19 00:00:00+00:00,33.55,34.01,33.515,33.99,30323329,1023905107.8462499
2023-09-20 00:00:00+00:00,34.08,34.09,33.55,33.62,24651414,834080592.69
2023-09-21 00:00:00+00:00,33.47,33.59,32.83,32.85,26988901,895626679.6850001
2023-09-22 00:00:00+00:00,33.08,33.09,32.5,32.69,28570752,938263495.6800001
2023-09-25 00:00:00+00:00,32.69,32.98,32.4101,32.98,19443664,637072137.0515999
2023-09-26 00:00:00+00:00,32.72,32.96,32.36,32.4,26015472,848364541.92
2023-09-27 00:00:00+00:00,32.43,32.5,31.9,32.1,26430113,851908617.2725
2023-09-28 00:00:00+00:00,32.06,32.32,31.7744,32.09,28197588,904045688.6268
2023-09-29 00:00:00+00:00,32.35,33.23,32.3,33.17,42421449,1389832722.8625002
2023-10-02 00:00:00+00:00,32.95,33.955,32.76,32.76,44620596,1477220606.3249998
2023-10-03 00:00:00+00:00,33.84,34.11,33.71,33.9,31059924,1052620824.36
2023-10-04 00:00:00+00:00,33.94,34.0799,33.005,33.31,23722342,796684610.08395
2023-10-05 00:00:00+00:00,33.45,33.78,33.045,33.47,21279407,711503572.30375
2023-10-06 00:00:00+00:00,33.515,33.56,33.0721,33.13,23760440,791680634.481
2023-10-09 00:00:00+00:00,33.06,33.47,32.77,33.2,17468112,578631210.0
2023-10-10 00:00:00+00:00,33.08,33.4,33.01,33.17,19212104,637169429.1599998
2023-10-11 00:00:00+00:00,33.24,33.33,32.82,33.11,24221176,802326455.0
2023-10-12 00:00:00+00:00,33.11,33.22,32.77,32.92,21809858,719834363.2899998
2023-10-13 00:00:00+00:00,32.94,32.99,32.015,32.11,32675093,1062389805.0287501
2023-10-16 00:00:00+00:00,32.83,33.92,32.56,33.27,63317432,2098656283.64
2023-10-17 00:00:00+00:00,33.0,33.19,32.2,32.75,40015849,1311919609.465
2023-10-18 00:00:00+00:00,32.54,32.68,31.385,31.41,30307588,969956469.4550002
2023-10-19 00:00:00+00:00,31.38,31.495,30.91,31.19,26880287,839840966.95625
2023-10-20 00:00:00+00:00,31.06,31.11,30.475,30.65,39407902,1214699319.2725
2023-10-23 00:00:00+00:00,30.77,31.39,30.53,30.84,29412071,908318282.6575
2023-10-24 00:00:00+00:00,30.88,31.03,30.32,30.43,26923788,825617959.02
2023-10-25 00:00:00+00:00,30.46,31.0,30.22,30.73,28857900,883123884.7500001
2023-10-26 00:00:00+00:00,30.61,31.37,30.5,31.16,27162701,839599087.91
2023-10-27 00:00:00+00:00,31.06,31.13,30.02,30.11,33877106,1035961901.4799999
2023-10-30 00:00:00+00:00,30.24,30.68,30.11,30.55,33063533,1004966085.535
2023-10-31 00:00:00+00:00,30.285,30.82,29.7,30.56,42648188,1293999334.1550002
2023-11-01 00:00:00+00:00,30.56,31.075,30.47,30.51,23568309,722457052.00875
2023-11-02 00:00:00+00:00,30.51,30.65,30.21,30.5,29640886,903083694.205
2023-11-03 00:00:00+00:00,30.9,31.39,30.835,31.26,28071015,872903300.19375
2023-11-06 00:00:00+00:00,31.32,31.41,30.955,31.18,27381163,854737229.4987501
2023-11-07 00:00:00+00:00,31.08,31.385,30.89,31.25,18086421,563414622.17625
2023-11-08 00:00:00+00:00,30.92,31.3,30.55,30.82,29398346,908335395.535
2023-11-09 00:00:00+00:00,30.41,30.505,29.63,29.68,28737696,863747375.4
2023-11-10 00:00:00+00:00,29.75,29.815,29.025,29.48,33860227,999469250.4725001
2023-11-13 00:00:00+00:00,29.34,29.36,28.93,28.98,35519914,1035494292.885
2023-11-14 00:00:00+00:00,29.09,29.71,28.99,29.26,40084331,1172967735.8875
2023-11-15 00:00:00+00:00,29.21,30.35,29.21,30.19,43614636,1297099274.64
2023-11-16 00:00:00+00:00,30.27,30.45,29.47,29.77,32407186,971891508.14
2023-11-17 00:00:00+00:00,29.92,30.0089,29.74,29.92,27082355,809687260.964875
2023-11-20 00:00:00+00:00,29.9,30.14,29.76,29.98,26346186,788936539.77
2023-11-21 00:00:00+00:00,30.02,30.36,29.76,30.3,25988736,782520840.96
2023-11-22 00:00:00+00:00,30.39,30.5769,30.14,30.32,19230183,583765377.0306749
2023-11-24 00:00:00+00:00,30.38,30.7,30.38,30.5,11129739,339345742.10999995
2023-11-27 00:00:00+00:00,30.75,30.75,30.03,30.14,26066748,792885307.29
2023-11-28 00:00:00+00:00,30.11,30.11,29.635,29.69,29497713,881576025.14625
2023-11-29 00:00:00+00:00,29.77,30.22,29.725,30.08,26185160,784212810.55
2023-11-30 00:00:00+00:00,30.31,30.51,29.96,30.47,45356593,1374871725.3125
2023-12-01 00:00:00+00:00,28.97,29.4,28.3,28.91,103624040,2994216635.8
2023-12-04 00:00:00+00:00,29.02,29.64,29.02,29.28,47410449,1386281528.76
2023-12-05 00:00:00+00:00,29.21,29.6,29.07,29.09,39853005,1165401498.7125
2023-12-06 00:00:00+00:00,29.09,29.4,28.715,28.79,33410517,968863229.85375
2023-12-07 00:00:00+00:00,28.82,28.895,28.5,28.63,35782909,1027372046.02625
2023-12-08 00:00:00+00:00,28.65,28.965,28.59,28.78,31890740,916739184.725
2023-12-11 00:00:00+00:00,28.78,28.81,28.435,28.64,37833862,1084554946.5575001
2023-12-12 00:00:00+00:00,28.62,28.86,28.35,28.58,48587531,1389724855.4275002
2023-12-13 00:00:00+00:00,26.28,26.73,25.76,26.66,158100678,4167138620.385
2023-12-14 00:00:00+00:00,26.76,27.315,26.01,26.13,101889806,2705556436.0725
2023-12-15 00:00:00+00:00,26.13,26.9894,26.08,26.63,138388401,3661390361.1973495
2023-12-18 00:00:00+00:00,26.92,27.3,26.72,27.06,63329379,1709893233.0
2023-12-19 00:00:00+00:00,27.28,28.24,27.27,28.16,70094663,1944250714.9624999
2023-12-20 00:00:00+00:00,28.19,28.26,27.61,27.63,56184326,1568806842.735
2023-12-21 00:00:00+00:00,27.86,28.36,27.78,28.31,51056623,1433542332.2825
2023-12-22 00:00:00+00:00,28.44,28.79,28.18,28.4,35162307,1000455539.9175
2023-12-26 00:00:00+00:00,28.425,28.53,28.25,28.41,30119121,855495983.10375
2023-12-27 00:00:00+00:00,28.47,28.7299,28.31,28.61,35000664,998568068.9034001
2023-12-28 00:00:00+00:00,28.61,29.03,28.5819,28.79,30472890,876186244.34775
2023-12-29 00:00:00+00:00,28.78,28.8689,28.54,28.79,30363079,872778356.0082749
2024-01-02 00:00:00+00:00,28.88,30.2788,28.83,29.73,57948706,1705413032.9682
2024-01-03 00:00:00+00:00,30.0,30.0359,29.41,29.73,43426495,1293847906.367625
2024-01-04 00:00:00+00:00,29.79,29.95,29.03,29.09,45558159,1342371154.935
2024-01-05 00:00:00+00:00,29.02,29.49,28.75,29.47,33612838,980906644.935
2024-01-08 00:00:00+00:00,29.36,29.68,29.1701,29.58,32972133,970947710.820825
2024-01-09 00:00:00+00:00,29.6,29.86,29.32,29.4,39856903,1177572199.135
2024-01-10 00:00:00+00:00,29.36,29.39,28.875,28.99,37413289,1090737674.18375
2024-01-11 00:00:00+00:00,28.83,28.915,28.27,28.4,46884712,1341078580.87
2024-01-12 00:00:00+00:00,28.46,28.94,28.44,28.7,30373486,869744771.61
2024-01-16 00:00:00+00:00,28.6,28.72,28.22,28.32,38825982,1105181577.6299999
2024-01-17 00:00:00+00:00,28.16,28.53,27.93,28.15,33312583,939164996.2275001
2024-01-18 00:00:00+00:00,28.04,28.13,27.6,28.09,50321148,1407230903.8200002
2024-01-19 00:00:00+00:00,28.03,28.38,27.93,28.28,35549293,1000890344.4150001
2024-01-22 00:00:00+00:00,28.32,28.62,27.93,28.31,41663945,1178881323.775
2024-01-23 00:00:00+00:00,28.44,28.65,28.15,28.43,33466651,951038554.7925001
2024-01-24 00:00:00+00:00,28.54,28.775,28.33,28.33,42720738,1217274028.3875
2024-01-25 00:00:00+00:00,27.82,27.92,27.445,27.47,47605546,1316947923.1575
2024-01-26 00:00:00+00:00,27.63,27.91,27.36,27.47,47073756,1298882612.43
2024-01-29 00:00:00+00:00,27.52,27.63,27.31,27.48,67082715,1843768421.7749999
2024-01-30 00:00:00+00:00,27.89,28.37,26.95,27.02,86072429,2371940962.1675
2024-01-31 00:00:00+00:00,27.17,27.5103,26.78,27.08,81192099,2203153695.772425
2024-02-01 00:00:00+00:00,27.1,27.325,26.73,27.29,53882960,1460834399.3
2024-02-02 00:00:00+00:00,27.18,27.2,26.69,26.93,51718525,1396400175.0
2024-02-05 00:00:00+00:00,26.94,26.94,26.52,26.57,42633401,1140123726.2425
2024-02-06 00:00:00+00:00,26.66,27.725,26.57,27.5,56994489,1545334326.1237502
2024-02-07 00:00:00+00:00,27.55,27.65,27.295,27.56,36843007,1013689283.84625
2024-02-08 00:00:00+00:00,27.56,27.69,27.41,27.57,29048353,800499987.7974999
2024-02-09 00:00:00+00:00,27.56,27.59,27.38,27.56,29062706,799878325.885
2024-02-12 00:00:00+00:00,27.54,28.02,27.52,27.66,30323717,839512105.145
2024-02-13 00:00:00+00:00,27.54,27.83,26.86,26.97,37927457,1035419576.0999999
2024-02-14 00:00:00+00:00,27.01,27.17,26.91,27.11,25270224,683559559.2
2024-02-15 00:00:00+00:00,27.25,27.805,27.22,27.51,36111622,991128605.3175001
2024-02-16 00:00:00+00:00,27.55,27.89,27.21,27.62,35935327,990647127.0725001
2024-02-20 00:00:00+00:00,27.61,28.14,27.52,27.59,34232007,948740074.005
2024-02-21 00:00:00+00:00,27.6,27.675,27.355,27.67,27370649,754745646.1750001
2024-02-22 00:00:00+00:00,27.59,27.695,27.185,27.55,31957507,878991230.035
2024-02-23 00:00:00+00:00,27.75,28.086,27.69,27.76,33182554,923188426.1110001
2024-02-26 00:00:00+00:00,27.67,27.67,27.07,27.18,45685477,1251667856.1075
2024-02-27 00:00:00+00:00,27.12,27.2,26.81,26.89,38598363,1042348792.8149999
2024-02-28 00:00:00+00:00,26.96,27.235,26.82,27.04,31010175,837701114.90625
2024-02-29 00:00:00+00:00,27.07,27.19,26.55,26.56,54643160,1466759022.3
2024-03-01 00:00:00+00:00,26.825,26.9,26.51,26.59,46392099,1238958993.91875
2024-03-04 00:00:00+00:00,26.3,26.46,25.61,25.89,86777724,2261861376.06
2024-03-05 00:00:00+00:00,25.87,26.42,25.69,26.08,73646090,1915903031.3500001
2024-03-06 00:00:00+00:00,26.9,27.3,26.785,27.19,84919456,2296540538.2
2024-03-07 00:00:00+00:00,27.2,27.32,26.76,26.79,46423824,1254255664.9199998
2024-03-08 00:00:00+00:00,26.88,27.3,26.85,27.22,45906630,1242348174.375
2024-03-11 00:00:00+00:00,27.31,28.39,27.31,28.37,52600145,1464651037.525
2024-03-12 00:00:00+00:00,28.31,28.34,27.76,28.01,48758226,1370349941.73
2024-03-13 00:00:00+00:00,28.29,28.69,28.19,28.22,39272983,1113290885.5925
2024-03-14 00:00:00+00:00,28.25,28.28,27.77,28.13,36427957,1023898801.3774999
2024-03-15 00:00:00+00:00,27.96,28.28,27.86,27.94,75727854,2121137190.54
2024-03-18 00:00:00+00:00,28.01,28.025,27.61,27.72,36226501,1008591070.96625
2024-03-19 00:00:00+00:00,27.67,27.78,27.32,27.63,29026578,801133552.8000001
2024-03-20 00:00:00+00:00,27.48,27.7366,27.21,27.7,34467959,948959783.4023501
2024-03-21 00:00:00+00:00,27.75,28.035,27.63,27.66,29633710,822891084.5624999
2024-03-22 00:00:00+00:00,27.47,27.84,27.34,27.36,28830115,792900237.7875
2024-03-25 00:00:00+00:00,27.24,27.48,27.1,27.43,31110645,849709491.5625
2024-03-26 00:00:00+00:00,27.45,27.63,27.31,27.59,38220263,1050866131.1850001
2024-03-27 00:00:00+00:00,27.71,27.935,27.54,27.78,34247616,950071677.36
2024-03-28 00:00:00+00:00,27.82,28.12,27.72,27.75,40466657,1127097564.0925
2024-04-01 00:00:00+00:00,27.76,27.87,27.575,27.72,26596621,737557546.1062499
2024-04-02 00:00:00+00:00,27.57,27.75,27.41,27.55,32451485,894687441.45
2024-04-03 00:00:00+00:00,27.51,27.75,27.2,27.22,36828630,1009841034.6
2024-04-04 00:00:00+00:00,27.31,27.4,26.64,26.65,41922711,1131913197.0
2024-04-05 00:00:00+00:00,26.56,26.7,26.35,26.66,39880542,1059526299.5849999
2024-04-08 00:00:00+00:00,26.6,26.82,26.52,26.58,24431352,650606903.76
2024-04-09 00:00:00+00:00,26.77,27.42,26.65,26.78,45193644,1215934991.82
2024-04-10 00:00:00+00:00,26.52,26.59,26.16,26.32,44541594,1175786727.615
2024-04-11 00:00:00+00:00,26.35,26.4499,26.13,26.34,32814471,863594020.1807251
2024-04-12 00:00:00+00:00,26.25,26.32,25.83,25.86,43034056,1121682669.64
2024-04-15 00:00:00+00:00,25.91,26.17,25.75,25.91,35660191,924847053.5849999
2024-04-16 00:00:00+00:00,25.82,25.985,25.68,25.69,28885313,745060542.19375
2024-04-17 00:00:00+00:00,25.69,25.69,25.26,25.42,43828892,1118294179.38
2024-04-18 00:00:00+00:00,25.35,25.46,25.23,25.39,35788351,907503110.4825001
2024-04-19 00:00:00+00:00,25.39,26.0,25.35,26.0,38372801,985605393.6850001
2024-04-22 00:00:00+00:00,26.0,26.5,25.925,26.26,35678657,933755052.01125
2024-04-23 00:00:00+00:00,26.33,26.47,26.19,26.32,24297821,639700882.3775
2024-04-24 00:00:00+00:00,26.25,26.34,26.04,26.27,24547780,643765530.5
2024-04-25 00:00:00+00:00,26.27,26.43,25.25,25.26,47661411,1229783557.3275
2024-04-26 00:00:00+00:00,25.33,25.54,25.2,25.4,46526457,1180259897.9475
2024-04-29 00:00:00+00:00,25.58,25.85,25.54,25.64,41674405,1069052674.2625
2024-04-30 00:00:00+00:00,25.65,25.83,25.585,25.62,38017739,975962882.30375
2024-05-01 00:00:00+00:00,26.3295,27.45,26.02,27.18,97521564,2608202038.9845
2024-05-02 00:00:00+00:00,27.21,27.94,27.12,27.7,69649012,1914825462.4100003
2024-05-03 00:00:00+00:00,27.86,27.905,27.52,27.81,60568852,1682224153.235
2024-05-06 00:00:00+00:00,27.98,28.325,27.96,28.16,59899707,1683556139.8687499
2024-05-07 00:00:00+00:00,28.29,28.49,27.4,27.77,65606379,1836158532.2625
2024-05-08 00:00:00+00:00,27.7,28.34,27.52,28.27,39087790,1092796888.925
2024-05-09 00:00:00+00:00,27.76,28.25,27.32,28.18,47831087,1333411127.8425002
2024-05-10 00:00:00+00:00,28.24,28.28,27.92,28.01,25849775,726701799.6875
2024-05-13 00:00:00+00:00,28.19,28.65,28.17,28.44,39609758,1123431761.275
2024-05-14 00:00:00+00:00,28.55,28.68,28.19,28.38,23530856,669452853.1999999
2024-05-15 00:00:00+00:00,28.49,28.985,28.48,28.82,38376257,1101158724.29375
2024-05-16 00:00:00+00:00,28.87,29.03,28.67,28.92,40077782,1157145760.795
2024-05-17 00:00:00+00:00,28.895,28.91,28.51,28.64,26106406,750265475.4325
2024-05-20 00:00:00+00:00,28.66,28.71,28.46,28.53,22423283,641081660.97
2024-05-21 00:00:00+00:00,28.47,28.67,28.32,28.56,28119948,801559117.7400001
2024-05-22 00:00:00+00:00,28.47,29.63,28.415,29.6,46987481,1363987839.0787497
2024-05-23 00:00:00+00:00,29.43,29.43,28.67,28.69,42031325,1221220147.875
2024-05-24 00:00:00+00:00,28.665,28.99,28.55,28.88,22589127,649917420.19875
2024-05-28 00:00:00+00:00,28.8,28.88,28.13,28.3,32371217,923469892.9675
2024-05-29 00:00:00+00:00,28.16,28.17,27.69,27.82,24241730,677798770.8000001
2024-05-30 00:00:00+00:00,27.91,28.2,27.785,28.2,23330710,653813984.3625
2024-05-31 00:00:00+00:00,28.34,28.75,28.235,28.66,78290055,2230972979.79375
2024-06-03 00:00:00+00:00,28.66,29.53,28.64,29.31,38177233,1108475960.155
2024-06-04 00:00:00+00:00,29.3,29.73,29.17,29.49,46309529,1362542117.0025
2024-06-05 00:00:00+00:00,29.56,29.62,29.17,29.55,27346747,806045367.8249999
2024-06-06 00:00:00+00:00,29.36,29.54,28.79,28.8,35360443,1029784501.2674999
2024-06-07 00:00:00+00:00,28.75,29.05,28.55,28.58,27526200,790896541.5
2024-06-10 00:00:00+00:00,28.35,28.35,27.63,28.07,37003192,1039789695.2
2024-06-11 00:00:00+00:00,27.95,28.33,27.89,28.03,29573536,829537684.8000001
2024-06-12 00:00:00+00:00,28.17,28.2299,27.56,27.66,32507942,907133308.81145
2024-06-13 00:00:00+00:00,27.5,27.72,27.2,27.65,33945218,934087536.3149999
2024-06-14 00:00:00+00:00,27.745,28.22,27.43,27.53,29461921,817015896.73125
2024-06-17 00:00:00+00:00,27.45,27.4758,26.87,26.98,32194647,875499620.78565
2024-06-18 00:00:00+00:00,26.98,27.46,26.95,27.41,29817777,811043534.4
2024-06-20 00:00:00+00:00,27.2,27.96,27.15,27.74,29693363,816938649.5375
2024-06-21 00:00:00+00:00,27.77,27.89,27.56,27.74,52561555,1458057535.6999998
2024-06-24 00:00:00+00:00,27.95,28.405,27.73,28.36,35414112,995534955.96
2024-06-25 00:00:00+00:00,28.4,28.45,27.93,27.99,26300713,741482851.2524999
2024-06-26 00:00:00+00:00,27.91,27.93,27.07,27.42,30745779,848045449.2675
2024-06-27 00:00:00+00:00,27.37,27.83,27.07,27.8,28399596,781485882.9300001
2024-06-28 00:00:00+00:00,27.78,28.12,27.64,27.98,33189215,925315314.2
2024-07-01 00:00:00+00:00,27.95,28.63,27.94,28.22,26208992,738700439.52
2024-07-02 00:00:00+00:00,28.22,28.28,27.69,27.83,21989831,615825217.155
2024-07-03 00:00:00+00:00,27.92,28.05,27.615,27.7,15180087,422328995.44874996
2024-07-05 00:00:00+00:00,27.76,28.09,27.67,28.05,17268657,481666015.3725
2024-07-08 00:00:00+00:00,28.05,28.12,27.79,27.93,25694361,718735513.0725001
2024-07-09 00:00:00+00:00,27.88,27.94,27.295,27.72,36876747,1021808563.4362501
2024-07-10 00:00:00+00:00,27.83,28.41,27.8,28.35,29873573,839372717.3675
2024-07-11 00:00:00+00:00,28.78,29.23,28.42,28.66,47322551,1361588098.6475
2024-07-12 00:00:00+00:00,28.9,29.14,28.79,28.92,28396983,821737695.5625
2024-07-15 00:00:00+00:00,29.03,29.27,28.83,29.1,30534363,887252252.8725
2024-07-16 00:00:00+00:00,29.2,29.56,29.12,29.5,26912145,789736895.025
2024-07-17 00:00:00+00:00,29.42,30.3,29.31,30.03,45394967,1351181192.755
2024-07-18 00:00:00+00:00,29.91,30.69,29.6303,29.71,47279678,1417684690.80585
2024-07-19 00:00:00+00:00,29.94,30.0,29.5501,29.97,30021169,896582962.7142249
2024-07-22 00:00:00+00:00,30.11,30.23,29.38,29.6,46483174,1386593080.4199998
2024-07-23 00:00:00+00:00,29.62,29.64,29.33,29.5,25528288,753658882.48
2024-07-24 00:00:00+00:00,29.51,29.99,29.31,29.98,29579444,878435538.19
2024-07-25 00:00:00+00:00,29.97,30.93,29.97,30.18,42296212,1279989115.65
2024-07-26 00:00:00+00:00,30.15,30.88,30.01,30.77,35657080,1085847228.7
2024-07-29 00:00:00+00:00,30.69,30.93,30.44,30.72,41713675,1280401254.125
2024-07-30 00:00:00+00:00,31.01,31.54,29.78,31.39,89857470,2779291547.1
2024-07-31 00:00:00+00:00,31.2,31.26,30.47,30.54,40978684,1264909528.37
2024-08-01 00:00:00+00:00,30.72,30.81,29.91,30.65,39753104,1213364116.8400002
2024-08-02 00:00:00+00:00,30.88,31.32,30.01,30.43,42364712,1298902069.92
2024-08-05 00:00:00+00:00,29.09,30.01,28.853,29.74,37837997,1113316845.23025
2024-08-06 00:00:00+00:00,29.73,30.05,29.245,29.32,29031810,858942388.6125
2024-08-07 00:00:00+00:00,29.63,29.81,28.74,28.85,32866117,961580418.1275
2024-08-08 00:00:00+00:00,28.93,29.005,28.535,28.76,32094449,924560839.5675
2024-08-09 00:00:00+00:00,28.65,28.75,28.45,28.55,25795602,737754217.1999999
2024-08-12 00:00:00+00:00,28.58,28.61,28.32,28.45,21141557,602322958.93
2024-08-13 00:00:00+00:00,28.55,28.95,28.31,28.85,34620731,992403254.115
2024-08-14 00:00:00+00:00,28.8,29.18,28.665,28.88,23677681,683841024.38125
2024-08-15 00:00:00+00:00,28.93,29.01,28.52,28.71,28676776,825676072.9799999
2024-08-16 00:00:00+00:00,28.65,28.65,27.85,28.3,50332917,1427567358.4125001
2024-08-19 00:00:00+00:00,28.35,28.89,28.28,28.8,26382519,754012393.0200001
2024-08-20 00:00:00+00:00,28.8,29.19,28.8,28.9,21301283,616086357.5675
2024-08-21 00:00:00+00:00,28.98,29.17,28.93,29.03,16729667,485620408.84250003
2024-08-22 00:00:00+00:00,29.02,29.13,28.54,28.78,20241538,584322598.215
2024-08-23 00:00:00+00:00,28.82,28.94,28.64,28.9,21885329,630844608.4250001
2024-08-26 00:00:00+00:00,28.92,29.05,28.77,28.92,16506017,477271481.555
2024-08-27 00:00:00+00:00,28.98,29.04,28.56,28.82,16184631,466926604.35
2024-08-28 00:00:00+00:00,28.78,29.08,28.635,28.75,19874145,572598960.13125
2024-08-29 00:00:00+00:00,28.87,28.89,28.53,28.72,19229826,552905572.065
2024-08-30 00:00:00+00:00,28.72,29.05,28.67,29.01,37137599,1071883951.1375
2024-09-03 00:00:00+00:00,28.65,28.92,28.14,28.3,44499554,1268348537.885
2024-09-04 00:00:00+00:00,28.29,28.54,28.2,28.39,23510502,666640284.21
2024-09-05 00:00:00+00:00,28.43,28.8,28.35,28.51,25927159,739507392.5775001
2024-09-06 00:00:00+00:00,28.56,28.77,28.28,28.56,31214484,890939409.57
2024-09-09 00:00:00+00:00,28.54,29.59,28.453,29.41,36558420,1060130202.765
2024-09-10 00:00:00+00:00,29.42,29.755,29.19,29.74,32378822,956025193.0774999
2024-09-11 00:00:00+00:00,29.68,29.7,29.14,29.66,31943123,943759569.035
2024-09-12 00:00:00+00:00,29.58,29.708,28.76,29.16,32535891,953366678.082
2024-09-13 00:00:00+00:00,29.16,29.32,28.99,29.27,19987683,583340528.355
2024-09-16 00:00:00+00:00,29.57,30.14,29.44,30.07,29224561,871038040.605
2024-09-17 00:00:00+00:00,30.045,30.14,29.6,29.83,27055292,809054688.145
2024-09-18 00:00:00+00:00,30.0,30.14,29.7301,29.75,25812847,771933834.8561751
2024-09-19 00:00:00+00:00,29.89,30.35,29.52,29.66,22653157,676310002.235
2024-09-20 00:00:00+00:00,29.54,29.55,29.23,29.42,56877421,1674186887.1350002
2024-09-23 00:00:00+00:00,29.43,29.47,29.18,29.31,23126233,678697122.9675
2024-09-24 00:00:00+00:00,29.245,29.59,29.15,29.5,21446185,629901261.18125
2024-09-25 00:00:00+00:00,29.6,29.71,28.91,28.93,30712714,899498611.2750001
2024-09-26 00:00:00+00:00,28.48,29.0099,28.31,28.97,32310409,927065602.4722749
2024-09-27 00:00:00+00:00,29.02,29.23,28.92,29.09,25013039,727003978.5350001
2024-09-30 00:00:00+00:00,29.11,29.19,28.78,28.94,27481214,797092612.0699999
2024-10-01 00:00:00+00:00,29.05,29.08,28.53,28.67,30725106,885881618.745
2024-10-02 00:00:00+00:00,28.6,28.77,28.38,28.61,24957182,713525833.38
2024-10-03 00:00:00+00:00,28.5,28.52,28.26,28.34,25678869,729408273.945
2024-10-04 00:00:00+00:00,28.29,28.59,28.24,28.58,28786884,818267177.6999999
2024-10-07 00:00:00+00:00,29.37,29.84,29.11,29.2,51426586,1510913096.68
2024-10-08 00:00:00+00:00,29.21,29.49,29.0,29.18,29126564,851078200.0799999
2024-10-09 00:00:00+00:00,29.22,30.43,29.1,30.19,44244836,1315620198.46
2024-10-10 00:00:00+00:00,29.89,30.08,29.28,29.34,34347730,1018324325.1750001
2024-10-11 00:00:00+00:00,29.36,29.44,28.95,29.16,29617610,865648696.275
2024-10-14 00:00:00+00:00,29.16,29.17,28.85,29.08,23594180,685764841.7
2024-10-15 00:00:00+00:00,29.09,29.74,29.07,29.44,29009879,851004800.465
2024-10-16 00:00:00+00:00,29.5,29.82,29.43,29.67,28414754,841218792.17
2024-10-17 00:00:00+00:00,29.48,29.53,29.22,29.27,23779153,698512619.375
2024-10-18 00:00:00+00:00,29.3,29.365,29.08,29.22,24244872,708950363.37
2024-10-21 00:00:00+00:00,29.22,29.22,28.88,28.93,23395658,679936310.625
2024-10-22 00:00:00+00:00,28.9,28.985,28.6,28.84,29036388,837155361.525
2024-10-23 00:00:00+00:00,28.87,29.11,28.67,28.86,22217569,641587848.7975
2024-10-24 00:00:00+00:00,28.86,28.98,28.5,28.64,31473587,904708258.315
2024-10-25 00:00:00+00:00,28.68,28.73,28.44,28.45,26091111,745553496.8249999
2024-10-28 00:00:00+00:00,28.6,28.94,28.56,28.86,37922530,1089893512.2
2024-10-29 00:00:00+00:00,29.01,29.17,28.025,28.46,102266959,2931610213.4337506
2024-10-30 00:00:00+00:00,28.31,28.6,28.19,28.52,47104024,1337989801.7199998
2024-10-31 00:00:00+00:00,28.45,28.64,28.29,28.3,37909602,1077390888.84
2024-11-01 00:00:00+00:00,28.48,28.54,28.05,28.09,46894562,1326647158.98
2024-11-04 00:00:00+00:00,28.1,28.14,27.73,27.76,41347818,1154947926.285
2024-11-05 00:00:00+00:00,27.74,28.0,27.58,27.99,44175835,1229303048.4624999
2024-11-06 00:00:00+00:00,27.93,27.99,27.08,27.36,65749517,1814029174.03
2024-11-07 00:00:00+00:00,27.53,27.59,27.34,27.46,48484777,1332361671.9600003
2024-11-08 00:00:00+00:00,27.11,27.15,26.71,26.72,55951315,1506349278.0874999
2024-11-11 00:00:00+00:00,26.72,26.83,26.22,26.24,54329259,1439861186.6474998
2024-11-12 00:00:00+00:00,26.23,26.44,25.95,26.19,53035233,1389655692.6825001
2024-11-13 00:00:00+00:00,26.23,26.75,25.975,26.72,47983088,1267653206.1000001
2024-11-14 00:00:00+00:00,26.74,26.85,25.84,26.02,45262223,1193225353.8375
2024-11-15 00:00:00+00:00,25.7,25.7,24.48,24.8,131074383,3299142220.1099997
2024-11-18 00:00:00+00:00,24.97,25.25,24.7,24.86,64261280,1602997629.6
2024-11-19 00:00:00+00:00,24.7,25.11,24.61,25.1,52381212,1303244554.5600002
2024-11-20 00:00:00+00:00,25.07,25.1,24.65,24.94,46170786,1151499402.84
2024-11-21 00:00:00+00:00,24.87,25.215,24.775,25.13,45048363,1126096454.0925
2024-11-22 00:00:00+00:00,25.18,25.75,25.099,25.65,41896988,1065010960.713
2024-11-25 00:00:00+00:00,25.75,26.45,25.74,26.17,57707647,1501985782.2925
2024-11-26 00:00:00+00:00,26.16,26.24,25.61,25.77,33001020,856211463.8999999
2024-11-27 00:00:00+00:00,25.76,25.95,25.7,25.83,28242085,728928213.8499999
2024-11-29 00:00:00+00:00,25.83,26.23,25.77,26.21,22023022,572818802.2199999
2024-12-02 00:00:00+00:00,26.07,26.22,25.73,25.82,43866360,1138770705.6000001
2024-12-03 00:00:00+00:00,25.83,25.9,25.52,25.56,49064298,1261075119.345
2024-12-04 00:00:00+00:00,25.45,25.5,25.18,25.23,42541528,1078002319.52
2024-12-05 00:00:00+00:00,25.23,25.79,25.14,25.7,43647885,1111493391.525
2024-12-06 00:00:00+00:00,25.74,26.1,25.59,25.73,31830727,820914449.33
2024-12-09 00:00:00+00:00,25.76,26.44,25.58,26.1,37464823,972961453.31
2024-12-10 00:00:00+00:00,26.1,26.11,25.51,25.57,43280545,1117611873.2624998
2024-12-11 00:00:00+00:00,25.38,25.5137,25.17,25.23,39569365,1002031846.875125
2024-12-12 00:00:00+00:00,25.18,25.48,25.06,25.37,38705092,978174437.57
2024-12-13 00:00:00+00:00,25.34,25.66,25.26,25.58,29043563,739449113.98
2024-12-16 00:00:00+00:00,25.59,25.75,25.2218,25.25,40193951,1023054625.10545
2024-12-17 00:00:00+00:00,25.9,26.46,25.86,26.43,71440271,1869056090.0375001
2024-12-18 00:00:00+00:00,26.19,26.52,25.86,25.89,47575127,1242424441.605
2024-12-19 00:00:00+00:00,25.7,26.09,25.575,25.77,50324678,1297558916.3825
2024-12-20 00:00:00+00:00,25.7,26.49,25.7,26.36,116340073,3032113152.5625
2024-12-23 00:00:00+00:00,26.36,26.75,26.19,26.71,35350374,936873286.935
2024-12-24 00:00:00+00:00,26.59,26.77,26.3812,26.74,19716416,524856908.84479994
2024-12-26 00:00:00+00:00,26.64,26.72,26.48,26.56,31513727,838265138.2
2024-12-27 00:00:00+00:00,26.43,26.85,26.4225,26.62,35218279,936123867.244375
2024-12-30 00:00:00+00:00,26.48,26.58,26.24,26.42,32859114,868466383.02
2024-12-31 00:00:00+00:00,26.4,26.65,26.36,26.53,27085473,717358752.405
2025-01-02 00:00:00+00:00,26.75,26.86,26.56,26.61,32899229,878244918.155
2025-01-03 00:00:00+00:00,26.7,26.84,26.5201,26.59,33416986,890981224.6496501
2025-01-06 00:00:00+00:00,26.71,27.25,26.56,26.89,43950971,1180193448.7775
2025-01-07 00:00:00+00:00,27.01,27.57,26.94,27.13,35029957,951501207.0124999
2025-01-08 00:00:00+00:00,27.05,27.14,26.23,26.86,35430724,950252017.6800001
2025-01-10 00:00:00+00:00,26.87,27.05,26.69,26.72,32836862,881095099.615
2025-01-13 00:00:00+00:00,26.65,26.81,26.36,26.8,28359600,755925137.9999999
2025-01-14 00:00:00+00:00,26.81,26.87,26.27,26.41,25856913,687535316.67
2025-01-15 00:00:00+00:00,26.515,26.65,26.21,26.22,35949694,949026984.4825
2025-01-16 00:00:00+00:00,26.07,26.57,25.96,26.49,29981137,787679421.8324999
2025-01-17 00:00:00+00:00,26.395,26.56,26.22,26.3,35380330,932935076.6875
2025-01-21 00:00:00+00:00,26.45,26.64,26.39,26.64,39745587,1054450423.11
2025-01-22 00:00:00+00:00,26.51,26.6,25.97,26.01,41890415,1100565928.0875
2025-01-23 00:00:00+00:00,26.01,26.4782,25.85,26.44,40987046,1073637225.7993
2025-01-24 00:00:00+00:00,26.02,26.2,25.96,26.09,31300184,815917546.4200001
2025-01-27 00:00:00+00:00,26.24,26.97,26.18,26.86,50648558,1345352321.8749998
2025-01-28 00:00:00+00:00,26.78,26.86,26.49,26.75,40589558,1084552989.76
2025-01-29 00:00:00+00:00,26.8,27.07,26.57,26.62,34418182,921202641.23
2025-01-30 00:00:00+00:00,26.66,27.01,26.58,26.91,32289570,865037580.3
2025-01-31 00:00:00+00:00,26.96,27.01,26.42,26.52,37338151,997955430.8525
2025-02-03 00:00:00+00:00,26.3,26.47,26.15,26.2,49626216,1304176956.4799998
2025-02-04 00:00:00+00:00,26.1,26.9168,25.6,25.87,68748342,1795823565.2214003
2025-02-05 00:00:00+00:00,25.95,26.69,25.7,26.44,50426780,1320929502.1
2025-02-06 00:00:00+00:00,26.42,26.47,25.78,25.83,45182013,1180380089.625
2025-02-07 00:00:00+00:00,25.86,25.9599,25.53,25.74,36512824,941025843.7194
2025-02-10 00:00:00+00:00,25.78,26.12,25.51,25.87,39632710,1023316572.2000002
2025-02-11 00:00:00+00:00,25.83,25.91,25.46,25.53,36593280,939806913.5999999
2025-02-12 00:00:00+00:00,25.475,25.615,25.17,25.47,31671613,805488297.6225001
2025-02-13 00:00:00+00:00,25.49,25.74,25.33,25.64,30612533,782150218.15
2025-02-14 00:00:00+00:00,25.73,25.83,25.47,25.53,33214613,851622677.32
2025-02-18 00:00:00+00:00,25.605,25.74,25.42,25.56,40499740,1036033973.875
2025-02-19 00:00:00+00:00,25.57,25.915,25.5,25.89,37292373,959113218.09375
2025-02-20 00:00:00+00:00,25.86,26.08,25.75,25.9,37138957,961806138.9075
2025-02-21 00:00:00+00:00,25.89,26.57,25.845,26.3,54611479,1428158440.19875
2025-02-24 00:00:00+00:00,26.4,26.74,25.88,26.65,43823332,1157702873.11
2025-02-25 00:00:00+00:00,26.72,27.03,26.54,26.74,43560142,1165560499.5649998
2025-02-26 00:00:00+00:00,26.68,26.78,26.35,26.42,30103275,799467725.8125
2025-02-27 00:00:00+00:00,26.285,26.5,26.010906,26.1,28268280,741306710.4154199
2025-02-28 00:00:00+00:00,26.055,26.49,25.91,26.43,51531747,1351226821.0237498
2025-03-03 00:00:00+00:00,26.37,26.895,25.97,26.25,54048604,1425329248.235
2025-03-04 00:00:00+00:00,26.25,26.31,25.67,25.75,51315033,1333934282.835
2025-03-05 00:00:00+00:00,25.7,26.1799,25.6601,25.94,37062356,958803149.7199999
2025-03-06 00:00:00+00:00,25.93,26.4562,25.9,26.24,46998311,1228138713.81205
2025-03-07 00:00:00+00:00,26.4,26.885,26.18,26.73,54337680,1442597481.9
2025-03-10 00:00:00+00:00,26.64,27.24,26.54,26.64,53013457,1418905176.6049998
2025-03-11 00:00:00+00:00,26.57,26.62,25.87,25.99,44841410,1177647530.125
2025-03-12 00:00:00+00:00,25.935,25.97,25.5,25.71,37331036,962347444.2850001
2025-03-13 00:00:00+00:00,25.76,26.07,25.53,25.6,36717859,945117690.6600001
2025-03-14 00:00:00+00:00,25.62,25.76,25.495,25.72,30298342,777114599.3725
2025-03-17 00:00:00+00:00,25.74,26.15,25.585,26.05,32676852,845717775.8249999
2025-03-18 00:00:00+00:00,26.21,26.4,26.1,26.31,32958720,865331193.6000001
2025-03-19 00:00:00+00:00,26.33,26.5,26.08,26.21,42522707,1117496739.96
2025-03-20 00:00:00+00:00,26.245,26.295,26.015,26.19,35378936,926441662.83
2025-03-21 00:00:00+00:00,26.13,26.52,26.01,26.28,349996520,9182158702.199999
2025-03-24 00:00:00+00:00,26.1,26.22,25.89,26.14,37944360,989873491.5000001
2025-03-25 00:00:00+00:00,26.16,26.2,25.51,25.55,47607587,1230894161.885
2025-03-26 00:00:00+00:00,25.52,25.65,25.125,25.21,49578894,1258126408.8674998
2025-03-27 00:00:00+00:00,25.2,25.23,24.83,25.01,51302022,1286013436.485
2025-03-28 00:00:00+00:00,25.03,25.22,24.81,25.21,32352546,810997446.8550001
2025-03-31 00:00:00+00:00,24.8,25.425,24.61,25.34,53498113,1339793367.4437501
2025-04-01 00:00:00+00:00,25.29,25.345,24.52,24.54,54444200,1356953629.75
2025-04-02 00:00:00+00:00,24.5,24.735,24.31,24.7,41964965,1030711996.60625
2025-04-03 00:00:00+00:00,24.74,24.87,24.28,24.29,53501839,1313202638.255
2025-04-04 00:00:00+00:00,23.94,24.1,22.95,22.97,80002585,1879260721.65
2025-04-07 00:00:00+00:00,22.14,23.155,21.75,22.63,86106057,1930390165.3687499
2025-04-08 00:00:00+00:00,22.9,22.99,21.44,21.84,72406019,1614111178.5575001
2025-04-09 00:00:00+00:00,21.11,22.5369,20.915,22.49,95954376,2088252686.0286
2025-04-10 00:00:00+00:00,22.26,22.27,21.085,21.59,72960683,1590634090.2537503
2025-04-11 00:00:00+00:00,21.59,22.0,21.2849,21.91,55078087,1194986568.1215749
2025-04-14 00:00:00+00:00,22.08,22.23,21.87,22.12,61900899,1366462345.4250002
2025-04-15 00:00:00+00:00,22.17,22.93,22.125,22.44,51814669,1161490573.9712498
2025-04-16 00:00:00+00:00,22.49,22.68,21.95,22.04,37641162,839021500.98
2025-04-17 00:00:00+00:00,22.15,22.55,22.1,22.14,54073683,1202328341.505
2025-04-21 00:00:00+00:00,22.125,22.17,21.87,22.04,32021006,706103208.5575001
2025-04-22 00:00:00+00:00,22.175,22.5454,22.145,22.53,36052602,805734194.2077
2025-04-23 00:00:00+00:00,22.7799,23.055,22.235,22.39,50781008,1148411226.3948
2025-04-24 00:00:00+00:00,22.4,22.855,22.23,22.78,35009622,790035882.4575
2025-04-25 00:00:00+00:00,22.77,23.105,22.475,22.92,35847676,817954347.13
2025-04-28 00:00:00+00:00,23.03,23.29,22.9,23.05,55888877,1289216670.1975
2025-04-29 00:00:00+00:00,22.83,24.12,22.46,23.79,98540187,2295986357.1
2025-04-30 00:00:00+00:00,24.195,24.44,23.98,24.41,53941720,1308423845.75
2025-05-01 00:00:00+00:00,24.3,24.325,23.8,23.93,46891740,1129563401.925
2025-05-02 00:00:00+00:00,24.275,24.3,23.97,24.2,41685764,1008222309.5450001
2025-05-05 00:00:00+00:00,24.2,24.25,23.85,23.87,40811811,981217965.9675002
2025-05-06 00:00:00+00:00,23.83,23.89,22.845,22.88,60872639,1422060937.83875
2025-05-07 00:00:00+00:00,22.99,23.085,22.72,22.79,48369889,1107489071.0162501
2025-05-08 00:00:00+00:00,22.82,23.09,22.51,22.97,55669822,1271916258.145
2025-05-09 00:00:00+00:00,22.51,22.6,22.26,22.28,39059757,875426803.7625
2025-05-12 00:00:00+00:00,22.23,23.15,22.18,23.09,77480932,1755911621.45
2025-05-13 00:00:00+00:00,22.9,22.98,22.49,22.87,41193234,939617667.54
2025-05-14 00:00:00+00:00,22.86,22.9,21.97,22.02,59393961,1332651999.9374998
2025-05-15 00:00:00+00:00,22.2,22.6,22.09,22.6,51800092,1158897558.2700002
2025-05-16 00:00:00+00:00,22.65,22.845,22.45,22.83,37786787,857523897.4812499
2025-05-19 00:00:00+00:00,22.74,23.03,22.6401,23.0,31513688,720167342.8622
2025-05-20 00:00:00+00:00,23.17,23.7,23.155,23.52,57047501,1334127120.26125
2025-05-21 00:00:00+00:00,23.47,23.48,23.04,23.04,42984721,999717148.6575
2025-05-22 00:00:00+00:00,23.04,23.16,22.81,23.04,38602836,888347763.4500002
2025-05-23 00:00:00+00:00,22.95,23.39,22.88,23.32,35405386,819103605.1099999
2025-05-27 00:00:00+00:00,23.55,23.66,23.365,23.61,36155382,851323663.4175
2025-05-28 00:00:00+00:00,23.61,23.635,23.11,23.18,36737175,859052915.90625
2025-05-29 00:00:00+00:00,23.325,23.45,23.16,23.45,26210104,611907640.51
2025-05-30 00:00:00+00:00,23.48,23.62,23.16,23.49,56618550,1326997265.625
2025-06-02 00:00:00+00:00,23.54,23.56,23.2219,23.46,30443927,713772329.3803251
2025-06-03 00:00:00+00:00,23.38,23.54,23.06,23.35,37887102,884000807.4150001
2025-06-04 00:00:00+00:00,23.41,23.54,23.35,23.39,24500119,573854037.2775
2025-06-05 00:00:00+00:00,23.44,23.44,23.08,23.12,33199874,772561067.9800001
2025-06-06 00:00:00+00:00,23.27,23.58,23.245,23.35,30426242,710795045.9224999
2025-06-09 00:00:00+00:00,23.44,24.14,23.42,23.97,42542644,1010068725.17
2025-06-10 00:00:00+00:00,23.97,24.42,23.96,24.3,40439206,977112314.9749999
2025-06-11 00:00:00+00:00,24.33,24.69,24.32,24.48,38558667,942952201.485
2025-06-12 00:00:00+00:00,24.53,24.88,24.53,24.84,42465423,1048683620.985
2025-06-13 00:00:00+00:00,24.785,24.95,24.46,24.54,46368359,1144544981.46625
2025-06-16 00:00:00+00:00,24.5,24.59,24.28,24.4,35102135,857983934.7375001
2025-06-17 00:00:00+00:00,24.27,24.32,23.91,24.0,40408779,974861793.375
2025-06-18 00:00:00+00:00,23.96,24.08,23.77,23.88,37076206,886955538.035
2025-06-20 00:00:00+00:00,24.0,24.09,23.77,23.97,63098137,1511673617.1775
2025-06-23 00:00:00+00:00,23.87,24.085,23.765,24.03,31959082,765020525.375
2025-06-24 00:00:00+00:00,24.14,24.4,24.11,24.31,34198069,828961192.5600001
2025-06-25 00:00:00+00:00,24.21,24.37,24.07,24.26,25603316,620304338.3900001
2025-06-26 00:00:00+00:00,24.315,24.43,24.16,24.24,31835340,773161026.0749999
2025-06-27 00:00:00+00:00,24.35,24.42,24.08,24.19,39528753,958967547.78
2025-06-30 00:00:00+00:00,24.21,24.38,24.12,24.24,44730910,1084165431.125
2025-07-01 00:00:00+00:00,24.275,25.35,24.26,25.04,59259857,1465570338.43125
2025-07-02 00:00:00+00:00,25.13,25.36,25.025,25.32,36772093,926978499.4137498
2025-07-03 00:00:00+00:00,25.35,25.52,25.2212,25.38,27104580,687583564.5239999
2025-07-07 00:00:00+00:00,25.36,25.53,25.14,25.24,34905924,883730730.87
2025-07-08 00:00:00+00:00,25.24,25.96,25.21,25.62,51275809,1307917698.0675
2025-07-09 00:00:00+00:00,25.69,25.8399,25.34,25.56,38362230,982359845.66925
2025-07-10 00:00:00+00:00,25.58,26.05,25.535,25.78,39499242,1016562366.9224999
2025-07-11 00:00:00+00:00,25.65,25.715,25.42,25.65,34864397,892833626.67375
2025-07-14 00:00:00+00:00,25.58,25.63,25.34,25.35,25918049,660262298.2750001
2025-07-15 00:00:00+00:00,25.335,25.44,24.53,24.61,54457964,1360291868.265
2025-07-16 00:00:00+00:00,24.675,24.96,24.53,24.61,44218214,1091913521.9625
2025-07-17 00:00:00+00:00,24.49,24.78,24.45,24.58,47393884,1164704699.3
2025-07-18 00:00:00+00:00,24.71,24.78,24.39,24.47,36309403,892757446.2624999
2025-07-21 00:00:00+00:00,24.59,24.65,24.255,24.26,33663379,822690903.53625
2025-07-22 00:00:00+00:00,24.37,25.14,24.34,25.14,48091579,1190146351.3025
2025-07-23 00:00:00+00:00,25.38,25.53,25.25,25.36,42073286,1067819998.68
2025-07-24 00:00:00+00:00,25.39,25.54,25.26,25.35,25672379,651693340.915
2025-07-25 00:00:00+00:00,24.97,24.97,24.62,24.79,35643442,885293990.675
2025-07-28 00:00:00+00:00,24.675,24.73,24.235,24.31,31096625,761478604.6875
2025-07-29 00:00:00+00:00,24.31,24.33,23.93,24.3,38499825,932369511.9374999
2025-07-30 00:00:00+00:00,24.32,24.395,23.795,23.81,35649545,858441043.6
2025-07-31 00:00:00+00:00,23.6,23.84,23.14,23.29,62768328,1473015737.3400002
2025-08-01 00:00:00+00:00,23.3,23.52,23.11,23.49,51332709,1198875418.695
2025-08-04 00:00:00+00:00,23.44,23.68,23.4,23.53,57010739,1340465000.7375002
2025-08-05 00:00:00+00:00,24.27,24.89,24.27,24.75,113955063,2797027021.3349996
2025-08-06 00:00:00+00:00,24.68,24.71,23.86,23.93,65689179,1595918603.805
2025-08-07 00:00:00+00:00,24.17,24.47,23.94,24.23,45494359,1101077223.6975
2025-08-08 00:00:00+00:00,24.2899,24.61,24.16,24.58,36376966,887960830.63585
2025-08-11 00:00:00+00:00,24.6,24.92,24.53,24.58,38115712,939838168.6400001
2025-08-12 00:00:00+00:00,24.655,24.7684,24.47,24.65,34412629,847784366.14965
2025-08-13 00:00:00+00:00,24.745,25.195,24.743,25.16,40176493,1002835397.6497499
2025-08-14 00:00:00+00:00,25.09,25.18,24.815,25.11,32513972,814434356.135
2025-08-15 00:00:00+00:00,25.22,25.3,24.97,25.14,31844848,801136763.56
2025-08-18 00:00:00+00:00,25.14,25.23,25.01,25.07,35623337,894591050.4125001
2025-08-19 00:00:00+00:00,25.14,25.43,25.1,25.32,29170504,736482299.74
2025-08-20 00:00:00+00:00,25.39,25.69,25.34,25.38,38111023,969925535.35
2025-08-21 00:00:00+00:00,25.41,25.885,25.37,25.74,37068082,948989234.3025
2025-08-22 00:00:00+00:00,25.9,26.11,25.76,25.88,34560471,895548204.7874999
2025-08-25 00:00:00+00:00,25.88,25.89,25.11,25.14,32684212,833610827.06
2025-08-26 00:00:00+00:00,25.14,25.24,24.87,24.92,43938721,1100335420.6425
2025-08-27 00:00:00+00:00,25.01,25.17,24.85,25.07,31840305,796803632.625
2025-08-28 00:00:00+00:00,25.07,25.07,24.51,24.6,44306845,1099363591.5625
2025-08-29 00:00:00+00:00,24.68,24.88,24.511,24.76,37029976,914927389.514
2025-09-02 00:00:00+00:00,24.73,25.065,24.71,24.98,44724976,1112366059.34
2025-09-03 00:00:00+00:00,24.88,25.12,24.72,24.79,30957575,770147072.0624999
2025-09-04 00:00:00+00:00,24.78,24.78,24.35,24.54,41695505,1026230616.8124999
2025-09-05 00:00:00+00:00,24.57,24.89,24.505,24.88,34613225,855336056.28125
2025-09-08 00:00:00+00:00,24.9,24.965,24.31,24.55,49242866,1215375486.4624999
2025-09-09 00:00:00+00:00,24.55,24.79,24.51,24.71,32751305,806992155.2
2025-09-10 00:00:00+00:00,24.64,24.65,24.45,24.57,32975897,810465108.5175
2025-09-11 00:00:00+00:00,24.6,24.86,24.54,24.86,36784139,909119995.385
2025-09-12 00:00:00+00:00,24.81,24.84,23.84,23.87,81378229,1980746093.86
2025-09-15 00:00:00+00:00,23.99,24.12,23.68,23.97,50760174,1215198565.56
2025-09-16 00:00:00+00:00,23.96,24.22,23.87,23.9,57010792,1367546373.1
2025-09-17 00:00:00+00:00,23.98,24.39,23.9,24.05,46351613,1116146841.0400002
2025-09-18 00:00:00+00:00,24.05,24.24,23.955,24.15,34418976,829454297.8800001
2025-09-19 00:00:00+00:00,24.25,24.25,23.815,24.03,86577634,2085330536.9325
2025-09-22 00:00:00+00:00,24.28,24.8,24.03,24.04,67863310,1648230141.625
2025-09-23 00:00:00+00:00,24.1,24.36,24.05,24.13,38955246,941158743.36
2025-09-24 00:00:00+00:00,24.17,24.18,23.98,24.09,39669358,956229874.59
2025-09-25 00:00:00+00:00,24.09,24.15,23.58,23.6,56738262,1353491240.0099998
2025-09-26 00:00:00+00:00,23.73,23.81,23.61,23.76,33374526,791894065.6650001
2025-09-29 00:00:00+00:00,23.79,23.86,23.64,23.85,39184348,931999717.1799998
2025-09-30 00:00:00+00:00,23.85,25.63,23.81,25.48,164867295,4070985681.7875004
2025-10-01 00:00:00+00:00,25.97,27.45,25.58,27.21,150879897,4006238465.0925
2025-10-02 00:00:00+00:00,26.93,27.17,26.62,27.08,69684073,1877985767.35
2025-10-03 00:00:00+00:00,27.2,27.69,27.035,27.37,70524014,1926980527.5325
2025-10-06 00:00:00+00:00,27.27,27.36,26.391348,26.43,62945613,1690897741.884081
2025-10-07 00:00:00+00:00,26.42,26.58,26.05,26.27,47744194,1257104628.02
2025-10-08 00:00:00+00:00,26.42,26.5,25.63,25.68,48693344,1268826811.28
2025-10-09 00:00:00+00:00,25.78,25.9,25.21,25.24,47278671,1207142667.3075
2025-10-10 00:00:00+00:00,25.26,25.42,24.62,24.78,64963949,1625398003.9800003
2025-10-13 00:00:00+00:00,24.84,24.95,24.61,24.73,45356617,1124050360.8025
2025-10-14 00:00:00+00:00,24.65,24.79,24.48,24.52,42277035,1040437831.35
2025-10-15 00:00:00+00:00,24.49,24.58,24.21,24.39,47729799,1165442367.0825
2025-10-16 00:00:00+00:00,24.44,24.605,24.21,24.23,44389991,1081839568.15875
2025-10-17 00:00:00+00:00,24.2,24.53,24.16,24.51,40101861,976480315.35
2025-10-20 00:00:00+00:00,24.57,24.73,24.51,24.69,35856842,882974734.25
2025-10-21 00:00:00+00:00,24.72,24.96,24.6,24.85,40726922,1009314944.4649999
2025-10-22 00:00:00+00:00,24.79,24.93,24.62,24.72,48662938,1205137659.57
2025-10-23 00:00:00+00:00,24.76,24.78,24.51,24.67,34219939,844548094.5200001
2025-10-24 00:00:00+00:00,24.695,24.829,24.68,24.76,27429169,678625070.2290001
2025-10-27 00:00:00+00:00,24.74,24.795,24.63,24.77,34974859,865059418.7912499
2025-10-28 00:00:00+00:00,24.78,24.78,24.38,24.5,50152370,1234249825.7
2025-10-29 00:00:00+00:00,24.53,24.625,24.23,24.29,65438433,1597924735.8187501
2025-10-30 00:00:00+00:00,24.31,24.7,24.15,24.29,157478009,3836557994.2624993
2025-10-31 00:00:00+00:00,24.28,24.73,24.16,24.65,132697441,3245115919.6549997
2025-11-03 00:00:00+00:00,24.59,24.75,24.405,24.66,140871289,3465609798.51125
2025-11-04 00:00:00+00:00,24.39,25.2,24.2,24.3,166161967,4074706835.7575
2025-11-05 00:00:00+00:00,24.38,24.67,24.16,24.61,107240924,2622576796.4199996
2025-11-06 00:00:00+00:00,24.75,25.13,24.5432,24.85,124137172,3080873575.8476
2025-11-07 00:00:00+00:00,24.33,24.63,24.1109,24.43,117794498,2871267392.51205
2025-11-10 00:00:00+00:00,24.66,24.885,23.91,24.39,148958624,3643714141.32
2025-11-11 00:00:00+00:00,24.49,25.51,24.4438,25.51,139673794,3490231617.6793
2025-11-12 00:00:00+00:00,25.395,25.945,25.25,25.87,96008033,2459245765.295
2025-11-13 00:00:00+00:00,25.94,26.475,25.67,25.79,123083106,3196314408.9375
2025-11-14 00:00:00+00:00,25.67,25.77,24.97,25.06,96507648,2448157760.64
2025-11-17 00:00:00+00:00,25.11,25.57,24.95,25.08,88042246,2216683648.665
2025-11-18 00:00:00+00:00,25.05,25.51,24.98,25.45,66511756,1679255559.6100001
2025-11-19 00:00:00+00:00,25.35,25.5,24.72,24.88,62000199,1556979997.3874998
2025-11-20 00:00:00+00:00,24.89,25.0,24.28,24.4,51983224,1280996597.4199998
2025-11-21 00:00:00+00:00,24.585,25.52,24.585,25.04,73079369,1822051367.5924997
2025-11-24 00:00:00+00:00,25.11,25.47,25.045,25.22,63074949,1590198307.97625
2025-11-25 00:00:00+00:00,25.37,25.97,25.36,25.72,39130262,1001930358.51
2025-11-26 00:00:00+00:00,25.7,25.8066,25.58,25.71,33461046,859920440.3109001
2025-11-28 00:00:00+00:00,25.85,25.86,25.66,25.74,22627577,583282366.1175
2025-12-01 00:00:00+00:00,25.76,25.94,25.2344,25.27,53198560,1359281726.4160001
2025-12-02 00:00:00+00:00,25.315,25.315,25.04,25.15,43826986,1104659182.1299999
2025-12-03 00:00:00+00:00,25.32,25.89,25.3,25.57,56121174,1432212360.4800003
2025-12-04 00:00:00+00:00,25.63,25.74,25.35,25.7,35453966,907798799.4300001
2025-12-05 00:00:00+00:00,25.77,26.12,25.64,26.03,47443701,1228317418.89
2025-12-08 00:00:00+00:00,26.04,26.19,25.76,25.77,45209347,1172730461.18
2025-12-09 00:00:00+00:00,26.0,26.13,25.13,25.33,43483806,1115250914.385
2025-12-10 00:00:00+00:00,25.49,25.79,25.22,25.78,43635410,1115757433.7
2025-12-11 00:00:00+00:00,25.8,26.04,25.61,25.8,35570246,918156974.875
2025-12-12 00:00:00+00:00,25.835,26.04,25.72,25.85,51599710,1334433000.2375
2025-12-15 00:00:00+00:00,25.82,26.65,25.81,26.43,60360028,1580074632.97
2025-12-16 00:00:00+00:00,26.44,26.505,24.92,25.53,111695467,2887188202.6162505
2025-12-17 00:00:00+00:00,25.4,25.49,25.03,25.04,61255280,1546083267.2
2025-12-18 00:00:00+00:00,25.01,25.225,24.98,25.04,47062505,1179562859.69375
2025-12-19 00:00:00+00:00,25.01,25.52,24.98,25.19,87589966,2205077394.05
2025-12-22 00:00:00+00:00,25.2,25.4,25.13,25.21,38758872,978080134.92
2025-12-23 00:00:00+00:00,25.26,25.34,24.83,24.88,43692855,1095707571.2625
2025-12-24 00:00:00+00:00,24.92,25.14,24.905,25.03,19328545,483189464.31875
2025-12-26 00:00:00+00:00,25.015,25.11,24.92,25.09,21617814,541174951.2225001
2025-12-29 00:00:00+00:00,25.05,25.2,24.97,25.0,33067670,828510471.85
2025-12-30 00:00:00+00:00,25.01,25.0475,24.92,24.99,28821740,720309323.3625
2025-12-31 00:00:00+00:00,24.965,25.02,24.88,24.9,29409238,733503157.2674999
2026-01-02 00:00:00+00:00,24.98,25.3,24.83,25.18,35976669,902025033.5024999
2026-01-05 00:00:00+00:00,25.2,25.4,24.95,25.17,52620900,1324994262.0
2026-01-06 00:00:00+00:00,25.185,26.005,25.185,25.43,50977282,1297435548.5025
2026-01-07 00:00:00+00:00,25.59,25.81,25.14,25.28,51395756,1308278968.98
2026-01-08 00:00:00+00:00,25.18,25.56,25.12,25.29,42977333,1086789308.2375
2026-01-09 00:00:00+00:00,25.34,25.55,25.23,25.48,34190182,868430622.8000001
2026-01-12 00:00:00+00:00,25.575,25.77,25.085,25.27,50256307,1277766605.4750001
2026-01-13 00:00:00+00:00,25.32,25.39,24.9746,25.15,47656110,1201346197.3515
2026-01-14 00:00:00+00:00,25.23,25.71,25.2035,25.58,53738090,1366606649.52875
2026-01-15 00:00:00+00:00,25.55,25.89,25.25,25.89,55263211,1417225046.095
2026-01-16 00:00:00+00:00,25.89,25.89,25.55,25.65,59470570,1531069824.6499999
2026-01-20 00:00:00+00:00,25.43,25.65,25.089,25.52,55425394,1409038222.6165
2026-01-21 00:00:00+00:00,25.47,25.92,25.38,25.89,47264124,1213033742.46
2026-01-22 00:00:00+00:00,25.9,26.31,25.75,26.1,49883920,1297730178.8
2026-01-23 00:00:00+00:00,25.58,25.685,25.51,25.65,45402334,1162583514.9875002
2026-01-26 00:00:00+00:00,25.63,25.92,25.595,25.88,41441866,1067387061.1624999
2026-01-27 00:00:00+00:00,25.94,26.83,25.9,26.5,75575387,1987065862.6974998
2026-01-28 00:00:00+00:00,26.265,26.39,25.755,25.86,44976694,1172429970.845
2026-01-29 00:00:00+00:00,25.9,26.23,25.88,26.1,44373803,1154939157.5824997
2026-01-30 00:00:00+00:00,26.13,26.47,25.9,26.44,51599439,1353711282.165
2026-02-02 00:00:00+00:00,26.42,26.685,26.3534,26.66,52129516,1382975207.6736002
2026-02-03 00:00:00+00:00,25.36,26.105,25.26,25.77,91964912,2356485913.86
2026-02-04 00:00:00+00:00,25.88,26.98,25.86,26.78,83025839,2189806503.625
2026-02-05 00:00:00+00:00,26.76,27.19,26.46,26.49,72650731,1941590785.975
2026-02-06 00:00:00+00:00,26.67,27.37,26.52,27.22,50691575,1365884488.375
2026-02-09 00:00:00+00:00,27.18,27.365,26.79,27.05,49288175,1335524711.84375
2026-02-10 00:00:00+00:00,27.175,27.73,27.09,27.61,43760600,1199095140.75
2026-02-11 00:00:00+00:00,27.55,27.94,27.31,27.73,41699330,1152256736.225
2026-02-12 00:00:00+00:00,27.65,27.89,27.41,27.47,58805105,1623314923.525
2026-02-13 00:00:00+00:00,27.6,27.94,27.55,27.58,36986727,1023330269.2725
2026-02-17 00:00:00+00:00,27.84,27.87,27.2,27.37,32119860,885544540.2
2026-02-18 00:00:00+00:00,27.44,27.48,27.205,27.37,24779774,678315338.5325
2026-02-19 00:00:00+00:00,27.37,27.4,26.58,26.86,40316786,1090669853.2649999
2026-02-20 00:00:00+00:00,26.71,26.775,26.355,26.65,44786926,1192339937.4350002
2026-02-23 00:00:00+00:00,26.555,27.105,26.5,27.06,34166079,915821747.595
2026-02-24 00:00:00+00:00,27.14,27.42,27.08,27.14,34686061,943287428.895
2026-02-25 00:00:00+00:00,27.055,27.29,26.73,27.09,32680322,883716757.2825
2026-02-26 00:00:00+00:00,27.26,27.27,26.87,27.1,30508282,827537149.25
2026-02-27 00:00:00+00:00,27.155,27.67,27.0901,27.65,41879693,1147138187.878575
2026-03-02 00:00:00+00:00,27.57,27.61,27.17,27.26,41321689,1132317582.8225
2026-03-03 00:00:00+00:00,26.72,26.95,26.35,26.58,41486090,1105604298.5
2026-03-04 00:00:00+00:00,26.765,26.78,26.35,26.62,30893515,822655687.5562501
2026-03-05 00:00:00+00:00,26.39,26.71,26.2,26.61,38908616,1030202880.14
2026-03-06 00:00:00+00:00,26.54,27.13,26.23,27.05,53181848,1421949660.9
2026-03-09 00:00:00+00:00,26.91,27.11,26.355,26.81,42789542,1146599264.8175
2026-03-10 00:00:00+00:00,26.82,27.29,26.52,27.16,42814600,1153746433.5
2026-03-11 00:00:00+00:00,27.2,27.41,27.0,27.3,40560132,1104350994.03
2026-03-12 00:00:00+00:00,27.11,27.12,26.63,26.86,38542832,1037958465.76
2026-03-13 00:00:00+00:00,27.02,27.28,26.575,26.58,34270811,920642499.00125
2026-03-16 00:00:00+00:00,26.695,26.89,26.52,26.61,28551476,761717690.335
2026-03-17 00:00:00+00:00,26.815,27.76,26.815,27.45,60097473,1635252240.3300002
2026-03-18 00:00:00+00:00,27.14,27.38,26.835,27.32,47478273,1289925329.56875
2026-03-19 00:00:00+00:00,27.29,27.73,27.25,27.41,47939550,1314502461.0
2026-03-20 00:00:00+00:00,27.41,27.55,26.8,26.97,66805681,1815945423.7825
2026-03-23 00:00:00+00:00,27.03,27.19,26.63,26.77,42945223,1155441224.8149998
2026-03-24 00:00:00+00:00,26.6,27.13,26.44,26.96,35605271,953598170.5575
2026-03-25 00:00:00+00:00,27.18,27.53,27.04,27.28,37603861,1024987241.2075
2026-03-26 00:00:00+00:00,27.25,27.805,27.24,27.57,28834961,791988247.5662501
2026-03-27 00:00:00+00:00,27.73,27.77,27.02,27.04,29124601,797722821.39
2026-03-30 00:00:00+00:00,27.42,27.82,27.15,27.77,46696029,1286008638.6599998
2026-03-31 00:00:00+00:00,27.99,28.31,27.785,28.08,44841498,1257411655.7925
2026-04-01 00:00:00+00:00,28.27,28.64,28.04,28.55,44208492,1254415960.4999998
2026-04-02 00:00:00+00:00,28.5,28.745,28.22,28.32,30920609,879575373.76625
2026-04-06 00:00:00+00:00,28.19,28.23,27.81,27.83,25169255,705116678.825
2026-04-07 00:00:00+00:00,27.66,27.68,26.78,27.1,46620512,1272973080.16
2026-04-08 00:00:00+00:00,27.25,27.49,26.965,27.47,33789069,922230402.01875
2026-04-09 00:00:00+00:00,27.21,27.5,27.18,27.22,27047559,737789790.6225
2026-04-10 00:00:00+00:00,27.32,27.36,26.77,26.92,27882376,755403271.7800001
2026-04-13 00:00:00+00:00,26.83,27.57,26.68,27.34,44156223,1196854424.415
2026-04-14 00:00:00+00:00,27.2,27.31,27.075,27.11,24558929,667358196.9137499
2026-04-15 00:00:00+00:00,27.18,27.36,26.97,27.19,29648942,805709998.8499999
2026-04-16 00:00:00+00:00,27.205,27.48,27.15,27.22,21905297,597220541.08375
2026-04-17 00:00:00+00:00,27.33,27.67,27.12,27.56,30080405,824804705.1
2026-04-20 00:00:00+00:00,27.585,27.845,27.51,27.52,25023004,691010255.4599999
2026-04-21 00:00:00+00:00,27.52,27.62,27.2,27.31,29833009,817797359.2125001
2026-04-22 00:00:00+00:00,27.35,27.39,26.74,26.8,35246788,954130551.16
2026-04-23 00:00:00+00:00,26.76,26.83,26.38,26.67,38718407,1032232730.62
2026-04-24 00:00:00+00:00,26.69,27.29903,26.58,27.0,42500211,1142926618.0163324
2026-04-27 00:00:00+00:00,27.055,27.345,26.79,26.79,34764213,938459929.935
2026-04-28 00:00:00+00:00,27.53,27.58,26.32,26.48,58079040,1566827301.6000001
2026-04-29 00:00:00+00:00,26.36,26.55,26.2,26.26,29969699,789476795.9075
2026-04-30 00:00:00+00:00,26.389,26.91,26.275,26.7,39082928,1038374772.568
2026-05-01 00:00:00+00:00,26.6,26.61,26.29,26.33,29318723,775700113.7725
2026-05-04 00:00:00+00:00,26.24,26.51,26.15,26.3,34583353,909542183.9
2026-05-05 00:00:00+00:00,26.59,26.75,26.01,26.45,57656105,1525003977.2500002
2026-05-06 00:00:00+00:00,26.56,26.68,26.21,26.53,40357069,1069260543.1549999
2026-05-07 00:00:00+00:00,26.51,26.72,26.16,26.48,48345971,1279596987.4425
2026-05-08 00:00:00+00:00,26.16,26.195,25.6,25.68,38903356,1007937324.7650002
2026-05-11 00:00:00+00:00,25.79,26.18,25.68,25.81,43557962,1126626687.13
2026-05-12 00:00:00+00:00,25.82,26.09,25.74,25.87,26819525,694089307.0
2026-05-13 00:00:00+00:00,25.8,26.09,25.64,25.96,39419955,1019892785.7375001
2026-05-14 00:00:00+00:00,26.07,26.1,25.72,25.75,24102664,624500024.24
2026-05-15 00:00:00+00:00,25.75,25.83,25.24,25.33,37110083,947698744.6125
2026-05-18 00:00:00+00:00,25.32,25.3885,25.19,25.33,34111285,863258553.405625
2026-05-19 00:00:00+00:00,25.3,25.96,25.24,25.66,41036716,1048077726.64
2026-05-20 00:00:00+00:00,25.76,26.025,25.67,25.79,35574177,918213976.0912501
2026-05-21 00:00:00+00:00,25.765,25.96,25.57,25.95,20181537,520910696.89125
2026-05-22 00:00:00+00:00,26.0,26.15,25.76,25.9,22320030,579260578.575
2026-05-26 00:00:00+00:00,25.87,25.9,25.66,25.85,29084737,750967909.34
2026-05-27 00:00:00+00:00,25.85,26.535,25.85,26.21,39024689,1018983410.6512502
2026-05-28 00:00:00+00:00,26.165,26.28,26.01,26.14,25651799,670762479.1012499
2026-05-29 00:00:00+00:00,26.19,26.24,25.93,26.18,48284181,1261907070.435
2026-06-01 00:00:00+00:00,25.9,25.91,25.48,25.63,35553597,914794050.8100001
2026-06-02 00:00:00+00:00,25.6,25.7,25.27,25.55,31295718,798979680.54
2026-06-03 00:00:00+00:00,25.425,25.62,25.29,25.34,30957066,786889921.3875
2026-06-04 00:00:00+00:00,25.67,26.01,25.61,25.69,31272004,805097742.98
2026-06-05 00:00:00+00:00,25.85,26.21,25.79,26.04,32218530,836795770.4249998
2026-06-08 00:00:00+00:00,25.97,26.215,25.6,25.62,42028801,1086497041.85125
2026-06-09 00:00:00+00:00,25.725,25.88,25.4701,25.7,35273222,906302229.5930501
2026-06-10 00:00:00+00:00,25.795,25.8501,25.58,25.6,30376260,780860493.0315
2026-06-11 00:00:00+00:00,25.79,26.48,25.79,26.17,45268705,1179589280.5375001
2026-06-12 00:00:00+00:00,26.29,26.49,26.11,26.21,38772994,1018760417.3499999
2026-06-15 00:00:00+00:00,26.25,26.42,25.975,26.0,34194148,894561654.3650001
2026-06-16 00:00:00+00:00,26.05,26.13,25.7,26.04,32829572,852912280.56
2026-06-17 00:00:00+00:00,26.025,26.28,25.865,25.92,31117475,809754493.1875
2026-06-18 00:00:00+00:00,25.581,25.66,24.94,25.21,119614339,3031954361.38725
2026-06-22 00:00:00+00:00,25.22,25.305,24.96,25.08,41119106,1033785723.7225
2026-06-23 00:00:00+00:00,24.99,25.235,24.69,24.72,82009210,2042746909.5874999
2026-06-24 00:00:00+00:00,24.795,25.11,23.925,24.04,76962612,1883082709.1100001
2026-06-25 00:00:00+00:00,24.19,24.34,23.62,23.67,57957602,1388374355.91
2026-06-26 00:00:00+00:00,23.74,24.35,23.74,24.29,59958944,1440813424.3200002
2026-06-29 00:00:00+00:00,24.29,24.5,24.1,24.37,47527951,1155642128.565
2026-06-30 00:00:00+00:00,24.43,24.46,23.78,24.08,60046006,1452362770.125
2026-07-01 00:00:00+00:00,24.15,24.24,23.74,23.88,49385240,1185369223.1
2026-07-02 00:00:00+00:00,24.15,24.57,24.13,24.32,53138979,1290878647.3574998
2026-07-06 00:00:00+00:00,24.155,24.2,23.62,23.72,58576093,1401359804.90875
2026-07-07 00:00:00+00:00,24.05,24.35,23.93,24.07,44101385,1062843378.5000001
2026-07-08 00:00:00+00:00,24.05,24.37,23.89,24.05,38181252,919786360.68
2026-07-09 00:00:00+00:00,24.105,24.3,24.01,24.25,29190482,705424485.6325
2026-07-10 00:00:00+00:00,24.345,24.41,24.095,24.17,27523178,667574682.39
2026-07-13 00:00:00+00:00,24.28,24.72,24.23,24.48,42953402,1049244227.3550001
2026-07-14 00:00:00+00:00,24.37,24.43,24.135,24.25,40863319,992825414.25375
2026-07-15 00:00:00+00:00,24.34,24.82,24.31,24.82,44162477,1085182466.0825
2026-07-16 00:00:00+00:00,24.94,25.365,24.855,25.14,49989988,1253498949.1
2026-07-17 00:00:00+00:00,25.4,25.65,24.97,25.05,45629587,1152945589.5225
2026-07-20 00:00:00+00:00,25.09,25.155,24.72,24.75,38685891,964390905.26625
2026-07-21 00:00:00+00:00,24.76,25.005,24.645,24.94,27328847,678780237.3625
2026-07-22 00:00:00+00:00,25.18,25.19,24.78,24.82,32988263,824459163.0275
2026-07-23 00:00:00+00:00,24.89,25.1,24.75,25.01,30876684,769987307.2500001
2026-07-24 00:00:00+00:00,24.62,24.75,24.51,24.54,28905660,711223764.3000001
2026-07-27 00:00:00+00:00,24.57,24.875,24.4417,24.67,38355183,945040066.094025
2026-07-28 00:00:00+00:00,24.97,25.5,24.94,25.25,49942743,1256809127.595
