timestamps,open,high,low,close,volume,amount
2020-11-30 00:00:00+00:00,11.0,13.94,10.1,10.48,186696,2124600.48
2020-12-01 00:00:00+00:00,10.6,10.74,10.46,10.6,437488,4637372.8
2020-12-02 00:00:00+00:00,10.65,10.705,10.4,10.55,318208,3365447.3600000003
2020-12-03 00:00:00+00:00,10.55,10.56,10.4,10.42,448261,4698895.9325
2020-12-04 00:00:00+00:00,10.65,10.65,10.37,10.41,536546,5644463.92
2020-12-07 00:00:00+00:00,10.69,10.8,10.44,10.62,824228,8767725.35
2020-12-08 00:00:00+00:00,10.8,11.0,10.7,10.87,1540954,16707793.745
2020-12-09 00:00:00+00:00,11.04,11.25,10.75,10.99,1475932,16246321.49
2020-12-10 00:00:00+00:00,11.0,11.13,10.75,10.91,643193,7041355.367500001
2020-12-11 00:00:00+00:00,11.05,11.27,10.8,11.06,1334182,14736040.190000003
2020-12-14 00:00:00+00:00,11.2,11.36,10.9,11.11,1408807,15697631.9975
2020-12-15 00:00:00+00:00,11.15,11.2,10.81,11.08,1132415,12524509.9
2020-12-16 00:00:00+00:00,11.06,11.06,10.81,10.99,1137143,12485830.14
2020-12-17 00:00:00+00:00,11.07,11.1,10.9477,11.03,397311,4385091.708675
2020-12-18 00:00:00+00:00,11.11,11.415,10.9944,11.22,773792,8654747.4512
2020-12-21 00:00:00+00:00,11.58,11.59,11.13,11.4,2660583,30397160.775000002
2020-12-22 00:00:00+00:00,11.95,12.1389,11.4,11.62,2068909,24366006.797525
2020-12-23 00:00:00+00:00,11.98,12.2,11.74,12.05,2239358,26855500.814999998
2020-12-24 00:00:00+00:00,12.42,12.45,12.05,12.4,1038732,12807565.56
2020-12-28 00:00:00+00:00,12.89,13.04,12.45,12.66,2589622,33043576.719999995
2020-12-29 00:00:00+00:00,12.77,12.78,12.07,12.3,1752490,21871075.2
2020-12-30 00:00:00+00:00,12.0,12.52,11.9,12.46,1220662,14916489.64
2020-12-31 00:00:00+00:00,12.45,12.5,12.16,12.44,828380,10261557.25
2021-01-04 00:00:00+00:00,12.59,12.59,11.8,12.2,1371365,16860932.675
2021-01-05 00:00:00+00:00,12.15,12.28,12.09,12.15,1303969,15866042.807499997
2021-01-06 00:00:00+00:00,12.15,12.2,11.89,12.12,1105655,13367368.95
2021-01-07 00:00:00+00:00,12.2,22.0,12.05,19.14,64876993,1060576643.0675
2021-01-08 00:00:00+00:00,21.46,22.0,17.89,18.74,35656955,713941381.4875001
2021-01-11 00:00:00+00:00,19.37,19.75,18.65,18.99,11702228,224565755.32000002
2021-01-12 00:00:00+00:00,18.98,19.19,18.25,18.45,7138594,133616633.19500001
2021-01-13 00:00:00+00:00,18.9,19.59,18.53,19.11,8226365,156568291.86249998
2021-01-14 00:00:00+00:00,19.4,19.45,18.92,19.16,7705092,148188181.89
2021-01-15 00:00:00+00:00,19.32,21.05,19.11,20.16,13024851,259324783.41
2021-01-19 00:00:00+00:00,21.9,24.22,21.06,22.59,22266241,499710113.6425
2021-01-20 00:00:00+00:00,23.86,24.62,22.11,22.37,10236079,237886475.96
2021-01-21 00:00:00+00:00,23.0,23.05,21.5,22.39,6971452,156753098.22
2021-01-22 00:00:00+00:00,22.09,22.99,21.19,21.65,6727266,147865306.67999998
2021-01-25 00:00:00+00:00,22.16,22.85,20.0,20.48,9701774,207351164.81500003
2021-01-26 00:00:00+00:00,20.4,21.32,19.5,19.57,9172375,185259044.06249997
2021-01-27 00:00:00+00:00,19.0,19.25,17.9,18.18,16297554,302849297.205
2021-01-28 00:00:00+00:00,20.42,20.92,19.1,20.28,12032102,242807818.35999998
2021-01-29 00:00:00+00:00,23.19,26.97,21.8,25.14,36434550,884448701.25
2021-02-01 00:00:00+00:00,25.85,28.26,25.14,25.78,18319125,481014424.6875
2021-02-02 00:00:00+00:00,26.01,26.18,23.85,24.33,8973941,225178614.5425
2021-02-03 00:00:00+00:00,24.8,25.75,24.51,24.95,4251461,106297153.6525
2021-02-04 00:00:00+00:00,24.07,25.12,23.42,25.06,8449840,206323968.20000002
2021-02-05 00:00:00+00:00,24.29,24.52,22.9,23.1,12226842,289806722.505
2021-02-08 00:00:00+00:00,23.4,24.39,22.8,23.0,7344517,171843336.5075
2021-02-09 00:00:00+00:00,22.93,24.0,22.75,23.12,6375268,147906217.60000002
2021-02-10 00:00:00+00:00,23.7,23.79,22.25,22.99,6308087,146237226.8775
2021-02-11 00:00:00+00:00,23.0,23.95,22.32,23.07,8551071,197401474.035
2021-02-12 00:00:00+00:00,22.84,24.48,22.8101,23.9,5847433,137458677.433325
2021-02-16 00:00:00+00:00,24.45,24.7,23.56,24.3,6134893,148786492.4825
2021-02-17 00:00:00+00:00,24.27,24.3,23.0,23.88,4731319,112901099.63749999
2021-02-18 00:00:00+00:00,22.6,23.32,22.26,23.23,5747048,131334414.42000002
2021-02-19 00:00:00+00:00,23.5,23.6,22.6,22.69,5138751,118692301.2225
2021-02-22 00:00:00+00:00,22.5,22.8374,21.02,21.29,6530307,143091107.43795002
2021-02-23 00:00:00+00:00,19.99,20.5999,16.84,20.12,12561903,243543580.36492503
2021-02-24 00:00:00+00:00,20.0,20.3,19.0,19.41,7947324,156383468.01
2021-02-25 00:00:00+00:00,20.43,21.0,18.525,18.72,7962251,156607524.35625
2021-02-26 00:00:00+00:00,18.85,19.22,17.7672,18.43,9106661,169081553.4548
2021-03-01 00:00:00+00:00,19.74,19.85,19.05,19.34,4422187,86210535.565
2021-03-02 00:00:00+00:00,19.4,19.61,18.62,18.77,3808951,72750964.1
2021-03-03 00:00:00+00:00,18.78,19.0,17.1,17.22,7175490,129338207.24999999
2021-03-04 00:00:00+00:00,17.3,17.58,14.75,16.06,15322890,251640161.025
2021-03-05 00:00:00+00:00,16.41,17.88,13.14,17.72,18226605,296865828.9375
2021-03-08 00:00:00+00:00,16.84,17.7,15.76,16.11,7871834,130692123.985
2021-03-09 00:00:00+00:00,17.25,18.39,16.55,17.48,8573200,149323711.0
2021-03-10 00:00:00+00:00,18.28,19.48,17.8,19.06,7508230,140066030.65
2021-03-11 00:00:00+00:00,19.5,19.82,18.7001,19.36,4959650,95944553.24125
2021-03-12 00:00:00+00:00,18.38,19.29,18.14,19.02,2859058,53485827.535
2021-03-15 00:00:00+00:00,19.02,19.58,18.47,19.48,3515913,67285785.0375
2021-03-16 00:00:00+00:00,19.27,19.48,18.01,18.45,3023710,56853307.275000006
2021-03-17 00:00:00+00:00,17.61,19.355,17.5,19.15,3651446,67200299.3225
2021-03-18 00:00:00+00:00,18.5,19.1,18.05,18.14,2999232,55328332.32000001
2021-03-19 00:00:00+00:00,17.77,18.43,17.06,18.25,3667400,65563943.50000001
2021-03-22 00:00:00+00:00,18.28,18.49,17.82,18.27,2316971,42203626.765
2021-03-23 00:00:00+00:00,17.96,18.18,17.27,17.9,2939043,52395789.0825
2021-03-24 00:00:00+00:00,17.56,17.8189,16.25,16.48,4642127,79042540.90757501
2021-03-25 00:00:00+00:00,15.7,16.79,15.11,16.63,5364400,86138852.99999999
2021-03-26 00:00:00+00:00,17.14,17.72,16.52,17.1,4598666,78729161.91999999
2021-03-29 00:00:00+00:00,16.98,17.09,16.22,16.44,2827866,47175874.545
2021-03-30 00:00:00+00:00,16.27,17.22,15.9,16.5,2634355,43394412.73749999
2021-03-31 00:00:00+00:00,16.97,17.36,16.68,17.15,2665288,45416507.519999996
2021-04-01 00:00:00+00:00,17.51,17.64,16.91,17.27,2322619,40256793.8175
2021-04-05 00:00:00+00:00,17.74,17.84,16.66,16.72,2506596,43213715.04
2021-04-06 00:00:00+00:00,16.51,17.3031,16.5,17.26,1849475,31243689.780625004
2021-04-07 00:00:00+00:00,17.25,17.37,16.9,17.2,1988120,34155901.6
2021-04-08 00:00:00+00:00,17.03,18.64,17.02,18.14,2527735,44759867.512499996
2021-04-09 00:00:00+00:00,17.96,18.26,17.6,17.77,1654956,29619575.01
2021-04-12 00:00:00+00:00,17.87,17.96,16.85,17.0,2309270,40227483.400000006
2021-04-13 00:00:00+00:00,16.66,17.05,16.51,16.83,2234993,37464070.1625
2021-04-14 00:00:00+00:00,16.94,17.24,16.46,16.68,2418174,40697868.419999994
2021-04-15 00:00:00+00:00,16.75,16.87,16.23,16.28,2088877,34534359.002500005
2021-04-16 00:00:00+00:00,16.14,16.44,15.93,16.32,2167003,35121701.1225
2021-04-19 00:00:00+00:00,16.04,16.12,15.16,15.39,3816641,59835389.277499996
2021-04-20 00:00:00+00:00,15.5,15.84,14.74,14.87,3430907,52278445.412499994
2021-04-21 00:00:00+00:00,14.85,15.78,14.7,15.21,3493970,52881235.95
2021-04-22 00:00:00+00:00,15.94,16.47,15.4,15.84,3141175,49983947.18749999
2021-04-23 00:00:00+00:00,16.39,16.63,15.62,16.17,3029423,49084226.1575
2021-04-26 00:00:00+00:00,16.48,16.87,16.02,16.68,1964800,32443760.000000004
2021-04-27 00:00:00+00:00,17.15,17.55,16.75,17.4,2583032,44460438.3
2021-04-28 00:00:00+00:00,17.25,17.7,17.06,17.55,1771152,30800333.28
2021-04-29 00:00:00+00:00,17.8699,17.87,16.815,17.43,2095246,36658895.44635001
2021-04-30 00:00:00+00:00,17.0,17.37,16.94,17.0,1385057,23653310.9175
2021-05-03 00:00:00+00:00,17.0,17.15,16.18,16.37,1636490,27288470.75
2021-05-04 00:00:00+00:00,16.19,16.4,15.71,16.17,1985775,32005728.5625
2021-05-05 00:00:00+00:00,16.24,16.24,15.48,15.54,1574194,24990329.749999996
2021-05-06 00:00:00+00:00,15.5,15.5593,14.9,15.0,2630257,40084656.385025
2021-05-07 00:00:00+00:00,15.2,16.9884,14.87,16.51,5987770,95158239.617
2021-05-10 00:00:00+00:00,17.4,17.5539,16.27,16.37,4996966,84441105.02685
2021-05-11 00:00:00+00:00,15.15,16.33,15.08,15.17,5042984,77825850.58
2021-05-12 00:00:00+00:00,15.13,15.55,14.9,15.05,4218129,63936290.317499995
2021-05-13 00:00:00+00:00,15.2,15.45,14.14,14.61,3765177,55912878.449999996
2021-05-14 00:00:00+00:00,14.96,15.49,14.62,14.94,2838722,42587926.805
2021-05-17 00:00:00+00:00,15.02,15.9,14.95,15.48,2563400,39316147.50000001
2021-05-18 00:00:00+00:00,16.0,17.4,15.8,16.8,5163668,85200522.0
2021-05-19 00:00:00+00:00,16.31,17.74,16.2,17.43,4685669,79281519.48
2021-05-20 00:00:00+00:00,17.75,18.75,17.75,18.4,5498593,99868195.36250001
2021-05-21 00:00:00+00:00,18.7,18.8499,18.28,18.78,3054818,56979916.37455001
2021-05-24 00:00:00+00:00,19.0,20.08,18.87,19.78,5276153,102528843.1725
2021-05-25 00:00:00+00:00,20.5,21.8,19.84,20.18,9338498,192186288.83999997
2021-05-26 00:00:00+00:00,20.04,20.28,19.01,19.9,6073309,120297068.01749998
2021-05-27 00:00:00+00:00,19.88,20.04,19.25,19.79,4097898,80892506.52000001
2021-05-28 00:00:00+00:00,19.77,20.65,19.3,20.15,5370461,107234680.01750001
2021-06-01 00:00:00+00:00,21.9735,22.9,20.43,22.65,9159412,201400585.83549997
2021-06-02 00:00:00+00:00,23.66,24.95,22.65,23.21,14678906,346679062.455
2021-06-03 00:00:00+00:00,22.84,23.5,22.35,22.68,5878965,134290258.01250002
2021-06-04 00:00:00+00:00,22.8707,22.8707,20.0,20.82,13434192,290720616.8472
2021-06-07 00:00:00+00:00,20.7032,21.466,20.31,21.21,4755359,99493047.6057
2021-06-08 00:00:00+00:00,21.02,24.2,20.65,23.89,11306944,253727823.36
2021-06-09 00:00:00+00:00,24.25,24.46,22.23,22.71,9407273,220247779.1125
2021-06-10 00:00:00+00:00,22.83,23.4,21.43,23.02,6526517,147956140.39
2021-06-11 00:00:00+00:00,23.1,23.3,22.1583,22.4,2769374,62974387.77605001
2021-06-14 00:00:00+00:00,22.25,22.58,21.39,21.82,4099761,90235739.60999998
2021-06-15 00:00:00+00:00,21.59,21.68,20.69,20.8,3531161,74825301.58999999
2021-06-16 00:00:00+00:00,21.21,22.64,21.1,21.83,9596000,208185220.0
2021-06-17 00:00:00+00:00,22.0,23.27,21.4,22.7,7359620,164432309.85
2021-06-18 00:00:00+00:00,22.72,23.68,22.22,23.04,5991468,137294489.22
2021-06-21 00:00:00+00:00,22.82,23.2,22.22,22.51,3590288,81454659.0
2021-06-22 00:00:00+00:00,22.66,22.82,21.09,21.2,6586293,144519734.1525
2021-06-23 00:00:00+00:00,21.33,21.7,20.9,21.4,5328526,113670780.895
2021-06-24 00:00:00+00:00,21.52,21.65,20.81,20.87,6475128,137353652.70000002
2021-06-25 00:00:00+00:00,19.77,19.8999,18.5,18.5,36679200,703047649.02
2021-06-28 00:00:00+00:00,18.17,19.97,17.65,19.26,56820953,1066103130.6624999
2021-06-29 00:00:00+00:00,20.52,20.99,18.64,18.87,57158301,1129162236.2549999
2021-06-30 00:00:00+00:00,19.326,19.8,19.0,19.17,27479590,531015597.16
2021-07-01 00:00:00+00:00,19.23,19.24,18.16,18.25,19956831,373591876.32
2021-07-02 00:00:00+00:00,18.275,18.58,17.75,18.08,25749499,467900583.70375
2021-07-06 00:00:00+00:00,18.085,18.085,17.22,17.35,20245518,358041985.83000004
2021-07-07 00:00:00+00:00,17.56,17.58,16.8,16.94,17529988,301866393.35999995
2021-07-08 00:00:00+00:00,16.3,16.8,16.1,16.62,18443672,303490622.76000005
2021-07-09 00:00:00+00:00,16.92,17.3,16.43,16.45,17662998,296296791.45
2021-07-12 00:00:00+00:00,16.5102,16.84,16.22,16.42,14070972,232136564.1186
2021-07-13 00:00:00+00:00,16.38,16.62,15.8,16.0,16623011,269292778.2
2021-07-14 00:00:00+00:00,16.049,16.2148,15.37,15.52,19069006,301070047.7807
2021-07-15 00:00:00+00:00,15.6203,16.42,15.45,15.99,16185950,256872240.44625002
2021-07-16 00:00:00+00:00,16.1,16.19,15.22,15.3,14214582,223204473.85500002
2021-07-19 00:00:00+00:00,15.0,15.53,14.87,15.17,14780944,223820444.52
2021-07-20 00:00:00+00:00,15.18,15.29,14.9392,15.06,11683025,176615793.8325
2021-07-21 00:00:00+00:00,15.14,16.65,15.1041,16.56,27892403,442471832.30057496
2021-07-22 00:00:00+00:00,16.49,16.6,15.71,16.05,18833283,305334600.63750005
2021-07-23 00:00:00+00:00,15.89,16.049,15.4401,15.7,10369990,163532409.05225
2021-07-26 00:00:00+00:00,15.76,16.09,15.48,15.51,8994913,141310083.23
2021-07-27 00:00:00+00:00,15.49,15.5,14.72,14.92,16735407,253666931.60250002
2021-07-28 00:00:00+00:00,15.12,15.479,15.08,15.37,10131615,154631241.03374997
2021-07-29 00:00:00+00:00,15.8748,16.24,15.51,15.6,12748306,201502274.2972
2021-07-30 00:00:00+00:00,15.355,15.79,15.35,15.44,6653691,103024088.02125
2021-08-02 00:00:00+00:00,15.58,16.32,15.41,15.73,15097636,237938743.36
2021-08-03 00:00:00+00:00,15.77,16.0494,15.01,15.11,16166804,250340534.9194
2021-08-04 00:00:00+00:00,15.23,16.58,15.2,16.39,25718482,407637939.7
2021-08-05 00:00:00+00:00,16.605,16.73,15.88,16.06,14501528,236646810.05
2021-08-06 00:00:00+00:00,16.06,16.9399,16.06,16.71,13993713,230091276.15967503
2021-08-09 00:00:00+00:00,16.99,17.32,16.56,16.91,15571348,263856491.86
2021-08-10 00:00:00+00:00,17.02,17.27,16.56,16.99,12830221,217600548.15999997
2021-08-11 00:00:00+00:00,17.16,17.27,16.515,16.9,17104651,290116261.77375
2021-08-12 00:00:00+00:00,16.97,17.52,16.74,17.46,36817117,632241941.6825
2021-08-13 00:00:00+00:00,15.35,15.53,14.91,14.99,59983497,911449236.915
2021-08-16 00:00:00+00:00,15.005,15.14,14.18,14.29,26227173,384326436.34875
2021-08-17 00:00:00+00:00,14.08,14.7,13.56,13.75,31924957,447667709.5325
2021-08-18 00:00:00+00:00,13.98,14.58,13.85,14.22,20754545,293832470.83750004
2021-08-19 00:00:00+00:00,13.99,14.12,13.77,13.82,15576723,216905867.77499998
2021-08-20 00:00:00+00:00,13.98,14.27,13.9,14.04,17617968,247488405.48
2021-08-23 00:00:00+00:00,14.265,14.5,14.22,14.43,13277123,190576504.26125
2021-08-24 00:00:00+00:00,14.48,14.93,14.47,14.76,13649869,200107079.54
2021-08-25 00:00:00+00:00,14.8,15.08,14.51,14.85,13785302,204160322.62
2021-08-26 00:00:00+00:00,14.7631,14.79,14.2,14.36,16743847,243259213.773925
2021-08-27 00:00:00+00:00,14.31,14.41,14.04,14.04,19756406,280540965.2
2021-08-30 00:00:00+00:00,14.1789,14.3796,14.0105,14.19,15445674,219170252.6415
2021-08-31 00:00:00+00:00,14.18,14.25,13.97,14.18,14530694,205536666.63
2021-09-01 00:00:00+00:00,14.1432,14.69,14.11,14.57,16856454,242367152.54819998
2021-09-02 00:00:00+00:00,14.6,15.2,14.4,15.06,19577967,290047581.105
2021-09-03 00:00:00+00:00,15.02,15.53,14.92,15.16,18898034,286446950.35499996
2021-09-07 00:00:00+00:00,15.5,16.13,15.46,15.84,21664634,340838854.40500003
2021-09-08 00:00:00+00:00,15.81,16.006,15.135,15.47,15621429,243776304.90225
2021-09-09 00:00:00+00:00,15.31,15.84,15.26,15.69,18395844,285595478.09999996
2021-09-10 00:00:00+00:00,15.77,15.91,15.23,15.29,17029524,264809098.2
2021-09-13 00:00:00+00:00,15.33,15.39,14.67,15.01,20253138,305822383.8
2021-09-14 00:00:00+00:00,15.0219,15.33,14.38,14.5,24475728,362435968.3308
2021-09-15 00:00:00+00:00,14.84,15.5,14.6308,15.45,34831980,526144024.296
2021-09-16 00:00:00+00:00,15.4712,15.66,15.23,15.5,24121286,373042924.37579995
2021-09-17 00:00:00+00:00,15.5197,15.58,15.06,15.09,55126327,844117747.712975
2021-09-20 00:00:00+00:00,14.58,14.91,14.42,14.57,27954604,408696310.48
2021-09-21 00:00:00+00:00,14.62,15.28,14.56,15.17,23601545,351840032.08750004
2021-09-22 00:00:00+00:00,15.86,17.085,15.61,16.84,55383320,905448052.8499999
2021-09-23 00:00:00+00:00,17.2,17.35,16.67,17.14,29369467,501924191.03
2021-09-24 00:00:00+00:00,16.86,17.79,16.62,17.64,22922963,394905345.0825
2021-09-27 00:00:00+00:00,17.66,18.08,16.85,17.7,35517597,624132973.2824999
2021-09-28 00:00:00+00:00,17.4,17.67,16.795,17.04,25569467,440466030.90875
2021-09-29 00:00:00+00:00,16.35,17.17,16.01,16.01,38323164,627925042.1400001
2021-09-30 00:00:00+00:00,15.9,16.06,15.3,15.88,38688777,610702344.945
2021-10-01 00:00:00+00:00,15.88,16.49,15.75,16.45,18850301,304290983.8925
2021-10-04 00:00:00+00:00,16.29,16.68,15.8801,16.09,21849738,354731042.67345
2021-10-05 00:00:00+00:00,16.145,16.76,16.08,16.25,13941176,227363154.09
2021-10-06 00:00:00+00:00,16.0,16.64,15.92,16.62,11896359,193851169.90500003
2021-10-07 00:00:00+00:00,16.9365,17.09,16.34,16.4,15267783,254844108.41737503
2021-10-08 00:00:00+00:00,16.5271,16.65,16.17,16.21,11054406,181173699.89564997
2021-10-11 00:00:00+00:00,16.9,18.51,16.83,18.39,69669569,1230190414.6174998
2021-10-12 00:00:00+00:00,18.17,19.02,17.84,18.97,47239712,873934672.0
2021-10-13 00:00:00+00:00,19.0,19.31,18.49,18.92,31335891,593188416.63
2021-10-14 00:00:00+00:00,19.8,19.81,18.945,19.62,33917700,662879049.375
2021-10-15 00:00:00+00:00,19.56,19.86,19.32,19.38,22190294,433376441.82000005
2021-10-18 00:00:00+00:00,19.18,21.0,19.12,20.85,48538220,972584583.2500001
2021-10-19 00:00:00+00:00,21.04,21.08,20.185,20.22,26292179,542440517.99375
2021-10-20 00:00:00+00:00,20.365,21.19,19.87,21.05,25757098,531079164.3875
2021-10-21 00:00:00+00:00,20.89,21.775,20.765,20.99,24771685,522806411.925
2021-10-22 00:00:00+00:00,20.86,21.06,20.2,20.58,18994501,392711308.175
2021-10-25 00:00:00+00:00,20.62,21.08,20.1,20.69,15053118,310432925.95500004
2021-10-26 00:00:00+00:00,20.945,20.97,19.46,19.96,26725452,543428659.605
2021-10-27 00:00:00+00:00,20.0,20.48,19.14,19.25,17585735,346746729.8625
2021-10-28 00:00:00+00:00,19.555,20.2,19.48,19.91,15070737,298193369.96625
2021-10-29 00:00:00+00:00,19.8,20.16,19.69,20.09,11537990,230009830.65000004
2021-11-01 00:00:00+00:00,20.53,22.81,20.28,22.62,52780203,1137941176.68
2021-11-02 00:00:00+00:00,22.67,22.93,21.6,22.68,35482291,797287078.77
2021-11-03 00:00:00+00:00,22.67,23.63,22.44,22.96,26468770,606796552.2499999
2021-11-04 00:00:00+00:00,23.18,23.55,22.83,23.29,18496827,429357596.73749995
2021-11-05 00:00:00+00:00,22.89,23.2189,22.24,22.57,19635293,446304810.18442506
2021-11-08 00:00:00+00:00,22.63,23.07,22.445,22.74,16884909,383646238.61625004
2021-11-09 00:00:00+00:00,23.14,23.25,21.61,22.14,24572965,553751766.275
2021-11-10 00:00:00+00:00,21.14,21.85,19.85,20.42,46108752,959753672.8800001
2021-11-11 00:00:00+00:00,23.99,24.65,22.6,22.97,72680129,1711798738.2725
2021-11-12 00:00:00+00:00,23.17,23.6,22.17,22.76,29275453,671139760.025
2021-11-15 00:00:00+00:00,22.975,24.12,22.75,22.92,30384268,704649155.255
2021-11-16 00:00:00+00:00,22.6,22.63,21.42,21.67,41386826,913821118.08
2021-11-17 00:00:00+00:00,21.85,22.04,21.025,21.12,18998311,408629921.72125
2021-11-18 00:00:00+00:00,21.2,21.32,20.2,20.57,25447516,529880901.90999997
2021-11-19 00:00:00+00:00,20.11,21.1,19.94,20.37,25321177,516045587.26000005
2021-11-22 00:00:00+00:00,20.52,20.6,18.32,18.75,39765950,777324907.625
2021-11-23 00:00:00+00:00,18.5342,18.655,17.38,17.81,31341659,567121051.2732
2021-11-24 00:00:00+00:00,17.45,18.58,17.351,18.33,28778552,515934685.618
2021-11-26 00:00:00+00:00,17.875,18.32,17.8,18.21,13253059,239234281.27375004
2021-11-29 00:00:00+00:00,18.58,18.69,17.87,18.43,23366894,429775597.895
2021-11-30 00:00:00+00:00,18.25,18.54,17.13,17.2,67190100,1194639978.0
2021-12-01 00:00:00+00:00,17.4122,17.91,16.23,16.39,34620746,588052412.2203
2021-12-02 00:00:00+00:00,16.41,16.625,15.96,16.43,27033830,442172081.9375
2021-12-03 00:00:00+00:00,16.43,16.44,14.62,15.19,64350690,1008375312.3
2021-12-06 00:00:00+00:00,15.06,15.84,14.5,15.72,34134776,521579377.28
2021-12-07 00:00:00+00:00,16.14,16.72,16.12,16.62,30846576,505883846.4000001
2021-12-08 00:00:00+00:00,16.79,17.165,16.25,16.94,25262614,424064554.2575
2021-12-09 00:00:00+00:00,16.66,16.91,15.55,15.66,32398875,524699780.625
2021-12-10 00:00:00+00:00,15.79,15.87,14.87,15.01,41344197,636080470.8449999
2021-12-13 00:00:00+00:00,14.89,15.25,14.02,14.58,40507489,594852475.9649999
2021-12-14 00:00:00+00:00,14.27,14.72,14.16,14.48,26707766,384792138.64500004
2021-12-15 00:00:00+00:00,14.44,15.28,14.03,15.16,33540357,493965607.7175
2021-12-16 00:00:00+00:00,15.356,15.44,14.18,14.27,43017956,637160455.2939999
2021-12-17 00:00:00+00:00,14.08,14.77,13.66,14.65,44408693,634600222.97
2021-12-20 00:00:00+00:00,14.48,15.21,14.28,14.59,31658626,463482284.64000005
2021-12-21 00:00:00+00:00,14.87,15.17,14.72,14.97,27695629,413564980.04249996
2021-12-22 00:00:00+00:00,14.86,15.37,14.73,14.99,24332110,364677498.625
2021-12-23 00:00:00+00:00,14.981,15.19,14.73,15.09,19824000,297315396.0
2021-12-27 00:00:00+00:00,15.11,15.49,14.85,15.39,19826708,301564228.68
2021-12-28 00:00:00+00:00,15.28,15.49,14.67,14.85,24049692,362488982.67
2021-12-29 00:00:00+00:00,14.8311,14.833,14.18,14.47,20899600,304685341.09
2021-12-30 00:00:00+00:00,14.505,16.35,14.5,15.95,41348737,633721080.4462501
2021-12-31 00:00:00+00:00,15.925,16.49,15.74,15.81,30798226,492502131.52250004
2022-01-03 00:00:00+00:00,16.1,16.13,15.45,15.68,27561493,436574049.12000006
2022-01-04 00:00:00+00:00,15.61,15.8612,14.59,15.05,34175862,522131984.4636
2022-01-05 00:00:00+00:00,14.88,15.23,14.04,14.1,35103099,511188879.1875
2022-01-06 00:00:00+00:00,14.0162,14.27,13.01,13.78,46269403,637085723.37715
2022-01-07 00:00:00+00:00,13.8205,14.4,13.62,13.74,28716248,399015855.491
2022-01-10 00:00:00+00:00,13.455,13.49,12.82,13.37,37040302,492034111.6925
2022-01-11 00:00:00+00:00,13.295,14.14,13.25,13.94,24517437,334816249.03125
2022-01-12 00:00:00+00:00,14.3,14.42,13.75,13.86,24842446,349843745.795
2022-01-13 00:00:00+00:00,14.0,14.04,13.055,13.09,29900817,405043942.28625
2022-01-14 00:00:00+00:00,12.952,13.32,12.66,13.2,32460687,423060133.67100006
2022-01-18 00:00:00+00:00,12.8,13.11,12.02,12.06,58153538,726773841.155
2022-01-19 00:00:00+00:00,14.37,14.39,13.37,13.71,186755829,2607111372.8399997
2022-01-20 00:00:00+00:00,14.27,16.47,14.01,15.0,268936017,4017231753.9375
2022-01-21 00:00:00+00:00,14.985,14.985,13.64,13.89,135687439,1950506935.625
2022-01-24 00:00:00+00:00,13.01,13.35,11.83,13.3,137506039,1770046487.0275
2022-01-25 00:00:00+00:00,12.7455,13.45,12.58,12.76,72818267,938181449.744625
2022-01-26 00:00:00+00:00,13.14,13.86,12.45,12.58,83653955,1088128819.6625
2022-01-27 00:00:00+00:00,12.72,12.7901,11.27,11.36,83981842,1010723568.0160501
2022-01-28 00:00:00+00:00,11.34,11.34,10.51,11.1,78767734,872155734.715
2022-01-31 00:00:00+00:00,11.2,12.495,11.05,12.48,73077056,862765992.4000002
2022-02-01 00:00:00+00:00,12.682,13.55,12.37,13.27,89022381,1154442236.808
2022-02-02 00:00:00+00:00,13.03,13.06,11.9,12.16,73581222,922524570.825
2022-02-03 00:00:00+00:00,11.77,12.22,11.38,11.57,55485611,651123645.085
2022-02-04 00:00:00+00:00,11.54,12.075,11.16,11.89,46870849,546807042.14625
2022-02-07 00:00:00+00:00,11.9317,12.4,11.662,11.72,37906180,452161025.1665
2022-02-08 00:00:00+00:00,11.72,12.15,11.53,12.13,32936108,391363303.31
2022-02-09 00:00:00+00:00,12.41,12.99,12.19,12.86,47536708,599556729.65
2022-02-10 00:00:00+00:00,12.425,13.41,12.29,12.39,57391379,724781377.54625
2022-02-11 00:00:00+00:00,12.725,13.25,12.29,12.4,76947111,974631344.70375
2022-02-14 00:00:00+00:00,12.588,12.87,11.92,12.0,73358573,905574904.3985
2022-02-15 00:00:00+00:00,12.0,12.6373,11.97,12.58,51170338,629232691.57685
2022-02-16 00:00:00+00:00,12.61,13.28,12.6032,13.08,58488156,754105341.7548
2022-02-17 00:00:00+00:00,12.9104,13.17,12.15,12.18,44690019,563210433.4494
2022-02-18 00:00:00+00:00,12.1738,12.23,11.17,11.39,59994499,704392413.03405
2022-02-22 00:00:00+00:00,11.03,11.16,10.19,10.26,76018719,810359544.5399998
2022-02-23 00:00:00+00:00,10.679,10.69,9.82,9.82,62010003,635742053.25675
2022-02-24 00:00:00+00:00,8.86,10.38,8.82,10.33,76026491,729664247.3725001
2022-02-25 00:00:00+00:00,10.47,10.72,9.97,10.67,46588118,487195243.9850001
2022-02-28 00:00:00+00:00,10.68,11.76,10.67,11.45,64380524,717199037.36
2022-03-01 00:00:00+00:00,11.96,11.98,11.2,11.2,107850262,1249445285.27
2022-03-02 00:00:00+00:00,12.95,13.0,11.51,11.58,147527024,1808681314.24
2022-03-03 00:00:00+00:00,11.49,11.51,10.6144,10.69,70875684,785026163.5524
2022-03-04 00:00:00+00:00,10.642,11.01,9.92,10.0,63475677,659702711.061
2022-03-07 00:00:00+00:00,9.975,10.22,9.59,9.62,54287701,534801714.47625
2022-03-08 00:00:00+00:00,9.51,10.0891,9.28,9.72,50878192,490963105.2068
2022-03-09 00:00:00+00:00,9.96,10.09,9.645,9.87,53891065,533049996.68125
2022-03-10 00:00:00+00:00,9.71,9.82,9.18,9.41,47638370,453993666.1000001
2022-03-11 00:00:00+00:00,9.51,9.5368,8.52,8.55,71568476,646206083.4992
2022-03-14 00:00:00+00:00,8.45,8.45,7.735,7.93,75632727,615744938.6887499
2022-03-15 00:00:00+00:00,7.96,8.29,7.79,8.2,52317434,421678518.03999996
2022-03-16 00:00:00+00:00,8.08,8.76,8.05,8.57,84406687,706061936.755
2022-03-17 00:00:00+00:00,8.55,9.08,8.38,8.91,67654054,590619891.4200001
2022-03-18 00:00:00+00:00,8.92,9.975,8.82,9.87,66667082,626420569.2425001
2022-03-21 00:00:00+00:00,9.82,9.93,9.33,9.57,39791722,384487513.825
2022-03-22 00:00:00+00:00,9.56,10.06,9.25,9.72,56998432,549892372.72
2022-03-23 00:00:00+00:00,9.6,9.78,9.325,9.37,38946307,370720159.75624996
2022-03-24 00:00:00+00:00,9.4,9.5093,9.07,9.47,30175795,282515599.923375
2022-03-25 00:00:00+00:00,9.42,9.42,8.91,9.01,42524744,390802397.35999995
2022-03-28 00:00:00+00:00,9.03,9.28,8.84,9.25,33300875,303037962.5
2022-03-29 00:00:00+00:00,9.25,10.21,9.22,10.14,72805135,706573835.175
2022-03-30 00:00:00+00:00,10.03,10.57,9.6316,9.77,59785673,597880644.2692
2022-03-31 00:00:00+00:00,9.82,9.87,9.42,9.45,33702782,324894818.48
2022-04-01 00:00:00+00:00,9.47,9.62,9.21,9.33,29654474,278974464.15500003
2022-04-04 00:00:00+00:00,9.42,10.03,9.4,9.77,34448041,332595835.855
2022-04-05 00:00:00+00:00,9.83,10.095,9.09,9.12,47197072,449965085.17999995
2022-04-06 00:00:00+00:00,8.98,9.03,8.46,8.75,56769374,499854338.07
2022-04-07 00:00:00+00:00,8.275,8.385,7.64,8.12,109248307,885457528.235
2022-04-08 00:00:00+00:00,8.07,8.1,7.78,7.87,39037827,310545913.785
2022-04-11 00:00:00+00:00,7.7,7.93,7.56,7.72,37461604,289484544.90999997
2022-04-12 00:00:00+00:00,7.81,8.09,7.37,7.48,58650254,450873827.625
2022-04-13 00:00:00+00:00,7.45,7.68,7.24,7.61,39309450,294624327.74999994
2022-04-14 00:00:00+00:00,7.66,7.66,7.22,7.26,42198035,314375360.74999994
2022-04-18 00:00:00+00:00,7.26,7.315,6.97,7.13,50207841,359927460.16875
2022-04-19 00:00:00+00:00,7.11,7.58,7.05,7.41,39488905,287775395.1875
2022-04-20 00:00:00+00:00,7.36,7.36,6.93,6.95,56574322,404506402.29999995
2022-04-21 00:00:00+00:00,7.03,7.11,6.48,6.6,66530873,452742590.765
2022-04-22 00:00:00+00:00,6.6,6.68,6.32,6.39,45591899,296233363.7525
2022-04-25 00:00:00+00:00,6.27,6.61,6.23,6.55,37571453,241020870.995
2022-04-26 00:00:00+00:00,6.5,6.5,6.14,6.29,49526080,314862053.6
2022-04-27 00:00:00+00:00,6.25,6.46,6.09,6.15,42697461,266325412.98750004
2022-04-28 00:00:00+00:00,6.3,6.54,6.02,6.45,46069045,291501882.2375
2022-04-29 00:00:00+00:00,6.37,6.75,6.1,6.12,33526800,212392278.0
2022-05-02 00:00:00+00:00,6.105,6.34,6.01,6.33,43738421,271014191.12125
2022-05-03 00:00:00+00:00,6.28,6.42,6.18,6.4,27381677,173052198.64000002
2022-05-04 00:00:00+00:00,6.36,7.17,6.2,7.14,77128293,518109308.2275
2022-05-05 00:00:00+00:00,7.05,7.11,6.57,6.83,46638685,321340539.65000004
2022-05-06 00:00:00+00:00,6.82,6.87,6.345,6.44,50526801,334424264.11875004
2022-05-09 00:00:00+00:00,6.23,6.39,5.79,5.97,51638728,314738047.15999997
2022-05-10 00:00:00+00:00,5.75,5.8,4.82,5.25,125633765,679050499.825
2022-05-11 00:00:00+00:00,5.21,5.61,4.95,5.49,76698148,407650656.61999995
2022-05-12 00:00:00+00:00,5.31,5.79,5.05,5.66,66310027,361555422.2175
2022-05-13 00:00:00+00:00,6.08,6.86,6.01,6.75,74842007,480859894.975
2022-05-16 00:00:00+00:00,7.02,7.235,6.835,6.91,60528424,423698968.0
2022-05-17 00:00:00+00:00,7.09,7.34,6.96,7.05,54578560,388053561.6
2022-05-18 00:00:00+00:00,6.93,7.56,6.8,7.23,54156930,386138910.9
2022-05-19 00:00:00+00:00,7.25,7.99,7.15,7.75,57737235,435050065.725
2022-05-20 00:00:00+00:00,8.02,8.04,7.13,7.49,56792887,435601443.29
2022-05-23 00:00:00+00:00,7.36,7.49,7.1,7.27,33054587,241463758.03500003
2022-05-24 00:00:00+00:00,7.07,7.15,6.62,6.72,38264639,263643362.70999998
2022-05-25 00:00:00+00:00,6.74,7.16,6.6775,7.01,35566804,245299801.33749998
2022-05-26 00:00:00+00:00,7.07,7.39,6.905,7.14,35132130,250360341.41250002
2022-05-27 00:00:00+00:00,7.29,7.68,7.19,7.55,38264407,284208882.9925
2022-05-31 00:00:00+00:00,7.495,7.7,7.26,7.48,61518918,460392202.5825
2022-06-01 00:00:00+00:00,7.495,7.62,6.95,7.05,36804554,267891147.4275
2022-06-02 00:00:00+00:00,7.04,7.42,6.955,7.42,28866563,208091836.02625
2022-06-03 00:00:00+00:00,7.15,7.25,6.89,6.98,29389168,207707944.84
2022-06-06 00:00:00+00:00,7.08,7.265,6.77,6.86,39383967,275441619.20624995
2022-06-07 00:00:00+00:00,6.75,6.9,6.6706,6.86,26378402,179245198.35029998
2022-06-08 00:00:00+00:00,6.78,6.97,6.61,6.66,30467699,205809306.745
2022-06-09 00:00:00+00:00,6.68,6.69,6.11,6.11,35450384,226793831.64
2022-06-10 00:00:00+00:00,5.97,6.25,5.85,5.94,37585172,225604994.93
2022-06-13 00:00:00+00:00,5.61,5.7379,5.345,5.61,51080196,284809125.84209996
2022-06-14 00:00:00+00:00,5.75,6.0383,5.72,5.925,39077669,228929685.244425
2022-06-15 00:00:00+00:00,5.95,6.17,5.6819,5.94,59845375,355210727.178125
2022-06-16 00:00:00+00:00,5.71,5.84,5.44,5.47,32073677,180093696.35500002
2022-06-17 00:00:00+00:00,5.57,5.85,5.51,5.7,53969225,305330890.4375
2022-06-21 00:00:00+00:00,5.82,5.9792,5.72,5.72,32297202,187640284.17959997
2022-06-22 00:00:00+00:00,5.62,5.82,5.54,5.6,34540825,194982957.125
2022-06-23 00:00:00+00:00,5.65,5.92,5.6248,5.78,28993750,166531401.875
2022-06-24 00:00:00+00:00,5.88,6.18,5.79,6.13,87590005,525102079.9749999
2022-06-27 00:00:00+00:00,6.1,6.21,5.85,5.93,26805019,161433226.92749998
2022-06-28 00:00:00+00:00,5.93,5.97,5.5,5.56,31642628,181628684.71999997
2022-06-29 00:00:00+00:00,5.52,5.55,5.34,5.54,32700561,179444328.48749998
2022-06-30 00:00:00+00:00,5.43,5.5099,5.23,5.27,27760673,148796513.26317498
2022-07-01 00:00:00+00:00,5.26,5.485,5.17,5.41,21703256,115705483.55000001
2022-07-05 00:00:00+00:00,5.33,5.84,5.14,5.84,28362198,157055671.42499998
2022-07-06 00:00:00+00:00,5.8,6.1,5.78,5.9,25041460,147619406.7
2022-07-07 00:00:00+00:00,5.9,6.28,5.85,6.26,30799716,187031275.41
2022-07-08 00:00:00+00:00,6.0,6.3699,5.93,6.19,26898935,164688057.064125
2022-07-11 00:00:00+00:00,6.035,6.09,5.82,6.01,18740083,112229672.06625
2022-07-12 00:00:00+00:00,6.02,6.23,5.9,6.04,18008288,108905121.67999999
2022-07-13 00:00:00+00:00,5.85,6.06,5.75,5.95,25769536,152104686.24
2022-07-14 00:00:00+00:00,5.88,5.97,5.76,5.91,17285095,101636358.6
2022-07-15 00:00:00+00:00,6.04,6.3,5.93,6.29,22335823,137141953.22
2022-07-18 00:00:00+00:00,6.33,6.595,6.31,6.35,20005831,127962296.53375
2022-07-19 00:00:00+00:00,6.48,6.63,6.27,6.62,21273636,138278634.0
2022-07-20 00:00:00+00:00,6.69,7.08,6.66,6.97,24765688,169644962.79999998
2022-07-21 00:00:00+00:00,6.975,7.15,6.9,7.04,19858375,139331323.59375
2022-07-22 00:00:00+00:00,7.05,7.06,6.52,6.62,21258172,144821296.75
2022-07-25 00:00:00+00:00,6.57,6.61,6.3695,6.46,14153754,92033016.16575001
2022-07-26 00:00:00+00:00,6.37,6.37,6.12,6.14,16325747,102035918.75
2022-07-27 00:00:00+00:00,6.25,6.47,6.19,6.44,17437413,110509604.8875
2022-07-28 00:00:00+00:00,6.45,6.56,6.09,6.3,21965889,139483395.15
2022-07-29 00:00:00+00:00,6.27,6.37,6.15,6.31,19058673,119593173.07499999
2022-08-01 00:00:00+00:00,6.27,6.41,6.14,6.36,21109860,132886568.7
2022-08-02 00:00:00+00:00,6.34,6.63,6.31,6.41,49460850,317662309.125
2022-08-03 00:00:00+00:00,7.28,8.42,7.05,8.23,147719787,1144089750.315
2022-08-04 00:00:00+00:00,8.17,8.52,7.86,8.23,61791939,506384940.105
2022-08-05 00:00:00+00:00,8.02,8.26,7.82,7.96,43574365,349248535.475
2022-08-08 00:00:00+00:00,8.14,8.49,7.88,7.98,56810653,461444528.9925
2022-08-09 00:00:00+00:00,7.7,7.76,7.25,7.39,50016955,376377586.375
2022-08-10 00:00:00+00:00,7.78,7.95,7.51,7.81,51807822,402158218.27500004
2022-08-11 00:00:00+00:00,8.08,8.14,7.365,7.42,65326064,506358653.58000004
2022-08-12 00:00:00+00:00,7.53,7.7,7.3,7.65,35779797,269958568.365
2022-08-15 00:00:00+00:00,7.57,7.7,7.39,7.62,38002963,287682429.91
2022-08-16 00:00:00+00:00,7.5,7.809,7.19,7.58,56901534,427885310.2965
2022-08-17 00:00:00+00:00,7.43,7.45,6.82,6.88,75554905,539839796.225
2022-08-18 00:00:00+00:00,6.95,6.96,6.62,6.68,38842653,264227147.0325
2022-08-19 00:00:00+00:00,6.52,6.5299,6.27,6.33,47048203,301695425.5324249
2022-08-22 00:00:00+00:00,6.15,6.33,6.01,6.1,41817583,257073591.49250004
2022-08-23 00:00:00+00:00,6.15,6.25,6.01,6.17,55901742,343516204.59
2022-08-24 00:00:00+00:00,6.695,6.87,6.37,6.45,114013997,752064827.7112501
2022-08-25 00:00:00+00:00,6.63,6.72,6.39,6.69,53630788,354365431.71
2022-08-26 00:00:00+00:00,6.86,6.89,6.12,6.18,74660991,486229703.8875
2022-08-29 00:00:00+00:00,6.09,6.226,5.97,6.0,55367717,336165093.76549995
2022-08-30 00:00:00+00:00,6.08,6.13,5.81,5.91,38113942,228016658.015
2022-08-31 00:00:00+00:00,5.97,6.08,5.87,5.92,32515885,193794674.60000002
2022-09-01 00:00:00+00:00,5.815,5.86,5.61,5.85,34316405,198477507.41875
2022-09-02 00:00:00+00:00,5.99,6.0,5.7,5.74,29739724,174200433.32999998
2022-09-06 00:00:00+00:00,5.75,5.79,5.57,5.65,28734835,163501211.14999998
2022-09-07 00:00:00+00:00,5.6,5.85,5.57,5.82,25290240,144407270.4
2022-09-08 00:00:00+00:00,5.69,6.19,5.68,6.19,38945260,231237481.25000003
2022-09-09 00:00:00+00:00,6.23,6.34,6.17,6.33,31127436,195091205.13
2022-09-12 00:00:00+00:00,6.35,6.49,6.2901,6.41,28634049,182829118.716225
2022-09-13 00:00:00+00:00,6.02,6.14,5.79,5.84,44931918,267232582.30499998
2022-09-14 00:00:00+00:00,6.06,6.19,5.9,6.17,62819251,381941046.08
2022-09-15 00:00:00+00:00,6.13,6.65,6.1,6.41,58733463,371342319.81750005
2022-09-16 00:00:00+00:00,6.235,6.27,6.01,6.05,44028889,270392414.57125
2022-09-19 00:00:00+00:00,5.95,6.1,5.89,6.08,30714133,184438368.66500002
2022-09-20 00:00:00+00:00,6.0,6.12,5.88,5.89,27278156,162918786.71
2022-09-21 00:00:00+00:00,5.89,6.0396,5.69,5.69,36073863,210216829.24620003
2022-09-22 00:00:00+00:00,5.72,5.7899,5.36,5.36,41535258,230831157.95355
2022-09-23 00:00:00+00:00,5.26,5.37,5.16,5.31,40071925,211379404.37499997
2022-09-26 00:00:00+00:00,5.3,5.51,5.08,5.08,65463231,343190988.5175
2022-09-27 00:00:00+00:00,5.23,5.33,5.0,5.08,35622154,183810314.64000002
2022-09-28 00:00:00+00:00,5.08,5.28,5.04,5.25,29843202,154065530.325
2022-09-29 00:00:00+00:00,5.12,5.16,4.79,4.84,57046743,283950163.2825
2022-09-30 00:00:00+00:00,4.82,5.09,4.81,4.88,33884379,166033457.1
2022-10-03 00:00:00+00:00,4.94,5.22,4.81,5.13,33619391,168937439.77499998
2022-10-04 00:00:00+00:00,5.265,5.46,5.25,5.4,37930497,202691093.34375
2022-10-05 00:00:00+00:00,5.27,5.32,5.07,5.28,36209268,189555517.98000002
2022-10-06 00:00:00+00:00,5.27,5.47,5.17,5.29,28449235,150780945.5
2022-10-07 00:00:00+00:00,5.13,5.15,4.96,5.01,27856150,141021759.375
2022-10-10 00:00:00+00:00,5.01,5.035,4.91,4.97,22211474,110640904.8625
2022-10-11 00:00:00+00:00,4.95,5.17,4.77,5.0,35828885,178159130.6625
2022-10-12 00:00:00+00:00,4.98,5.12,4.88,5.08,26339832,132094257.48000002
2022-10-13 00:00:00+00:00,4.89,5.22,4.84,5.09,32628970,163471139.7
2022-10-14 00:00:00+00:00,5.19,5.28,4.81,4.81,35776205,179685989.6125
2022-10-17 00:00:00+00:00,4.95,5.1,4.85,5.07,33347880,166489290.89999998
2022-10-18 00:00:00+00:00,5.25,5.35,5.15,5.25,37401891,196359927.75
2022-10-19 00:00:00+00:00,5.21,5.22,4.97,4.99,35412257,180513980.0575
2022-10-20 00:00:00+00:00,4.975,5.1899,4.96,5.01,30718900,154630494.9025
2022-10-21 00:00:00+00:00,4.97,5.16,4.9,5.15,33980025,171429226.125
2022-10-24 00:00:00+00:00,5.14,5.2,4.97,5.17,32703181,167440286.71999997
2022-10-25 00:00:00+00:00,5.2,5.68,5.19,5.66,49264011,267626739.7575
2022-10-26 00:00:00+00:00,5.525,5.77,5.5,5.54,37736152,210709238.73000002
2022-10-27 00:00:00+00:00,5.62,5.66,5.3444,5.35,26942689,148012356.29040003
2022-10-28 00:00:00+00:00,5.37,5.47,5.29,5.45,28750983,155111553.285
2022-10-31 00:00:00+00:00,5.56,5.67,5.36,5.44,61549160,338981998.7
2022-11-01 00:00:00+00:00,6.46,6.47,5.67,5.73,159097229,967708895.3925
2022-11-02 00:00:00+00:00,5.675,5.7,5.03,5.12,106803795,574737921.84375
2022-11-03 00:00:00+00:00,5.03,5.39,5.01,5.36,55484130,288378765.675
2022-11-04 00:00:00+00:00,5.495,5.51,5.06,5.18,53554192,284439702.26
2022-11-07 00:00:00+00:00,5.23,5.285,5.12,5.18,39915144,207708430.59
2022-11-08 00:00:00+00:00,5.18,5.3,5.05,5.1,48009714,247610099.95500004
2022-11-09 00:00:00+00:00,5.03,5.06,4.94,4.98,45923980,229734709.95000002
2022-11-10 00:00:00+00:00,5.27,5.44,5.09,5.34,69817606,368986047.71000004
2022-11-11 00:00:00+00:00,5.32,6.0,5.32,5.95,84353293,476385222.2175
2022-11-14 00:00:00+00:00,5.89,6.05,5.72,5.86,47833199,281259210.12
2022-11-15 00:00:00+00:00,6.1,6.13,5.8,5.85,59806445,357044476.65000004
2022-11-16 00:00:00+00:00,5.77,5.77,5.47,5.53,43267806,243814086.81
2022-11-17 00:00:00+00:00,5.34,5.51,5.28,5.38,34036695,183032327.36249998
2022-11-18 00:00:00+00:00,5.48,5.49,5.16,5.18,36633917,195167192.81750003
2022-11-21 00:00:00+00:00,5.13,5.1899,4.8,4.87,99354954,496523898.7411501
2022-11-22 00:00:00+00:00,4.9,4.9,4.6,4.64,76694080,365063820.8
2022-11-23 00:00:00+00:00,4.67,4.7075,4.53,4.66,58395324,271063794.5925
2022-11-25 00:00:00+00:00,4.67,4.67,4.51,4.6,28016481,129226018.6125
2022-11-28 00:00:00+00:00,4.54,4.63,4.41,4.45,47274494,213089781.705
2022-11-29 00:00:00+00:00,4.46,4.57,4.4424,4.56,40676657,183374437.4217
2022-11-30 00:00:00+00:00,4.55,4.85,4.52,4.83,49235457,230791204.6875
2022-12-01 00:00:00+00:00,4.86,4.91,4.67,4.74,34841966,167067226.97
2022-12-02 00:00:00+00:00,4.6,4.7,4.52,4.7,23866449,110501658.87
2022-12-05 00:00:00+00:00,4.7,4.73,4.47,4.53,28384788,130782910.71
2022-12-06 00:00:00+00:00,4.54,4.55,4.26,4.32,41048353,181331099.37750003
2022-12-07 00:00:00+00:00,4.3,4.37,4.24,4.3,21933359,94368277.09750001
2022-12-08 00:00:00+00:00,4.35,4.43,4.25,4.4,19767424,86136550.08
2022-12-09 00:00:00+00:00,4.36,4.4,4.31,4.34,16804171,73140154.2775
2022-12-12 00:00:00+00:00,4.31,4.48,4.27,4.45,23353213,102228689.90749998
2022-12-13 00:00:00+00:00,4.69,4.77,4.35,4.43,33682351,153591520.56
2022-12-14 00:00:00+00:00,4.57,4.92,4.53,4.7,68775735,321870439.79999995
2022-12-15 00:00:00+00:00,4.58,4.76,4.5,4.63,37157420,171574386.85
2022-12-16 00:00:00+00:00,4.58,4.68,4.5,4.64,31419261,144528600.6
2022-12-19 00:00:00+00:00,4.66,4.66,4.4,4.43,27122376,123067781.1
2022-12-20 00:00:00+00:00,4.53,4.76,4.45,4.57,34033424,155787998.35999998
2022-12-21 00:00:00+00:00,4.65,4.73,4.56,4.64,24848891,115423098.69500001
2022-12-22 00:00:00+00:00,4.58,4.625,4.37,4.58,30665898,139184844.5475
2022-12-23 00:00:00+00:00,4.55,4.62,4.4611,4.61,19435283,88630235.182825
2022-12-27 00:00:00+00:00,4.55,4.58,4.35,4.39,24110711,107714601.39249998
2022-12-28 00:00:00+00:00,4.38,4.43,4.24,4.37,35043347,152613776.18499997
2022-12-29 00:00:00+00:00,4.4,4.63,4.32,4.59,33261879,149179527.315
2022-12-30 00:00:00+00:00,4.49,4.65,4.45,4.61,28240228,128493037.39999999
2023-01-03 00:00:00+00:00,4.65,4.75,4.43,4.5,29303151,134281689.45749998
2023-01-04 00:00:00+00:00,4.54,4.88,4.495,4.77,48731381,227636463.49624997
2023-01-05 00:00:00+00:00,4.66,4.73,4.56,4.63,30512045,141728449.02499998
2023-01-06 00:00:00+00:00,4.66,4.695,4.49,4.62,31589482,145824946.2825
2023-01-09 00:00:00+00:00,4.67,5.0,4.67,4.82,50435010,241583697.9
2023-01-10 00:00:00+00:00,4.8,5.13,4.78,5.12,42334430,209872936.72500002
2023-01-11 00:00:00+00:00,5.15,5.19,4.98,5.15,41602064,212898562.51999998
2023-01-12 00:00:00+00:00,5.19,5.38,4.99,5.36,49408775,258407893.25000003
2023-01-13 00:00:00+00:00,5.225,5.49,5.19,5.44,32477147,173306175.67875
2023-01-17 00:00:00+00:00,5.45,5.72,5.36,5.64,37801440,209514481.20000002
2023-01-18 00:00:00+00:00,5.65,5.7,5.48,5.56,38396740,214925752.15
2023-01-19 00:00:00+00:00,5.41,5.53,5.31,5.41,32006544,173315435.76
2023-01-20 00:00:00+00:00,5.485,5.75,5.4312,5.67,31135570,173862579.6585
2023-01-23 00:00:00+00:00,5.71,5.89,5.63,5.87,39018457,225331589.175
2023-01-24 00:00:00+00:00,5.775,6.0,5.73,5.79,32563802,189643441.8975
2023-01-25 00:00:00+00:00,5.64,5.87,5.54,5.79,30127768,172029555.28
2023-01-26 00:00:00+00:00,5.9,5.94,5.65,5.71,29992319,173955450.20000002
2023-01-27 00:00:00+00:00,5.69,6.04,5.63,5.94,48503539,282533114.675
2023-01-30 00:00:00+00:00,6.59,7.005,6.37,6.68,164184285,1093672568.45625
2023-01-31 00:00:00+00:00,6.66,6.95,6.51,6.93,68287069,461791304.11249995
2023-02-01 00:00:00+00:00,6.93,7.47,6.86,7.38,75445299,540188340.8399999
2023-02-02 00:00:00+00:00,7.67,8.24,7.45,7.72,106231111,825415732.4699999
2023-02-03 00:00:00+00:00,7.4,7.985,7.31,7.46,55989111,422087910.55125004
2023-02-06 00:00:00+00:00,7.35,7.64,7.26,7.41,41269907,306016360.40500003
2023-02-07 00:00:00+00:00,7.37,7.45,7.14,7.38,40804012,299297428.02
2023-02-08 00:00:00+00:00,7.3201,7.495,7.19,7.2,25636314,187177778.50035
2023-02-09 00:00:00+00:00,7.27,7.365,6.84,6.89,50352435,357061704.69375
2023-02-10 00:00:00+00:00,6.76,6.89,6.64,6.81,37285265,252607670.37499997
2023-02-13 00:00:00+00:00,6.75,6.9,6.68,6.76,23626812,160012584.26999998
2023-02-14 00:00:00+00:00,6.66,6.82,6.43,6.74,28449675,189545959.6875
2023-02-15 00:00:00+00:00,6.82,7.29,6.8,7.25,35757887,251735524.48
2023-02-16 00:00:00+00:00,7.0738,7.28,6.95,6.98,30457990,215366924.3905
2023-02-17 00:00:00+00:00,6.89,6.96,6.51,6.62,30999494,209091587.03
2023-02-21 00:00:00+00:00,6.46,6.57,6.33,6.42,26332877,169715392.26500002
2023-02-22 00:00:00+00:00,6.4,6.58,6.37,6.54,22778933,147436643.8425
2023-02-23 00:00:00+00:00,6.65,6.69,6.39,6.55,19210151,126210692.07000001
2023-02-24 00:00:00+00:00,6.38,6.45,6.31,6.38,16782564,107072758.32
2023-02-27 00:00:00+00:00,6.45,6.5,6.3424,6.42,19082051,122661332.03310001
2023-02-28 00:00:00+00:00,6.46,6.7,6.45,6.6,17430550,114213678.875
2023-03-01 00:00:00+00:00,6.58,6.62,6.43,6.44,19827311,129224499.4425
2023-03-02 00:00:00+00:00,6.3,6.51,6.23,6.45,18071637,115161506.7825
2023-03-03 00:00:00+00:00,6.48,6.79,6.46,6.72,25456442,168330722.725
2023-03-06 00:00:00+00:00,6.8,6.97,6.67,6.68,26214264,177732709.92
2023-03-07 00:00:00+00:00,6.71,6.71,6.42,6.51,28344304,186718102.60000002
2023-03-08 00:00:00+00:00,6.48,6.6,6.3819,6.47,16558632,107349197.2902
2023-03-09 00:00:00+00:00,6.42,6.555,6.065,6.09,27793315,174611501.48749998
2023-03-10 00:00:00+00:00,5.9,5.92,5.21,5.58,86809716,490691919.69
2023-03-13 00:00:00+00:00,5.46,5.57,5.1,5.49,59761295,323009799.4750001
2023-03-14 00:00:00+00:00,5.69,5.74,5.43,5.55,36750398,205894104.795
2023-03-15 00:00:00+00:00,5.335,5.46,5.275,5.41,34260509,183978933.33
2023-03-16 00:00:00+00:00,5.3501,5.54,5.28,5.45,25307459,136787448.58147502
2023-03-17 00:00:00+00:00,5.47,5.54,5.33,5.46,27173162,148093732.9
2023-03-20 00:00:00+00:00,5.47,5.54,5.19,5.22,33271397,178168330.93499997
2023-03-21 00:00:00+00:00,5.35,5.6,5.32,5.57,29210306,159488270.76
2023-03-22 00:00:00+00:00,5.79,6.03,5.54,5.56,62273315,356826094.95
2023-03-23 00:00:00+00:00,5.65,5.88,5.57,5.78,35687787,204134141.64000002
2023-03-24 00:00:00+00:00,5.675,5.83,5.64,5.74,18744675,107242971.84374999
2023-03-27 00:00:00+00:00,5.82,5.88,5.73,5.76,24284749,140790832.3275
2023-03-28 00:00:00+00:00,5.74,5.79,5.51,5.59,23185370,131171230.77499999
2023-03-29 00:00:00+00:00,5.69,5.92,5.65,5.75,28461838,163726723.095
2023-03-30 00:00:00+00:00,5.87,5.93,5.62,5.72,25094738,145173059.33
2023-03-31 00:00:00+00:00,5.75,6.17,5.67,6.07,41786847,247169200.005
2023-04-03 00:00:00+00:00,6.14,6.275,5.94,6.03,32121415,195820176.19375002
2023-04-04 00:00:00+00:00,6.1,6.1,5.835,5.89,19465241,116426472.73125
2023-04-05 00:00:00+00:00,5.87,5.87,5.58,5.74,30541920,176074168.8
2023-04-06 00:00:00+00:00,5.7,5.81,5.61,5.75,25308070,144698890.225
2023-04-10 00:00:00+00:00,5.69,5.92,5.66,5.91,21151230,122571377.85
2023-04-11 00:00:00+00:00,5.91,6.02,5.86,5.97,26455375,157144927.5
2023-04-12 00:00:00+00:00,6.06,6.06,5.67,5.82,35904981,211929150.3525
2023-04-13 00:00:00+00:00,5.91,5.98,5.8242,5.86,20527102,120977501.9921
2023-04-14 00:00:00+00:00,5.99,6.03,5.77,5.92,24085968,142769575.32
2023-04-17 00:00:00+00:00,5.89,6.0,5.81,5.96,24908149,147331701.335
2023-04-18 00:00:00+00:00,6.0,6.02,5.895,5.98,17036339,101770830.10125
2023-04-19 00:00:00+00:00,5.9,6.1,5.87,6.08,18337459,109795535.76250002
2023-04-20 00:00:00+00:00,5.98,6.045,5.88,5.92,18844899,112244929.66875002
2023-04-21 00:00:00+00:00,5.9,5.99,5.85,5.94,16723226,99001497.92000002
2023-04-24 00:00:00+00:00,5.92,5.95,5.79,5.83,20057976,117790464.06000002
2023-04-25 00:00:00+00:00,5.775,5.84,5.72,5.75,21036232,121405353.93
2023-04-26 00:00:00+00:00,5.81,5.88,5.66,5.67,24210926,139333879.13000003
2023-04-27 00:00:00+00:00,5.77,6.19,5.75,6.06,43199861,256715173.9925
2023-04-28 00:00:00+00:00,6.15,6.3,5.94,6.23,55605051,342249088.90500003
2023-05-01 00:00:00+00:00,6.52,6.54,5.46,5.47,125423720,752228760.6999999
2023-05-02 00:00:00+00:00,5.26,5.3,4.72,4.905,115499456,582839129.8399999
2023-05-03 00:00:00+00:00,4.97,5.0787,4.75,4.85,64212823,315424623.82002497
2023-05-04 00:00:00+00:00,4.78,4.915,4.59,4.895,59715558,286336100.61
2023-05-05 00:00:00+00:00,5.01,5.17,4.99,5.16,40980206,208281896.99499997
2023-05-08 00:00:00+00:00,5.18,5.49,5.18,5.47,39933883,212847596.39000002
2023-05-09 00:00:00+00:00,5.35,5.55,5.34,5.41,26785187,144974824.6375
2023-05-10 00:00:00+00:00,5.58,5.6,5.38,5.48,28624435,157720636.85
2023-05-11 00:00:00+00:00,5.44,5.44,5.12,5.14,36075606,190659577.71
2023-05-12 00:00:00+00:00,5.17,5.2199,4.925,5.02,44765945,227577753.74512503
2023-05-15 00:00:00+00:00,4.68,4.84,4.45,4.77,103290718,483917013.83
2023-05-16 00:00:00+00:00,4.79,4.82,4.61,4.76,38510754,182733527.72999996
2023-05-17 00:00:00+00:00,4.76,4.98,4.69,4.96,42730472,207135963.02
2023-05-18 00:00:00+00:00,4.98,5.135,4.92,5.07,35183403,176840579.32875
2023-05-19 00:00:00+00:00,5.07,5.13,4.91,4.93,26196409,131244009.08999999
2023-05-22 00:00:00+00:00,4.99,5.34,4.92,5.26,42509279,217966328.0725
2023-05-23 00:00:00+00:00,5.24,5.49,5.22,5.29,43878289,232993714.58999997
2023-05-24 00:00:00+00:00,5.2,5.33,5.13,5.31,23887770,125231634.225
2023-05-25 00:00:00+00:00,5.39,5.4,5.09,5.21,24474946,129044152.785
2023-05-26 00:00:00+00:00,5.24,5.48,5.22,5.41,27217183,145271714.26250002
2023-05-30 00:00:00+00:00,5.81,6.05,5.59,6.03,68003301,399179376.87
2023-05-31 00:00:00+00:00,6.2,7.02,6.1,6.94,152429214,1000697789.9100001
2023-06-01 00:00:00+00:00,6.71,7.26,6.63,6.82,108760591,745553851.305
2023-06-02 00:00:00+00:00,7.11,7.11,6.71,7.03,63585576,444463176.24
2023-06-05 00:00:00+00:00,7.12,7.6,7.075,7.25,69556170,505064739.41249996
2023-06-06 00:00:00+00:00,7.18,7.755,7.1401,7.65,56839650,422391070.05375
2023-06-07 00:00:00+00:00,7.86,8.0,7.64,7.74,60872229,475412108.49
2023-06-08 00:00:00+00:00,7.69,8.2,7.66,8.12,66988396,530380625.33000004
2023-06-09 00:00:00+00:00,8.25,8.81,8.11,8.18,84928724,708093236.35
2023-06-12 00:00:00+00:00,8.46,9.3,8.41,9.18,118310135,1045565818.0625
2023-06-13 00:00:00+00:00,9.54,9.61,8.89,9.54,108293476,1017417207.02
2023-06-14 00:00:00+00:00,9.79,10.23,9.29,9.74,128420263,1253702817.5375
2023-06-15 00:00:00+00:00,9.18,9.58,8.88,9.55,97639266,907801075.635
2023-06-16 00:00:00+00:00,8.91,9.18,8.5,8.6,107556948,946232250.03
2023-06-20 00:00:00+00:00,8.31,8.64,8.2,8.59,49114935,414284476.725
2023-06-21 00:00:00+00:00,8.51,8.77,8.34,8.63,37733575,323093735.9375
2023-06-22 00:00:00+00:00,8.54,8.69,8.35,8.49,30149480,256798195.9
2023-06-23 00:00:00+00:00,7.91,8.29,7.71,8.28,62332772,501622982.66999996
2023-06-26 00:00:00+00:00,8.24,8.66,8.14,8.2,33526570,278605796.6999999
2023-06-27 00:00:00+00:00,8.33,8.72,8.33,8.64,39402322,335116748.61
2023-06-28 00:00:00+00:00,8.59,9.09,8.58,8.87,36374440,319458519.29999995
2023-06-29 00:00:00+00:00,9.07,9.28,8.6,8.71,42722370,380869928.55
2023-06-30 00:00:00+00:00,8.92,9.41,8.32,8.34,98384634,860619585.9149998
2023-07-03 00:00:00+00:00,8.36,8.64,8.35,8.52,26842035,227284931.36250004
2023-07-05 00:00:00+00:00,8.49,8.68,8.31,8.38,26954647,228171086.85500005
2023-07-06 00:00:00+00:00,8.23,8.26,7.855,8.1,38186109,309737076.62625
2023-07-07 00:00:00+00:00,8.09,8.3,8.03,8.05,22783911,184948397.5425
2023-07-10 00:00:00+00:00,8.1,8.72,8.04,8.71,38750079,325210038.0075
2023-07-11 00:00:00+00:00,8.81,9.2,8.75,9.07,52586397,471042651.1275
2023-07-12 00:00:00+00:00,9.34,9.39,9.0,9.2,41158635,379997097.6375
2023-07-13 00:00:00+00:00,8.92,9.24,8.77,9.16,43361058,391225145.80500007
2023-07-14 00:00:00+00:00,9.22,9.45,8.94,9.08,38590675,353972966.4375
2023-07-17 00:00:00+00:00,9.04,9.805,8.99,9.48,48308470,450657639.5125
2023-07-18 00:00:00+00:00,9.55,9.74,9.4326,9.57,33895944,324490956.3036
2023-07-19 00:00:00+00:00,9.76,10.13,9.645,9.85,50051480,492819384.95
2023-07-20 00:00:00+00:00,9.63,9.99,9.37,9.57,41587650,400904946.0
2023-07-21 00:00:00+00:00,9.675,9.7,9.26,9.43,34514173,328445498.81125
2023-07-24 00:00:00+00:00,9.44,9.56,9.295,9.45,26693215,251883850.04375002
2023-07-25 00:00:00+00:00,9.4,9.78,9.31,9.33,38811116,366959101.78000003
2023-07-26 00:00:00+00:00,9.26,9.54,9.21,9.52,34922282,327658310.865
2023-07-27 00:00:00+00:00,9.71,9.73,8.94,9.09,45958214,430513569.645
2023-07-28 00:00:00+00:00,9.36,9.6,9.16,9.55,58205326,548148657.605
2023-07-31 00:00:00+00:00,10.39,11.7,10.3,11.45,210958903,2312109576.88
2023-08-01 00:00:00+00:00,11.06,11.1,10.31,10.35,89971315,963142927.075
2023-08-02 00:00:00+00:00,10.12,10.28,9.72,10.08,62865893,631802224.65
2023-08-03 00:00:00+00:00,9.92,10.17,9.86,10.05,37846061,378460610.0
2023-08-04 00:00:00+00:00,10.08,10.1,9.47,9.5,42557551,416532030.41249996
2023-08-07 00:00:00+00:00,9.5,9.5698,9.16,9.39,31681979,297967428.39605
2023-08-08 00:00:00+00:00,9.03,9.45,9.01,9.31,28127815,258775897.99999997
2023-08-09 00:00:00+00:00,9.27,9.27,8.8,8.99,43368269,393892303.1925
2023-08-10 00:00:00+00:00,9.09,9.24,8.72,8.72,37657753,336754456.2025
2023-08-11 00:00:00+00:00,8.53,8.7,8.42,8.65,26970346,231270716.95
2023-08-14 00:00:00+00:00,8.52,8.71,8.36,8.68,27735457,237623527.84749997
2023-08-15 00:00:00+00:00,8.6,8.6,8.34,8.37,23709336,200995895.93999997
2023-08-16 00:00:00+00:00,8.23,8.43,8.21,8.26,23398937,193801695.70250002
2023-08-17 00:00:00+00:00,8.35,8.41,8.08,8.11,29582425,243685225.93749997
2023-08-18 00:00:00+00:00,7.92,8.29,7.89,8.22,27366332,221119962.56
2023-08-21 00:00:00+00:00,8.25,8.33,8.08,8.29,22676645,186798863.18749997
2023-08-22 00:00:00+00:00,8.4,8.47,8.11,8.15,23164705,191861669.16250002
2023-08-23 00:00:00+00:00,8.08,8.47,8.06,8.43,21855657,180527726.82
2023-08-24 00:00:00+00:00,8.48,8.5,8.08,8.12,26080574,216338361.32999998
2023-08-25 00:00:00+00:00,8.12,8.43,8.06,8.29,24163705,198746473.625
2023-08-28 00:00:00+00:00,8.38,8.42,8.17,8.23,17488704,145156243.20000002
2023-08-29 00:00:00+00:00,8.18,8.58,8.16,8.46,24487415,204347478.17499998
2023-08-30 00:00:00+00:00,8.46,8.78,8.36,8.74,26123577,224270908.54500002
2023-08-31 00:00:00+00:00,8.78,8.87,8.52,8.66,26175585,227923906.3875
2023-09-01 00:00:00+00:00,8.77,8.925,8.72,8.79,17738832,156123895.14
2023-09-05 00:00:00+00:00,8.75,8.875,8.62,8.75,18906327,165406728.34125
2023-09-06 00:00:00+00:00,8.73,8.81,8.43,8.54,23909748,206281350.86999997
2023-09-07 00:00:00+00:00,8.35,8.58,8.22,8.57,19320742,162873855.06
2023-09-08 00:00:00+00:00,8.54,8.67,8.45,8.55,15066681,128857789.2525
2023-09-11 00:00:00+00:00,8.65,8.92,8.64,8.9,19320621,169586750.8275
2023-09-12 00:00:00+00:00,8.79,9.188,8.79,9.0,25495591,227981574.722
2023-09-13 00:00:00+00:00,9.0,9.09,8.77,8.8,16819196,149943132.33999997
2023-09-14 00:00:00+00:00,8.89,9.1799,8.86,9.05,23641996,212659162.97010002
2023-09-15 00:00:00+00:00,9.0,9.14,8.88,9.07,30508365,275261723.21250004
2023-09-18 00:00:00+00:00,9.05,9.0699,8.63,8.67,22678678,200819126.72305003
2023-09-19 00:00:00+00:00,8.65,8.87,8.54,8.62,18091637,156854492.79
2023-09-20 00:00:00+00:00,8.67,8.79,8.31,8.32,21643907,184460197.40750003
2023-09-21 00:00:00+00:00,8.11,8.15,7.91,7.95,29541995,237222219.85
2023-09-22 00:00:00+00:00,8.03,8.05,7.44,7.54,38736050,300785428.25
2023-09-25 00:00:00+00:00,7.46,7.655,7.4,7.51,23107791,173452856.19375
2023-09-26 00:00:00+00:00,7.4,7.59,7.37,7.4,22544869,167733825.35999998
2023-09-27 00:00:00+00:00,7.48,7.6566,7.39,7.6,28227005,212595922.20825002
2023-09-28 00:00:00+00:00,7.6,7.84,7.53,7.77,23539595,180901787.575
2023-09-29 00:00:00+00:00,7.92,8.3,7.91,7.99,28779332,231098035.95999998
2023-10-02 00:00:00+00:00,8.08,8.16,7.8,7.84,20000293,159402335.21
2023-10-03 00:00:00+00:00,7.71,7.75,7.18,7.28,36674944,274328581.12
2023-10-04 00:00:00+00:00,7.41,7.49,7.14,7.47,23978913,176904430.6575
2023-10-05 00:00:00+00:00,7.42,7.71,7.3,7.65,17072922,128388373.44
2023-10-06 00:00:00+00:00,7.51,8.03,7.5,7.99,23371296,181302828.72
2023-10-09 00:00:00+00:00,7.78,8.2,7.77,8.18,17191921,137234509.3825
2023-10-10 00:00:00+00:00,8.25,8.53,8.21,8.36,20874241,174038984.3375
2023-10-11 00:00:00+00:00,8.45,8.725,8.45,8.59,22512705,192568050.39374998
2023-10-12 00:00:00+00:00,8.64,8.665,8.28,8.39,22155442,188182785.4875
2023-10-13 00:00:00+00:00,8.44,8.475,8.065,8.12,22047269,182441150.97499996
2023-10-16 00:00:00+00:00,8.24,8.35,8.08,8.25,16675229,137237134.67000002
2023-10-17 00:00:00+00:00,8.1,8.36,8.08,8.25,18473635,151437622.9125
2023-10-18 00:00:00+00:00,8.19,8.26,7.69,7.77,26281257,209658727.7175
2023-10-19 00:00:00+00:00,7.75,7.98,7.59,7.63,26767664,207114800.2
2023-10-20 00:00:00+00:00,7.55,7.68,7.32,7.37,27271692,203992256.16000003
2023-10-23 00:00:00+00:00,7.28,7.5,6.97,7.26,29748043,215747681.8575
2023-10-24 00:00:00+00:00,7.4,7.575,7.26,7.38,23335868,172772932.70499998
2023-10-25 00:00:00+00:00,7.24,7.27,7.02,7.08,31058482,222145792.505
2023-10-26 00:00:00+00:00,7.04,7.17,6.795,6.9,47046902,328210950.0775
2023-10-27 00:00:00+00:00,7.07,7.08,6.85,6.87,45332086,315851309.205
2023-10-30 00:00:00+00:00,7.6,7.88,6.68,6.94,125927203,916120401.825
2023-10-31 00:00:00+00:00,7.04,7.57,7.03,7.55,63310357,462007330.20750004
2023-11-01 00:00:00+00:00,7.64,7.75,7.35,7.58,42359692,321086465.36
2023-11-02 00:00:00+00:00,7.9,8.2,7.88,8.17,45933853,369193343.4875
2023-11-03 00:00:00+00:00,8.28,8.48,8.0,8.01,41604109,340841662.98249996
2023-11-06 00:00:00+00:00,8.05,8.06,7.37,7.49,46262073,358184100.2025
2023-11-07 00:00:00+00:00,7.5,7.6,7.33,7.42,34068130,254233420.125
2023-11-08 00:00:00+00:00,7.38,7.395,7.12,7.31,28150796,205535999.295
2023-11-09 00:00:00+00:00,7.31,7.31,6.57,6.85,86607353,607117544.53
2023-11-10 00:00:00+00:00,6.92,6.95,6.74,6.94,29599972,203869807.15
2023-11-13 00:00:00+00:00,6.85,7.11,6.72,7.04,33982496,235498697.28
2023-11-14 00:00:00+00:00,7.39,7.53,7.22,7.48,38408694,284416379.07
2023-11-15 00:00:00+00:00,7.39,7.5,7.22,7.37,40095877,295506613.49
2023-11-16 00:00:00+00:00,7.28,7.29,6.631,6.71,73603103,513584051.95825005
2023-11-17 00:00:00+00:00,6.8,6.88,6.65,6.83,30884289,209704322.30999997
2023-11-20 00:00:00+00:00,6.77,6.78,6.56,6.615,44741075,298926307.34375
2023-11-21 00:00:00+00:00,6.54,6.725,6.41,6.72,46170173,304665429.08375
2023-11-22 00:00:00+00:00,6.8,7.03,6.71,6.9,36625973,251254174.77999997
2023-11-24 00:00:00+00:00,6.9,6.9498,6.79,6.86,13457611,92520402.74445
2023-11-27 00:00:00+00:00,6.87,7.2,6.86,7.03,40258598,281407600.02
2023-11-28 00:00:00+00:00,7.04,7.35,7.0,7.34,36138286,259563239.195
2023-11-29 00:00:00+00:00,7.44,7.73,7.31,7.35,45648254,340421854.205
2023-11-30 00:00:00+00:00,7.39,7.4,7.1,7.29,41877882,305499149.19
2023-12-01 00:00:00+00:00,7.26,7.93,7.17,7.83,68877808,519855255.87999994
2023-12-04 00:00:00+00:00,7.71,8.25,7.65,7.96,45245644,357101245.27
2023-12-05 00:00:00+00:00,7.89,8.03,7.75,7.99,30468390,241157306.84999996
2023-12-06 00:00:00+00:00,8.14,8.45,7.86,7.89,51458652,416043201.41999996
2023-12-07 00:00:00+00:00,7.98,8.14,7.88,7.96,30489160,243608388.4
2023-12-08 00:00:00+00:00,7.95,8.22,7.88,8.13,34626639,278571310.755
2023-12-11 00:00:00+00:00,8.12,8.27,8.0,8.07,24365629,197727079.335
2023-12-12 00:00:00+00:00,8.07,8.095,7.825,7.95,26087082,208305349.76999998
2023-12-13 00:00:00+00:00,7.98,8.96,7.84,8.94,75424737,635830532.91
2023-12-14 00:00:00+00:00,9.11,9.84,9.09,9.47,92753877,869799481.5675
2023-12-15 00:00:00+00:00,9.53,9.57,9.14,9.35,52727278,495504595.00500005
2023-12-18 00:00:00+00:00,9.3,9.79,9.21,9.66,48816310,463266781.90000004
2023-12-19 00:00:00+00:00,9.78,9.995,9.66,9.94,51836685,510267367.96875
2023-12-20 00:00:00+00:00,9.91,10.16,9.23,9.31,75814690,731801295.225
2023-12-21 00:00:00+00:00,9.53,9.67,9.39,9.64,41803018,399532344.535
2023-12-22 00:00:00+00:00,9.77,9.88,9.585,9.71,29139360,283708093.8
2023-12-26 00:00:00+00:00,9.83,9.99,9.745,9.96,26013722,257048090.5125
2023-12-27 00:00:00+00:00,10.01,10.49,10.0,10.32,44253666,451608661.53000003
2023-12-28 00:00:00+00:00,10.28,10.39,10.185,10.28,26416410,271659756.33750004
2023-12-29 00:00:00+00:00,10.25,10.2988,9.81,9.95,38251055,385463531.44600004
2024-01-02 00:00:00+00:00,9.71,9.815,9.52,9.65,38035001,367941090.92375
2024-01-03 00:00:00+00:00,8.91,9.03,8.28,8.31,82970738,716244895.785
2024-01-04 00:00:00+00:00,8.35,8.585,8.17,8.42,37398920,313449698.25000006
2024-01-05 00:00:00+00:00,8.27,8.5,8.16,8.22,39717978,329162742.675
2024-01-08 00:00:00+00:00,8.25,8.62,8.23,8.53,32042229,269395040.31749994
2024-01-09 00:00:00+00:00,8.4,8.52,8.28,8.32,26168172,219289281.36
2024-01-10 00:00:00+00:00,8.33,8.6,8.1401,8.48,39487230,331200128.80575
2024-01-11 00:00:00+00:00,8.41,8.4299,8.06,8.17,46166644,381681575.1039001
2024-01-12 00:00:00+00:00,8.17,8.3,7.81,7.89,49259940,396173067.4499999
2024-01-16 00:00:00+00:00,7.77,7.85,7.61,7.72,38223298,295752768.275
2024-01-17 00:00:00+00:00,7.53,7.58,7.37,7.53,41129905,308577112.2625
2024-01-18 00:00:00+00:00,7.62,7.63,7.23,7.41,47079909,351804620.0025
2024-01-19 00:00:00+00:00,7.45,7.5,7.21,7.49,40056300,296917323.75
2024-01-22 00:00:00+00:00,7.83,8.33,7.72,7.92,69046678,548921090.0999999
2024-01-23 00:00:00+00:00,8.1,8.14,7.73,7.75,45600699,361613543.07000005
2024-01-24 00:00:00+00:00,7.89,7.9399,7.53,7.56,41431031,320260833.854225
2024-01-25 00:00:00+00:00,7.66,7.75,7.55,7.65,49509395,378870645.2375
2024-01-26 00:00:00+00:00,7.69,7.83,7.52,7.62,72565954,556218037.41
2024-01-29 00:00:00+00:00,8.82,9.45,8.62,9.16,286380920,2581008041.5
2024-01-30 00:00:00+00:00,9.03,9.4,8.38,8.4,119355972,1050630943.53
2024-01-31 00:00:00+00:00,8.09,8.34,7.81,7.83,110241357,883860079.7475001
2024-02-01 00:00:00+00:00,7.93,7.96,7.57,7.73,76525399,596706798.7025
2024-02-02 00:00:00+00:00,7.58,7.95,7.47,7.88,53319062,411623158.64
2024-02-05 00:00:00+00:00,7.7,7.76,7.45,7.58,42003023,320168042.8175
2024-02-06 00:00:00+00:00,7.59,7.88,7.53,7.8,44063696,339290459.2
2024-02-07 00:00:00+00:00,7.82,7.83,7.57,7.66,37544859,289846311.48
2024-02-08 00:00:00+00:00,7.7,8.14,7.66,8.08,49560547,391280518.565
2024-02-09 00:00:00+00:00,8.185,8.35,8.08,8.13,40417525,330867964.03125006
2024-02-12 00:00:00+00:00,8.12,8.5,8.105,8.33,44804071,370249641.72625
2024-02-13 00:00:00+00:00,7.84,8.205,7.78,8.01,62894354,500560439.89750004
2024-02-14 00:00:00+00:00,8.15,8.43,8.1,8.42,44248038,366152514.45
2024-02-15 00:00:00+00:00,8.5,8.55,8.34,8.53,40691510,345064004.8
2024-02-16 00:00:00+00:00,8.44,8.58,8.27,8.37,50370019,423863709.88499993
2024-02-20 00:00:00+00:00,8.29,8.52,8.21,8.51,39814877,333748206.4525
2024-02-21 00:00:00+00:00,8.34,8.35,8.1,8.11,39260234,322915424.65
2024-02-22 00:00:00+00:00,8.24,8.35,8.14,8.15,30401153,249897477.66000003
2024-02-23 00:00:00+00:00,8.17,8.37,8.11,8.17,27447556,225207196.98
2024-02-26 00:00:00+00:00,8.19,8.69,8.165,8.54,46576104,391064613.2099999
2024-02-27 00:00:00+00:00,8.75,9.17,8.7,9.15,66939342,598605065.835
2024-02-28 00:00:00+00:00,9.04,9.18,8.83,8.86,42120676,378138368.78999996
2024-02-29 00:00:00+00:00,9.07,9.1392,8.82,8.98,29742248,267748639.17040005
2024-03-01 00:00:00+00:00,8.99,9.04,8.77,8.99,26375293,235992934.1175
2024-03-04 00:00:00+00:00,9.05,9.13,8.57,8.57,35426418,312815270.94
2024-03-05 00:00:00+00:00,8.07,8.2,7.26,7.265,187827902,1446040060.5225
2024-03-06 00:00:00+00:00,7.37,7.62,7.05,7.4,131025346,964346546.56
2024-03-07 00:00:00+00:00,7.5,7.5791,7.18,7.48,83323436,619490998.8869001
2024-03-08 00:00:00+00:00,7.52,7.83,7.47,7.71,76914761,587051913.3325
2024-03-11 00:00:00+00:00,7.805,7.95,7.61,7.68,59023016,458092382.92999995
2024-03-12 00:00:00+00:00,7.68,7.69,7.38,7.48,49576482,374674262.71500003
2024-03-13 00:00:00+00:00,7.43,7.56,7.36,7.38,42118295,313044227.5875
2024-03-14 00:00:00+00:00,7.33,7.3499,6.99,7.05,69575137,499547744.28157496
2024-03-15 00:00:00+00:00,7.03,7.05,6.91,7.03,52914277,370664510.38500005
2024-03-18 00:00:00+00:00,7.065,7.11,6.86,7.08,47168391,331534828.24125004
2024-03-19 00:00:00+00:00,6.92,7.03,6.815,6.92,50478953,349377453.45125
2024-03-20 00:00:00+00:00,6.925,7.37,6.87,7.36,61455098,438251667.61249995
2024-03-21 00:00:00+00:00,7.55,7.57,7.36,7.44,56091852,419567052.96000004
2024-03-22 00:00:00+00:00,7.32,7.4085,7.24,7.3,23292610,170434938.94625
2024-03-25 00:00:00+00:00,7.28,7.5965,7.25,7.45,27430934,202827754.86275
2024-03-26 00:00:00+00:00,7.35,7.46,7.165,7.2,39576569,288661600.14374995
2024-03-27 00:00:00+00:00,7.28,7.37,7.17,7.36,34738786,253419443.87
2024-03-28 00:00:00+00:00,7.33,7.47,7.29,7.3,30108132,221219499.87
2024-04-01 00:00:00+00:00,7.31,7.34,7.12,7.22,31681880,229614425.29999998
2024-04-02 00:00:00+00:00,7.05,7.22,6.97,7.2,29678761,211015990.70999998
2024-04-03 00:00:00+00:00,7.31,7.58,7.23,7.54,50638570,375484996.55
2024-04-04 00:00:00+00:00,7.65,7.71,7.27,7.31,49594112,371211928.32
2024-04-05 00:00:00+00:00,7.3,7.46,7.25,7.4,29257911,215118790.62749997
2024-04-08 00:00:00+00:00,7.51,7.77,7.5,7.76,56858152,434111990.52
2024-04-09 00:00:00+00:00,7.82,7.94,7.73,7.89,46553984,365216004.48
2024-04-10 00:00:00+00:00,7.65,7.8,7.4802,7.56,53826071,410291917.50105
2024-04-11 00:00:00+00:00,7.57,7.64,7.43,7.64,28651658,216893051.06
2024-04-12 00:00:00+00:00,7.56,7.6,7.3,7.33,36704142,273354097.545
2024-04-15 00:00:00+00:00,7.33,7.42,7.08,7.1225,33759430,244354974.26874998
2024-04-16 00:00:00+00:00,7.045,7.285,6.97,7.2,34200478,243678405.75
2024-04-17 00:00:00+00:00,7.23,7.34,7.12,7.16,29625583,213674517.38750002
2024-04-18 00:00:00+00:00,7.16,7.38,7.07,7.13,34419077,247301068.24499997
2024-04-19 00:00:00+00:00,7.08,7.28,7.05,7.11,36870029,262883306.77
2024-04-22 00:00:00+00:00,7.17,7.29,7.105,7.25,31327419,225674894.62125
2024-04-23 00:00:00+00:00,7.24,7.59,7.22,7.58,40321465,298681251.9875
2024-04-24 00:00:00+00:00,7.605,7.68,7.46,7.6,39726804,301377466.84499997
2024-04-25 00:00:00+00:00,7.42,7.6,7.26,7.59,47658775,355891902.3125
2024-04-26 00:00:00+00:00,7.698,7.9,7.58,7.87,88630965,687953550.33
2024-04-29 00:00:00+00:00,7.37,7.45,7.0,7.04,149660202,1079798357.43
2024-04-30 00:00:00+00:00,6.88,6.89,6.61,6.78,78411585,532414662.15
2024-05-01 00:00:00+00:00,6.7,7.18,6.65,6.92,68347682,469035967.725
2024-05-02 00:00:00+00:00,7.03,7.11,6.8603,6.99,45473407,318203575.98802495
2024-05-03 00:00:00+00:00,7.13,7.24,6.88,6.96,56617990,399298374.475
2024-05-06 00:00:00+00:00,7.055,7.27,7.03,7.16,50016583,356555716.06125003
2024-05-07 00:00:00+00:00,7.12,7.19,7.03,7.06,31025582,220281632.2
2024-05-08 00:00:00+00:00,6.98,7.085,6.9298,7.05,29637553,207794811.5936
2024-05-09 00:00:00+00:00,7.08,7.13,6.99,7.06,22463501,158704634.565
2024-05-10 00:00:00+00:00,7.05,7.09,6.92,6.94,29080764,203565348.00000003
2024-05-13 00:00:00+00:00,7.03,7.32,7.0,7.11,55263991,393203295.96500003
2024-05-14 00:00:00+00:00,7.21,7.64,7.2,7.47,74991926,553440413.88
2024-05-15 00:00:00+00:00,7.63,7.63,7.21,7.27,35185386,261603344.91
2024-05-16 00:00:00+00:00,7.23,7.3,7.11,7.12,28904975,207826770.25
2024-05-17 00:00:00+00:00,7.15,7.42,7.12,7.28,36606010,265119027.425
2024-05-20 00:00:00+00:00,7.25,7.29,7.17,7.19,20605837,148877172.32500002
2024-05-21 00:00:00+00:00,7.15,7.2,7.05,7.08,24500732,174445211.84000003
2024-05-22 00:00:00+00:00,7.06,7.14,6.97,7.02,28018418,197459800.855
2024-05-23 00:00:00+00:00,7.04,7.0696,6.77,6.83,53003945,367179528.593
2024-05-24 00:00:00+00:00,6.87,7.0,6.87,6.92,21665889,149819622.43500003
2024-05-28 00:00:00+00:00,6.99,7.05,6.87,6.89,31435871,218479303.45000002
2024-05-29 00:00:00+00:00,6.78,6.85,6.685,6.85,26240367,178204892.38875
2024-05-30 00:00:00+00:00,6.84,6.93,6.81,6.905,21911384,150558597.31
2024-05-31 00:00:00+00:00,6.95,6.9895,6.76,6.9,28216946,194693400.28175
2024-06-03 00:00:00+00:00,6.97,6.99,6.75,6.77,31596695,217069294.65
2024-06-04 00:00:00+00:00,6.75,6.86,6.71,6.71,27546410,186144865.57500002
2024-06-05 00:00:00+00:00,6.77,6.94,6.72,6.91,32061469,219140140.615
2024-06-06 00:00:00+00:00,6.9,7.09,6.84,7.08,26131014,182329150.18499997
2024-06-07 00:00:00+00:00,6.92,7.05,6.865,6.9832,26082307,181390708.14685002
2024-06-10 00:00:00+00:00,6.9,7.07,6.88,7.03,20847992,145310504.24
2024-06-11 00:00:00+00:00,7.0,7.0384,6.9,7.0,20066558,140156881.0068
2024-06-12 00:00:00+00:00,7.17,7.4277,7.05,7.07,57027262,409422950.48435
2024-06-13 00:00:00+00:00,7.1,7.13,6.77,6.8,51888311,360623761.45
2024-06-14 00:00:00+00:00,6.71,6.765,6.43,6.46,75531405,497846373.20625
2024-06-17 00:00:00+00:00,6.46,6.4897,6.3,6.46,45193317,290476655.51872504
2024-06-18 00:00:00+00:00,6.46,6.6,6.39,6.42,28420218,183807759.915
2024-06-20 00:00:00+00:00,6.42,6.45,6.26,6.32,31396869,199762579.01250002
2024-06-21 00:00:00+00:00,6.3,6.35,6.2,6.32,34537249,217325639.33249998
2024-06-24 00:00:00+00:00,6.32,6.57,6.3,6.54,32286939,207685735.1175
2024-06-25 00:00:00+00:00,6.54,6.54,6.41,6.45,19627212,127282469.82000001
2024-06-26 00:00:00+00:00,6.4,6.48,6.36,6.46,18400195,118221252.87500001
2024-06-27 00:00:00+00:00,6.41,6.54,6.36,6.54,18808011,121546771.08749999
2024-06-28 00:00:00+00:00,6.6,6.65,6.53,6.61,30002049,197938518.2775
2024-07-01 00:00:00+00:00,6.6,6.67,6.415,6.43,30828129,201269147.20874998
2024-07-02 00:00:00+00:00,6.43,6.48,6.29,6.45,26977368,172992372.29999998
2024-07-03 00:00:00+00:00,6.48,6.55,6.415,6.52,15364303,99733531.84875
2024-07-05 00:00:00+00:00,6.48,6.51,6.38,6.47,15639660,101032203.6
2024-07-08 00:00:00+00:00,6.485,6.53,6.35,6.35,22763728,146342316.38000003
2024-07-09 00:00:00+00:00,6.35,6.38,6.15,6.38,40564828,256166888.82000002
2024-07-10 00:00:00+00:00,6.42,6.62,6.32,6.57,37482305,242979042.1625
2024-07-11 00:00:00+00:00,6.8,6.93,6.68,6.77,46656277,317029402.215
2024-07-12 00:00:00+00:00,6.89,7.0,6.81,6.97,37128344,256835319.61999997
2024-07-15 00:00:00+00:00,7.06,7.43,7.01,7.33,57035736,411085067.21999997
2024-07-16 00:00:00+00:00,7.44,7.82,7.345,7.75,63079536,478694828.82
2024-07-17 00:00:00+00:00,7.572,7.91,7.572,7.84,65800505,508210200.36749995
2024-07-18 00:00:00+00:00,7.87,8.06,7.49,7.53,56454345,436815494.43750006
2024-07-19 00:00:00+00:00,7.5,7.61,7.31,7.47,33123268,247513620.12999997
2024-07-22 00:00:00+00:00,7.59,7.6399,7.33,7.54,38964561,293207347.410975
2024-07-23 00:00:00+00:00,7.5,7.66,7.42,7.43,23486310,176206040.77499998
2024-07-24 00:00:00+00:00,7.33,7.5,7.09,7.1,34636123,251285072.36500004
2024-07-25 00:00:00+00:00,7.0,7.41,7.0,7.27,35574208,255067071.35999998
2024-07-26 00:00:00+00:00,7.48,7.5,7.29,7.41,29482394,218759363.48
2024-07-29 00:00:00+00:00,7.46,7.52,7.23,7.33,65272596,482038121.46
2024-07-30 00:00:00+00:00,7.58,7.95,7.1,7.42,90519348,680026601.8500001
2024-07-31 00:00:00+00:00,7.48,7.83,7.26,7.54,66168200,498081125.5
2024-08-01 00:00:00+00:00,7.57,7.66,7.07,7.16,50282641,370331650.96500003
2024-08-02 00:00:00+00:00,6.9,6.95,6.59,6.65,63300907,428705392.6575
2024-08-05 00:00:00+00:00,6.03,6.79,6.01,6.54,65657369,416431862.88249993
2024-08-06 00:00:00+00:00,6.62,6.62,6.3901,6.43,41670336,271483280.7984
2024-08-07 00:00:00+00:00,6.6,6.75,6.31,6.32,32106723,208533165.885
2024-08-08 00:00:00+00:00,6.46,6.71,6.41,6.64,27594767,180883697.685
2024-08-09 00:00:00+00:00,6.62,6.73,6.55,6.64,19048609,126387520.71500002
2024-08-12 00:00:00+00:00,6.62,6.67,6.47,6.48,26316830,172638404.79999998
2024-08-13 00:00:00+00:00,6.5,6.65,6.49,6.64,26015023,170918701.11
2024-08-14 00:00:00+00:00,6.75,6.78,6.56,6.61,22578398,150710806.65
2024-08-15 00:00:00+00:00,6.74,6.96,6.69,6.91,36188885,246989140.125
2024-08-16 00:00:00+00:00,6.9,7.08,6.89,7.0,24474919,170528998.1325
2024-08-19 00:00:00+00:00,7.11,7.5,7.09,7.46,51562156,375888117.24
2024-08-20 00:00:00+00:00,7.39,7.515,7.28,7.37,42987573,317624430.00375
2024-08-21 00:00:00+00:00,7.4,7.4351,7.13,7.3,38849717,284235213.244175
2024-08-22 00:00:00+00:00,7.32,7.34,7.18,7.19,29843227,216587219.95250002
2024-08-23 00:00:00+00:00,7.21,7.56,7.185,7.52,52448438,386479427.5125
2024-08-26 00:00:00+00:00,7.61,7.79,7.5503,7.67,31511436,241222405.9377
2024-08-27 00:00:00+00:00,7.58,7.89,7.54,7.77,27703678,213179802.20999998
2024-08-28 00:00:00+00:00,7.7,7.73,7.4,7.49,33583076,254559716.08
2024-08-29 00:00:00+00:00,7.65,8.3,7.64,8.03,84954499,671565314.5949999
2024-08-30 00:00:00+00:00,8.11,8.23,7.81,7.99,40858722,328299831.27
2024-09-03 00:00:00+00:00,7.89,7.9199,7.48,7.53,43359244,334081891.0389
2024-09-04 00:00:00+00:00,7.41,7.76,7.41,7.48,34795214,261486033.20999998
2024-09-05 00:00:00+00:00,7.55,7.64,7.24,7.26,37429487,277820367.2575
2024-09-06 00:00:00+00:00,7.29,7.4,6.92,7.01,46372027,331791853.18499994
2024-09-09 00:00:00+00:00,7.04,7.21,7.01,7.08,33004176,233834586.95999998
2024-09-10 00:00:00+00:00,7.16,7.1691,6.75,7.05,57932189,407395084.399975
2024-09-11 00:00:00+00:00,7.02,7.35,6.9501,7.31,42877801,306898932.602525
2024-09-12 00:00:00+00:00,7.29,7.51,7.24,7.46,39131929,288597976.375
2024-09-13 00:00:00+00:00,7.52,7.74,7.52,7.74,45043875,343684766.25000006
2024-09-16 00:00:00+00:00,7.74,8.08,7.63,8.06,44920354,353860088.635
2024-09-17 00:00:00+00:00,8.2,8.28,8.06,8.12,49071838,400671557.27
2024-09-18 00:00:00+00:00,8.1,8.53,8.04,8.11,63736848,522323469.36
2024-09-19 00:00:00+00:00,8.44,8.46,8.13,8.19,58745554,487881825.96999997
2024-09-20 00:00:00+00:00,8.135,8.22,8.01,8.05,36453863,295412992.28625005
2024-09-23 00:00:00+00:00,8.12,8.13,7.91,7.92,31399960,251827679.2
2024-09-24 00:00:00+00:00,7.96,7.97,7.58,7.83,47198613,369801132.85499996
2024-09-25 00:00:00+00:00,7.85,7.88,7.71,7.73,26123115,203564373.63750002
2024-09-26 00:00:00+00:00,7.83,7.87,7.68,7.76,27429422,213538050.27
2024-09-27 00:00:00+00:00,7.82,8.095,7.82,7.95,33376696,264385153.19
2024-09-30 00:00:00+00:00,7.9,8.07,7.81,7.86,28440030,224960637.3
2024-10-01 00:00:00+00:00,7.88,7.9,7.6125,7.63,34573654,268140295.30375
2024-10-02 00:00:00+00:00,7.6,7.83,7.57,7.79,27871219,214538708.2525
2024-10-03 00:00:00+00:00,7.75,7.86,7.654,7.83,28728989,223324795.99150002
2024-10-04 00:00:00+00:00,8.03,8.405,7.9,8.39,58166244,475872583.725
2024-10-07 00:00:00+00:00,8.36,8.52,8.16,8.27,40480647,337102587.89250004
2024-10-08 00:00:00+00:00,8.32,8.6,8.255,8.41,40451847,339643820.3737501
2024-10-09 00:00:00+00:00,8.41,8.66,8.3,8.59,32950114,279746467.86
2024-10-10 00:00:00+00:00,8.51,8.76,8.4605,8.63,46015048,395275014.20100003
2024-10-11 00:00:00+00:00,8.65,9.07,8.63,9.01,42833262,378646036.08
2024-10-14 00:00:00+00:00,9.62,10.07,9.375,10.04,116449940,1138443725.925
2024-10-15 00:00:00+00:00,10.16,10.49,10.03,10.18,87195410,890701113.15
2024-10-16 00:00:00+00:00,10.23,10.325,9.91,10.04,48044999,486515671.12375
2024-10-17 00:00:00+00:00,10.01,10.03,9.62,9.87,50293893,497029397.57249993
2024-10-18 00:00:00+00:00,9.91,10.18,9.8813,10.18,31400300,315190716.34749997
2024-10-21 00:00:00+00:00,10.26,10.54,10.19,10.4,50814314,525801114.1149999
2024-10-22 00:00:00+00:00,10.32,10.62,10.32,10.58,36501749,381808294.53999996
2024-10-23 00:00:00+00:00,10.55,10.65,10.175,10.42,38130439,398415424.50125
2024-10-24 00:00:00+00:00,10.91,11.3,10.78,10.93,72141305,792111528.9
2024-10-25 00:00:00+00:00,11.21,11.34,10.89,10.99,58331288,647914781.46
2024-10-28 00:00:00+00:00,11.21,11.315,11.02,11.19,69753444,780105079.335
2024-10-29 00:00:00+00:00,10.75,10.8,9.77,10.47,164917905,1722979812.4875
2024-10-30 00:00:00+00:00,10.47,11.5,10.46,11.22,95149868,1038322934.55
2024-10-31 00:00:00+00:00,11.16,11.325,10.88,11.17,59129216,658329908.6400001
2024-11-01 00:00:00+00:00,11.21,11.22,10.81,11.04,41742291,462087161.37
2024-11-04 00:00:00+00:00,10.88,11.13,10.6309,10.91,41321658,449898848.84805
2024-11-05 00:00:00+00:00,10.96,11.55,10.95,11.42,53857819,604284729.1800001
2024-11-06 00:00:00+00:00,12.07,12.195,11.63,11.81,63197660,753711092.575
2024-11-07 00:00:00+00:00,11.915,12.14,11.85,11.9,55627554,664818804.7425
2024-11-08 00:00:00+00:00,12.0,13.01,11.935,13.01,83464239,1042364014.81125
2024-11-11 00:00:00+00:00,13.61,14.44,13.57,14.11,106393392,1482325934.04
2024-11-12 00:00:00+00:00,13.49,14.01,13.37,13.82,61124963,835731056.6175
2024-11-13 00:00:00+00:00,13.955,14.28,13.39,13.5,55166032,760256878.5
2024-11-14 00:00:00+00:00,13.61,13.73,13.01,13.4,46251405,621503254.6875
2024-11-15 00:00:00+00:00,13.22,13.695,13.08,13.63,48186516,646000480.125
2024-11-18 00:00:00+00:00,13.8,14.3,13.7,13.93,47656478,663973879.735
2024-11-19 00:00:00+00:00,13.76,14.43,13.67,14.42,38330651,539312259.57
2024-11-20 00:00:00+00:00,14.65,14.885,14.29,14.67,45618836,667118452.955
2024-11-21 00:00:00+00:00,14.86,15.55,14.67,15.01,60802783,913409807.6175
2024-11-22 00:00:00+00:00,15.27,15.75,15.08,15.6,50055444,772105223.7
2024-11-25 00:00:00+00:00,16.088,16.0899,15.52,15.7,49778730,788966736.6667501
2024-11-26 00:00:00+00:00,15.5,15.84,15.245,15.49,38184378,592573816.0875
2024-11-27 00:00:00+00:00,15.67,16.16,15.57,16.12,48218577,765711002.76
2024-11-29 00:00:00+00:00,16.36,16.61,16.17,16.41,31524910,516614462.625
2024-12-02 00:00:00+00:00,16.49,16.61,15.74,15.91,52367861,847704749.9375
2024-12-03 00:00:00+00:00,15.89,16.15,15.62,15.88,43795796,695696219.46
2024-12-04 00:00:00+00:00,16.13,16.43,15.89,16.32,40638344,658036385.2200001
2024-12-05 00:00:00+00:00,16.01,16.2,15.62,15.65,50857038,807101193.06
2024-12-06 00:00:00+00:00,15.77,16.05,14.85,16.02,57220505,896788364.6125
2024-12-09 00:00:00+00:00,15.68,15.96,15.23,15.57,59642768,931023608.48
2024-12-10 00:00:00+00:00,15.49,16.12,15.135,15.29,49585530,769009588.3874999
2024-12-11 00:00:00+00:00,15.5,16.0,15.16,15.94,47600810,744952676.4999999
2024-12-12 00:00:00+00:00,15.92,16.48,15.73,15.9,48071031,769497028.7325
2024-12-13 00:00:00+00:00,16.04,16.36,15.79,16.25,41622262,670534640.8199999
2024-12-16 00:00:00+00:00,16.535,17.04,16.2,16.88,55457617,924131865.28375
2024-12-17 00:00:00+00:00,17.15,17.17,16.17,16.66,53985223,906276931.1125001
2024-12-18 00:00:00+00:00,16.89,17.19,14.932,15.24,76625679,1230838281.777
2024-12-19 00:00:00+00:00,15.72,15.99,14.92,15.03,44149617,680566346.0550001
2024-12-20 00:00:00+00:00,14.72,15.53,14.58,15.35,52746555,793571919.975
2024-12-23 00:00:00+00:00,15.5,15.79,15.165,15.63,34576414,536669165.7975
2024-12-24 00:00:00+00:00,15.73,16.03,15.57,16.02,15731458,249146966.075
2024-12-26 00:00:00+00:00,15.98,16.68,15.88,16.6,36916834,601190641.69
2024-12-27 00:00:00+00:00,16.39,16.465,15.78,15.98,31003009,500814856.6337501
2024-12-30 00:00:00+00:00,15.57,15.88,15.42,15.63,31035972,484937062.50000006
2024-12-31 00:00:00+00:00,15.79,15.9,15.35,15.4,29262469,456787141.09
2025-01-02 00:00:00+00:00,15.0,15.11,13.75,14.13,76412574,1107791291.565
2025-01-03 00:00:00+00:00,14.3,14.855,14.12,14.84,40925325,594593815.59375
2025-01-06 00:00:00+00:00,15.2,15.48,14.89,15.29,32859034,499950202.31
2025-01-07 00:00:00+00:00,15.31,15.6189,14.71,14.91,38956313,589690475.051425
2025-01-08 00:00:00+00:00,14.64,14.84,14.325,14.55,28712107,418873750.99625003
2025-01-10 00:00:00+00:00,14.2,14.2799,13.81,14.15,33470073,472261893.278175
2025-01-13 00:00:00+00:00,13.64,14.085,13.6,14.07,32197109,445889713.26375
2025-01-14 00:00:00+00:00,14.3,14.86,14.23,14.5,34100836,493524349.01
2025-01-15 00:00:00+00:00,15.36,15.55,14.99,15.51,38873135,596799805.0875
2025-01-16 00:00:00+00:00,15.7,16.38,15.57,16.3,43586866,696845020.1750001
2025-01-17 00:00:00+00:00,16.42,16.73,16.18,16.5,40496489,666470967.7175001
2025-01-21 00:00:00+00:00,17.0,18.1,16.89,17.9,67982565,1187825366.9625
2025-01-22 00:00:00+00:00,18.06,18.06,17.265,17.59,51349809,911138173.4437499
2025-01-23 00:00:00+00:00,17.4,18.21,17.28,18.03,43826738,777048064.74
2025-01-24 00:00:00+00:00,18.15,18.42,17.86,17.92,55232024,999009234.0999999
2025-01-27 00:00:00+00:00,15.93,16.98,15.55,16.08,107334178,1731836962.0299997
2025-01-28 00:00:00+00:00,16.12,16.25,15.22,16.17,51829116,826156109.0400001
2025-01-29 00:00:00+00:00,16.1,16.34,15.76,15.99,41382730,664089359.675
2025-01-30 00:00:00+00:00,16.25,16.67,16.11,16.44,35552175,581900224.3125
2025-01-31 00:00:00+00:00,16.44,16.57,15.59,15.78,48036634,773149624.2300001
2025-02-03 00:00:00+00:00,14.98,15.77,14.89,15.4,42781912,652851977.12
2025-02-04 00:00:00+00:00,15.49,15.62,15.2,15.29,29013192,446803156.8
2025-02-05 00:00:00+00:00,15.24,15.56,15.2201,15.49,27793214,427390843.11535
2025-02-06 00:00:00+00:00,15.53,15.55,14.68,14.8,46886868,709867181.52
2025-02-07 00:00:00+00:00,14.9,15.28,14.83,14.91,32161415,481777996.7
2025-02-10 00:00:00+00:00,15.03,15.4,15.0,15.13,30509885,461919658.90000004
2025-02-11 00:00:00+00:00,14.99,15.25,14.79,14.83,30455228,455762487.02
2025-02-12 00:00:00+00:00,14.58,14.85,14.42,14.77,33663622,493340380.41
2025-02-13 00:00:00+00:00,14.96,15.355,14.775,15.19,36477826,549720837.82
2025-02-14 00:00:00+00:00,15.41,16.42,15.24,16.21,63312396,1001602104.72
2025-02-18 00:00:00+00:00,16.47,17.11,16.43,16.83,53815035,899249234.85
2025-02-19 00:00:00+00:00,16.765,16.81,16.1,16.18,35555682,585379859.5275
2025-02-20 00:00:00+00:00,16.01,16.08,15.0629,15.56,51063554,800585888.9116501
2025-02-21 00:00:00+00:00,15.56,15.56,14.58,14.67,54725322,825941922.2850001
2025-02-24 00:00:00+00:00,14.8,14.8167,13.81,14.36,52266104,755071418.0042001
2025-02-25 00:00:00+00:00,14.11,14.27,13.42,13.92,63198048,880348808.64
2025-02-26 00:00:00+00:00,14.18,14.735,14.135,14.47,51466994,740095373.7199999
2025-02-27 00:00:00+00:00,14.73,14.74,14.0,14.07,41470268,596549805.18
2025-02-28 00:00:00+00:00,13.8,14.54,13.73,14.47,38926357,550224056.1949999
2025-03-03 00:00:00+00:00,14.65,14.905,13.44,13.57,58992163,834222925.02375
2025-03-04 00:00:00+00:00,13.0,13.57,12.235,13.09,77982773,1011729001.2087499
2025-03-05 00:00:00+00:00,13.12,13.49,12.84,13.43,41038021,542522637.62
2025-03-06 00:00:00+00:00,13.0,13.25,12.41,12.45,49835766,636776500.0649999
2025-03-07 00:00:00+00:00,12.32,12.64,11.82,12.59,52630310,649589601.1750001
2025-03-10 00:00:00+00:00,12.07,12.17,10.93,11.18,71705228,830884329.45
2025-03-11 00:00:00+00:00,11.06,11.4967,10.8503,11.26,54907858,613142323.3215
2025-03-12 00:00:00+00:00,11.86,12.12,11.44,11.92,54143684,640790500.14
2025-03-13 00:00:00+00:00,12.0,12.09,11.31,11.39,38157650,446349110.875
2025-03-14 00:00:00+00:00,11.69,12.12,11.61,12.09,37484498,445222124.99500006
2025-03-17 00:00:00+00:00,12.08,12.47,11.96,12.32,45612572,556815472.69
2025-03-18 00:00:00+00:00,12.1,12.14,11.79,11.95,36336067,435851123.665
2025-03-19 00:00:00+00:00,12.0,12.91,11.96,12.73,46771921,579971820.4000001
2025-03-20 00:00:00+00:00,12.64,12.94,12.49,12.64,40485928,513260352.22
2025-03-21 00:00:00+00:00,12.41,12.91,12.37,12.87,40043913,506155060.31999993
2025-03-24 00:00:00+00:00,13.3,13.76,13.14,13.72,58817616,792861463.6800001
2025-03-25 00:00:00+00:00,13.73,13.9,13.445,13.54,35685489,487240745.43375003
2025-03-26 00:00:00+00:00,13.53,13.5479,12.925,13.07,48788698,647339422.52105
2025-03-27 00:00:00+00:00,12.61,12.7,12.03,12.2,58870948,729116690.9799999
2025-03-28 00:00:00+00:00,12.025,12.245,11.69,11.85,51302434,613192342.385
2025-03-31 00:00:00+00:00,11.315,11.74,10.98,11.63,62839224,717388290.99
2025-04-01 00:00:00+00:00,11.59,12.16,11.48,11.91,48664115,573506595.275
2025-04-02 00:00:00+00:00,11.55,12.499,11.55,12.31,55622191,666200887.1547501
2025-04-03 00:00:00+00:00,11.14,11.416,10.56,10.64,73382340,802729417.26
2025-04-04 00:00:00+00:00,9.98,10.2199,8.88,9.57,89686019,866588916.4370251
2025-04-07 00:00:00+00:00,8.74,10.645,8.6,9.86,92561346,875746034.8425
2025-04-08 00:00:00+00:00,10.49,10.58,9.24,9.5,67136171,668172741.8775
2025-04-09 00:00:00+00:00,9.4,11.6491,9.31,11.39,94205908,983252968.4207002
2025-04-10 00:00:00+00:00,10.94,11.01,10.16,10.52,55996903,596786993.7225
2025-04-11 00:00:00+00:00,10.48,10.73,10.07,10.71,42788050,449167554.875
2025-04-14 00:00:00+00:00,11.12,11.2,10.5112,10.82,47271787,515867557.1736
2025-04-15 00:00:00+00:00,10.82,11.05,10.72,10.94,38606008,420129882.06
2025-04-16 00:00:00+00:00,10.72,10.9,10.41,10.66,39224315,418621501.8375
2025-04-17 00:00:00+00:00,10.68,11.045,10.59,10.98,46860958,507211294.15250003
2025-04-21 00:00:00+00:00,10.93,11.15,10.4901,10.69,54164850,585794206.8712499
2025-04-22 00:00:00+00:00,10.87,11.43,10.805,11.27,52908924,586958375.625
2025-04-23 00:00:00+00:00,12.02,12.35,11.64,11.74,56643441,676181076.9375
2025-04-24 00:00:00+00:00,11.8,12.3599,11.7601,12.31,61837687,745607911.0025
2025-04-25 00:00:00+00:00,12.5,13.05,12.4,12.88,70647859,897757668.2425001
2025-04-28 00:00:00+00:00,13.24,13.38,12.77,13.2,95228436,1252015862.3100002
2025-04-29 00:00:00+00:00,14.13,14.505,13.23,13.27,171099269,2358389549.07875
2025-04-30 00:00:00+00:00,12.785,12.82,12.05,12.51,86413339,1083731287.7337499
2025-05-01 00:00:00+00:00,12.84,12.92,12.46,12.51,70285299,891393304.5675
2025-05-02 00:00:00+00:00,12.685,12.93,12.58,12.7,50789329,646230724.86375
2025-05-05 00:00:00+00:00,12.48,13.05,12.43,12.86,51937942,659871553.11
2025-05-06 00:00:00+00:00,12.57,12.83,12.435,12.73,40465249,511531328.92125
2025-05-07 00:00:00+00:00,12.7,13.28,12.56,13.01,51163050,659363806.875
2025-05-08 00:00:00+00:00,13.319,13.47,13.1,13.26,52579778,698640655.2305
2025-05-09 00:00:00+00:00,13.3,13.465,12.87,13.18,53261982,703257894.8325
2025-05-12 00:00:00+00:00,14.04,14.2,13.68,14.04,74278211,1039152171.89
2025-05-13 00:00:00+00:00,14.24,14.46,14.05,14.29,70382935,1003660653.1
2025-05-14 00:00:00+00:00,14.44,14.78,13.94,14.03,77903712,1113828322.32
2025-05-15 00:00:00+00:00,13.91,13.95,13.33,13.57,66129779,905316674.51
2025-05-16 00:00:00+00:00,13.7,13.97,13.56,13.92,58250789,803132753.3375001
2025-05-19 00:00:00+00:00,13.395,13.86,13.36,13.73,57180030,776862182.5875
2025-05-20 00:00:00+00:00,13.66,13.66,13.225,13.27,54429645,732282836.4187499
2025-05-21 00:00:00+00:00,13.08,13.32,12.74,12.8,71853726,933020632.11
2025-05-22 00:00:00+00:00,12.8,13.28,12.78,13.19,56734681,738260036.5124999
2025-05-23 00:00:00+00:00,12.8,13.21,12.745,13.09,44155340,572308400.5749999
2025-05-27 00:00:00+00:00,13.41,13.48,13.0912,13.39,46060195,614571969.8460001
2025-05-28 00:00:00+00:00,13.39,13.43,13.13,13.32,56644956,754369201.5300001
2025-05-29 00:00:00+00:00,13.5,13.6001,13.07,13.17,50331473,671171450.741825
2025-05-30 00:00:00+00:00,13.07,13.32,12.86,13.3,60735669,797914851.4875
2025-06-02 00:00:00+00:00,13.28,13.69,13.09,13.67,53500261,718642255.8825
2025-06-03 00:00:00+00:00,13.71,13.825,13.4901,13.66,54104405,739676199.4663751
2025-06-04 00:00:00+00:00,13.67,13.6892,13.23,13.46,54412385,735236469.8355001
2025-06-05 00:00:00+00:00,13.48,14.32,13.46,13.67,70855385,973021574.5125002
2025-06-06 00:00:00+00:00,14.0,14.49,13.93,14.24,63286706,896456190.49
2025-06-09 00:00:00+00:00,14.385,14.43,13.97,14.1,62639273,890808761.15125
2025-06-10 00:00:00+00:00,14.17,14.48,13.96,14.39,57460283,818809032.75
2025-06-11 00:00:00+00:00,14.52,15.17,14.49,15.06,79569787,1178428545.47
2025-06-12 00:00:00+00:00,14.87,15.2,14.66,14.9,78524736,1170607501.92
2025-06-13 00:00:00+00:00,14.39,14.71,13.97,14.09,76753109,1096801927.61
2025-06-16 00:00:00+00:00,14.3,14.93,14.28,14.9,65414120,955209687.3
2025-06-17 00:00:00+00:00,14.82,14.94,14.23,14.43,72249506,1055204035.1299999
2025-06-18 00:00:00+00:00,14.38,15.42,14.36,15.36,84596992,1258803240.9599998
2025-06-20 00:00:00+00:00,15.565,15.64,15.0,15.2,87552775,1344044537.21875
2025-06-23 00:00:00+00:00,15.02,15.45,14.64,15.36,60990940,922030535.4499999
2025-06-24 00:00:00+00:00,15.735,15.95,15.51,15.85,64207340,1011987937.575
2025-06-25 00:00:00+00:00,16.02,16.2854,15.91,16.08,68438902,1100076644.9127
2025-06-26 00:00:00+00:00,16.25,16.81,16.06,16.77,73896767,1217264494.4075
2025-06-27 00:00:00+00:00,16.92,17.52,16.84,17.18,92297003,1579663206.3450003
2025-06-30 00:00:00+00:00,17.73,18.92,17.59,18.21,149080241,2700215865.1125007
2025-07-01 00:00:00+00:00,18.0,18.476,17.35,17.64,93556470,1671526671.255
2025-07-02 00:00:00+00:00,17.525,18.2899,17.52,18.12,67100668,1198667880.4682999
2025-07-03 00:00:00+00:00,18.31,18.6399,18.08,18.57,44667703,821884618.507425
2025-07-07 00:00:00+00:00,18.5,19.29,18.4,19.24,80137791,1511198393.7824998
2025-07-08 00:00:00+00:00,19.8,20.89,19.66,19.95,111492404,2238210010.2999997
2025-07-09 00:00:00+00:00,20.17,20.25,19.62,20.22,64252092,1289218225.98
2025-07-10 00:00:00+00:00,20.39,21.32,20.24,20.97,86494135,1793023418.55
2025-07-11 00:00:00+00:00,20.77,21.86,20.75,21.2,92365649,1953071648.105
2025-07-14 00:00:00+00:00,21.37,21.44,20.42,21.33,67028203,1416976211.42
2025-07-15 00:00:00+00:00,21.245,21.6,20.86,20.96,61495388,1301626756.2549999
2025-07-16 00:00:00+00:00,20.97,21.59,20.77,21.39,60085433,1272609470.94
2025-07-17 00:00:00+00:00,21.5,22.2,21.42,22.09,49837634,1086585015.285
2025-07-18 00:00:00+00:00,22.305,22.74,21.35,21.81,59729094,1317101184.0675
2025-07-21 00:00:00+00:00,21.95,22.04,21.09,21.16,48698979,1049949987.2399999
2025-07-22 00:00:00+00:00,20.79,21.1,19.82,20.98,63655872,1315926013.92
2025-07-23 00:00:00+00:00,21.21,21.65,20.86,21.56,49653725,1058617417.0
2025-07-24 00:00:00+00:00,21.75,22.01,21.37,21.51,46110254,998748101.6400002
2025-07-25 00:00:00+00:00,21.52,21.58,21.165,21.2,40134949,857533354.0712498
2025-07-28 00:00:00+00:00,21.22,21.22,20.77,21.02,59105947,1244623478.9524999
2025-07-29 00:00:00+00:00,23.11,25.11,22.255,22.4,236127444,5482584090.375
2025-07-30 00:00:00+00:00,20.83,21.98,20.432,21.87,183424718,3902911149.6040006
2025-07-31 00:00:00+00:00,22.675,23.8051,22.485,22.58,120095313,2748534359.529075
2025-08-01 00:00:00+00:00,21.7,21.76,20.6,21.23,89388484,1905985950.0900002
2025-08-04 00:00:00+00:00,21.51,21.84,20.7,21.81,59741244,1282345802.46
2025-08-05 00:00:00+00:00,22.0,22.1199,21.32,21.54,48936513,1064123251.7721748
2025-08-06 00:00:00+00:00,21.47,21.56,21.02,21.46,36720518,784992873.545
2025-08-07 00:00:00+00:00,21.79,22.43,21.68,22.08,53034172,1166486613.14
2025-08-08 00:00:00+00:00,22.3,22.585,21.95,22.1,49146091,1092701900.77125
2025-08-11 00:00:00+00:00,22.1,23.14,21.715,22.42,58462561,1306272847.34375
2025-08-12 00:00:00+00:00,22.62,23.73,22.52,23.65,56966170,1317627512.1000001
2025-08-13 00:00:00+00:00,24.18,24.5,23.09,23.81,68665800,1640769291.0
2025-08-14 00:00:00+00:00,23.42,23.95,22.74,23.29,52370522,1222851688.7
2025-08-15 00:00:00+00:00,23.29,23.86,22.6101,23.77,44765005,1046718848.5376248
2025-08-18 00:00:00+00:00,23.69,24.23,23.41,24.23,45472922,1086348106.58
2025-08-19 00:00:00+00:00,24.61,24.91,22.69,22.75,82575036,1960331354.6399999
2025-08-20 00:00:00+00:00,22.42,22.72,21.21,22.52,87818336,1951103880.0799997
2025-08-21 00:00:00+00:00,22.44,23.369,22.31,23.33,53440677,1221774117.74325
2025-08-22 00:00:00+00:00,23.16,25.25,22.9,25.02,101606459,2446937548.8675
2025-08-25 00:00:00+00:00,25.18,26.38,24.81,26.15,90232980,2312671277.4
2025-08-26 00:00:00+00:00,26.205,26.605,25.5,25.62,125930088,3271978511.46
2025-08-27 00:00:00+00:00,25.615,25.81,24.88,24.96,54456445,1378632975.7312498
2025-08-28 00:00:00+00:00,25.02,26.33,25.0,26.04,68314756,1748686966.7099998
2025-08-29 00:00:00+00:00,26.16,26.42,25.21,25.54,54432518,1406128021.235
2025-09-02 00:00:00+00:00,24.5,25.28,23.7,24.91,76177284,1873770743.19
2025-09-03 00:00:00+00:00,25.06,25.11,24.39,24.49,48252808,1194860158.1
2025-09-04 00:00:00+00:00,24.33,25.54,24.2407,25.38,51599714,1283422916.41495
2025-09-05 00:00:00+00:00,25.77,25.97,24.18,25.6,71312274,1809905514.1199996
2025-09-08 00:00:00+00:00,25.81,26.1,25.05,25.96,55972664,1440176644.7199998
2025-09-09 00:00:00+00:00,26.02,26.19,25.55,25.97,49112973,1273622172.3225
2025-09-10 00:00:00+00:00,26.29,26.855,25.3,25.52,63942161,1661936692.09125
2025-09-11 00:00:00+00:00,25.76,26.6,25.62,25.96,54719163,1421877450.555
2025-09-12 00:00:00+00:00,26.0,26.69,25.77,26.55,61305218,1609415235.5449998
2025-09-15 00:00:00+00:00,27.25,27.77,26.935,27.67,66929356,1834282662.875
2025-09-16 00:00:00+00:00,27.79,27.88,26.63,27.42,67268473,1845174214.3899999
2025-09-17 00:00:00+00:00,27.25,27.46,26.13,27.14,73319917,1979271159.415
2025-09-18 00:00:00+00:00,27.59,28.576876,27.08,28.11,71508277,1990734583.715663
2025-09-19 00:00:00+00:00,28.265,29.6299,28.24,29.51,74760864,2161428160.2984
2025-09-22 00:00:00+00:00,29.3,30.3,28.97,29.81,64448269,1907346521.0549998
2025-09-23 00:00:00+00:00,29.805,30.14,28.85,29.09,47417520,1397453586.3
2025-09-24 00:00:00+00:00,29.5,29.67,28.35,28.44,46087493,1336076422.0700002
2025-09-25 00:00:00+00:00,27.76,28.67,27.06,28.12,49863456,1391315081.0400002
2025-09-26 00:00:00+00:00,28.37,28.48,27.5601,27.98,36585277,1027955735.139425
2025-09-29 00:00:00+00:00,28.36,28.63,27.11,27.55,60395294,1685783643.7749999
2025-09-30 00:00:00+00:00,27.47,27.61,25.7,26.42,94402887,2529997371.6
2025-10-01 00:00:00+00:00,26.73,27.33,25.64,25.76,81148117,2139470104.7050002
2025-10-02 00:00:00+00:00,26.33,26.35,25.45,25.97,65256655,1698304446.375
2025-10-03 00:00:00+00:00,26.1,26.18,24.84,25.24,78751668,2015255184.12
2025-10-06 00:00:00+00:00,25.77,27.14,25.31,26.36,97325624,2544578439.48
2025-10-07 00:00:00+00:00,27.1,28.84,26.68,28.14,121607813,3367320341.9700003
2025-10-08 00:00:00+00:00,28.49,28.71,27.645,28.02,84643224,2388314369.19
2025-10-09 00:00:00+00:00,28.04,28.69,27.75,28.45,66863907,1887735254.3775
2025-10-10 00:00:00+00:00,28.55,29.8,26.13,26.19,106425798,2944535766.165
2025-10-13 00:00:00+00:00,27.07,27.43,26.47,27.14,62676084,1693977860.31
2025-10-14 00:00:00+00:00,26.51,28.35,25.75,27.87,75502549,2047629128.88
2025-10-15 00:00:00+00:00,28.2,29.09,27.56,28.03,67849587,1914715345.1399999
2025-10-16 00:00:00+00:00,28.07,28.44,26.25,26.6,73472514,2008738532.7600002
2025-10-17 00:00:00+00:00,26.1,26.92,26.01,26.54,48123301,1270094221.6425
2025-10-20 00:00:00+00:00,27.2,28.93,27.06,28.68,71880811,2010326581.6425002
2025-10-21 00:00:00+00:00,28.56,29.07,28.15,28.75,56408125,1615105639.0625
2025-10-22 00:00:00+00:00,28.49,28.8,26.38,27.19,72894614,2020274227.01
2025-10-23 00:00:00+00:00,27.33,28.595,27.1988,28.08,51151847,1422069940.8546498
2025-10-24 00:00:00+00:00,28.845,29.87,28.7,29.01,53154736,1547135034.7
2025-10-27 00:00:00+00:00,30.0,30.2,29.27,30.0,82986537,2478600393.8475
2025-10-28 00:00:00+00:00,30.99,31.98,28.8,31.66,183013567,5647341143.702499
2025-10-29 00:00:00+00:00,31.495,32.565,30.14,30.9,95429662,2984562679.0499997
2025-10-30 00:00:00+00:00,30.435,30.9153,28.98,29.03,70598699,2106670473.062425
2025-10-31 00:00:00+00:00,29.69,29.86,28.49,29.68,66924035,1969574350.05
2025-11-03 00:00:00+00:00,29.66,31.22,29.33,30.63,90431723,2731942351.83
2025-11-04 00:00:00+00:00,29.295,30.79,28.69,29.37,71480993,2111280479.4962502
2025-11-05 00:00:00+00:00,29.52,30.37,29.01,30.07,57853286,1720701358.855
2025-11-06 00:00:00+00:00,30.125,30.859,27.13,27.16,88016896,2536514917.376
2025-11-07 00:00:00+00:00,26.525,28.24,25.66,28.21,78769368,2139277573.1699998
2025-11-10 00:00:00+00:00,29.06,30.97,28.84,30.54,93548058,2792643401.4449997
2025-11-11 00:00:00+00:00,30.245,30.99,29.8555,30.95,64599402,1970935829.9452498
2025-11-12 00:00:00+00:00,31.18,32.73,30.96,32.21,102911730,3269505662.1000004
2025-11-13 00:00:00+00:00,31.73,31.75,28.15,28.39,117242164,3517851130.8199997
2025-11-14 00:00:00+00:00,27.0,29.07,26.53,27.82,87118512,2404906523.7599998
2025-11-17 00:00:00+00:00,27.71,27.95,26.55,27.04,75957456,2074588017.0
2025-11-18 00:00:00+00:00,26.51,27.0,25.71,26.24,66837618,1762173798.57
2025-11-19 00:00:00+00:00,26.475,26.85,25.5601,26.72,63026393,1663977133.851075
2025-11-20 00:00:00+00:00,27.88,28.575,24.745,24.91,98240953,2606086880.7075
2025-11-21 00:00:00+00:00,24.63,25.445,23.52,25.19,90228948,2228316657.045
2025-11-24 00:00:00+00:00,25.83,27.61,25.655,27.4,63707151,1696123261.43625
2025-11-25 00:00:00+00:00,26.98,28.45,26.63,28.33,56810429,1567825814.3275
2025-11-26 00:00:00+00:00,28.71,29.25,28.31,28.49,56354981,1616824404.8899999
2025-11-28 00:00:00+00:00,28.79,29.75,28.455,29.72,26903879,785021559.37125
2025-12-01 00:00:00+00:00,28.83,29.7,28.67,29.03,47130626,1369498164.9950001
2025-12-02 00:00:00+00:00,29.39,30.42,29.315,29.51,59744761,1771954930.3087502
2025-12-03 00:00:00+00:00,29.425,29.93,29.02,29.07,52091113,1529460191.57125
2025-12-04 00:00:00+00:00,29.035,29.7,28.48,29.6,63446262,1852868773.8825
2025-12-05 00:00:00+00:00,27.365,27.93,26.93,27.78,138363330,3805164529.1625
2025-12-08 00:00:00+00:00,27.73,27.83,27.05,27.61,65462206,1803811086.33
2025-12-09 00:00:00+00:00,27.24,27.45,26.55,26.83,57832135,1562479707.3625
2025-12-10 00:00:00+00:00,26.65,27.68,26.48,27.09,61267454,1652689571.65
2025-12-11 00:00:00+00:00,26.84,27.28,26.555,27.07,42165647,1135784409.00375
2025-12-12 00:00:00+00:00,27.145,27.5,26.2,27.28,55003223,1486805871.71875
2025-12-15 00:00:00+00:00,27.435,27.48,25.79,25.82,50189999,1336622410.86875
2025-12-16 00:00:00+00:00,25.74,26.74,25.72,26.58,44364681,1162132818.7949998
2025-12-17 00:00:00+00:00,26.64,26.835,25.17,25.27,49986957,1298598659.1637502
2025-12-18 00:00:00+00:00,26.18,26.7151,25.9502,26.29,45162710,1187048766.16575
2025-12-19 00:00:00+00:00,26.62,27.37,26.28,27.24,43950604,1181282359.01
2025-12-22 00:00:00+00:00,27.595,27.62,27.1,27.35,36160657,991389612.4762499
2025-12-23 00:00:00+00:00,27.07,27.34,26.825,27.19,26377277,714989064.68125
2025-12-24 00:00:00+00:00,27.17,27.54,27.03,27.48,14424718,393866924.99000007
2025-12-26 00:00:00+00:00,27.54,27.55,27.03,27.07,24735553,675218758.0175
2025-12-29 00:00:00+00:00,26.87,27.41,26.74,26.82,26021051,701527534.96
2025-12-30 00:00:00+00:00,27.03,27.14,26.54,26.56,28429434,762406346.2950001
2025-12-31 00:00:00+00:00,26.68,26.9,26.0601,26.18,34070316,901331061.5379
2026-01-02 00:00:00+00:00,26.66,27.505,25.7901,27.46,55065560,1478718158.4889998
2026-01-05 00:00:00+00:00,27.81,29.86,27.6,29.28,73826264,2114199635.3000002
2026-01-06 00:00:00+00:00,29.23,29.3,26.03,26.98,120271344,3353766427.44
2026-01-07 00:00:00+00:00,26.865,27.18,26.365,27.0,43444911,1166604472.6275
2026-01-08 00:00:00+00:00,27.0,28.055,26.57,27.72,50496065,1380373056.85625
2026-01-09 00:00:00+00:00,27.805,28.375,27.23,27.4,43777036,1212733339.79
2026-01-12 00:00:00+00:00,27.29,27.316,26.2,26.6,49133992,1319321386.188
2026-01-13 00:00:00+00:00,26.7,27.2,26.22,27.14,45562866,1221768251.79
2026-01-14 00:00:00+00:00,27.0,27.085,25.92,26.67,40864179,1089796573.70625
2026-01-15 00:00:00+00:00,26.81,27.33,26.21,26.44,47958287,1280366367.1825
2026-01-16 00:00:00+00:00,26.54,26.78,26.01,26.13,40832315,1076543984.975
2026-01-20 00:00:00+00:00,25.44,26.3399,25.21,25.49,37001126,947967923.09185
2026-01-21 00:00:00+00:00,25.5,26.05,24.95,25.64,50248303,1283090417.105
2026-01-22 00:00:00+00:00,26.18,26.39,26.0,26.09,35356254,925096385.91
2026-01-23 00:00:00+00:00,26.0,26.13,25.6,25.85,34264226,887272132.2699999
2026-01-26 00:00:00+00:00,25.9,26.4,25.77,25.8,36320327,943148091.3725
2026-01-27 00:00:00+00:00,25.9,25.93,25.21,25.46,38768122,993433126.25
2026-01-28 00:00:00+00:00,25.5,25.79,24.57,24.6,48776069,1225010972.9350002
2026-01-29 00:00:00+00:00,24.865,25.12,24.05,24.36,67935255,1671122353.9312499
2026-01-30 00:00:00+00:00,25.43,25.47,22.31,22.81,131667911,3160688203.555
2026-02-02 00:00:00+00:00,22.51,23.0,21.86,22.08,64063839,1432627599.6375
2026-02-03 00:00:00+00:00,23.05,23.36,21.02,21.76,92380230,2059848178.425
2026-02-04 00:00:00+00:00,21.49,21.765,20.07,20.75,85930898,1806160062.3374999
2026-02-05 00:00:00+00:00,20.23,20.4,19.194,19.46,87454742,1733440441.182
2026-02-06 00:00:00+00:00,20.29,21.16,20.04,20.86,67020896,1379792696.3999999
2026-02-09 00:00:00+00:00,21.29,21.59,20.8,21.35,64079363,1362167058.9725
2026-02-10 00:00:00+00:00,21.09,22.0,21.05,21.18,55796582,1190141094.06
2026-02-11 00:00:00+00:00,21.1,21.1,20.14,20.55,52565026,1089278751.285
2026-02-12 00:00:00+00:00,20.79,20.79,19.04,19.3,63515125,1269032197.5
2026-02-13 00:00:00+00:00,19.28,19.87,19.15,19.61,43139317,840246046.8675
2026-02-17 00:00:00+00:00,19.41,19.84,19.11,19.51,49681795,967180344.1625
2026-02-18 00:00:00+00:00,19.47,20.01,19.225,19.54,59588793,1165631277.07125
2026-02-19 00:00:00+00:00,19.33,19.48,18.97,19.3,53391054,1028845610.5799999
2026-02-20 00:00:00+00:00,19.085,19.19,18.515,19.02,68549768,1299189478.02
2026-02-23 00:00:00+00:00,18.73,18.755,17.58,18.22,82932900,1519434394.125
2026-02-24 00:00:00+00:00,18.0,18.71,17.89,18.66,62839270,1150901230.0500002
2026-02-25 00:00:00+00:00,19.28,19.62,18.93,19.29,67462527,1300677520.5600002
2026-02-26 00:00:00+00:00,19.19,19.56,18.97,19.1,69888034,1342199692.9699998
2026-02-27 00:00:00+00:00,18.16,18.21,17.31,17.76,115602672,2064663721.9200003
2026-03-02 00:00:00+00:00,17.145,18.41,16.8,18.39,74612697,1319618812.31625
2026-03-03 00:00:00+00:00,18.0,19.04,17.69,18.61,71879345,1317907790.575
2026-03-04 00:00:00+00:00,19.06,19.28,18.61,18.7,62745873,1186681323.1125002
2026-03-05 00:00:00+00:00,18.65,19.48,18.64,19.25,68834360,1308197011.8
2026-03-06 00:00:00+00:00,18.485,19.245,18.12,18.9,76383794,1427422150.375
2026-03-09 00:00:00+00:00,18.33,18.945,17.77,18.79,75562767,1394794225.3612502
2026-03-10 00:00:00+00:00,18.92,19.025,18.04,18.29,62077130,1152694707.6875
2026-03-11 00:00:00+00:00,18.39,18.85,17.97,18.53,59435042,1095684999.2700002
2026-03-12 00:00:00+00:00,18.22,18.55,17.62,17.7,63114903,1137488339.3175
2026-03-13 00:00:00+00:00,17.8,18.15,17.53,17.76,56401650,1004513386.5000001
2026-03-16 00:00:00+00:00,18.0,18.07,17.47,17.63,66832166,1189111313.555
2026-03-17 00:00:00+00:00,17.72,18.2551,16.48,17.37,160394752,2799894899.4688
2026-03-18 00:00:00+00:00,17.43,18.03,17.16,17.18,80507480,1404855526.0000002
2026-03-19 00:00:00+00:00,16.75,17.295,16.58,17.08,72088513,1220188193.16625
2026-03-20 00:00:00+00:00,16.915,17.407727,16.67,16.9,78470708,1331897588.9351792
2026-03-23 00:00:00+00:00,17.12,17.41,16.84,17.15,71455700,1224036141.0000002
2026-03-24 00:00:00+00:00,16.995,17.07,16.49,16.7,55624443,935255478.4912499
2026-03-25 00:00:00+00:00,17.03,17.34,16.52,16.56,45542823,767965852.8375
2026-03-26 00:00:00+00:00,16.275,16.49,15.805,15.87,59196193,953650669.23
2026-03-27 00:00:00+00:00,15.67,15.69,15.15,15.23,54978576,848594320.56
2026-03-30 00:00:00+00:00,15.43,15.565,14.935,15.15,61936637,945772446.99
2026-03-31 00:00:00+00:00,15.45,16.0251,15.31,15.88,51654271,809230014.4105251
2026-04-01 00:00:00+00:00,16.275,16.32,15.44,15.63,57772574,919522730.9275
2026-04-02 00:00:00+00:00,15.19,15.89,14.93,15.85,53233648,823258366.3199999
2026-04-06 00:00:00+00:00,15.89,16.425,15.88,16.27,42632729,687079718.74625
2026-04-07 00:00:00+00:00,16.16,16.355,15.91,16.11,41359107,667277492.56125
2026-04-08 00:00:00+00:00,17.68,17.85,16.26,16.49,64323342,1097999447.94
2026-04-09 00:00:00+00:00,16.39,16.47,15.915,16.27,43999839,715492381.93875
2026-04-10 00:00:00+00:00,16.3,16.49,16.095,16.22,31786021,517357224.3012499
2026-04-13 00:00:00+00:00,16.0,17.06,15.96,17.05,50542174,834830359.0450001
2026-04-14 00:00:00+00:00,17.53,18.075,17.4,17.91,57502564,1019448581.5150001
2026-04-15 00:00:00+00:00,18.48,18.82,18.17,18.79,71398002,1325503907.1299999
2026-04-16 00:00:00+00:00,19.62,19.62,18.6501,19.03,72544329,1395029260.2782252
2026-04-17 00:00:00+00:00,19.6,20.13,19.39,19.43,73610407,1445524367.4625
2026-04-20 00:00:00+00:00,19.26,19.645,19.09,19.5,52582107,1018712595.49125
2026-04-21 00:00:00+00:00,19.51,19.77,18.6904,18.83,65672733,1260923040.8732998
2026-04-22 00:00:00+00:00,19.29,19.4481,18.91,19.06,45964778,881467696.8254501
2026-04-23 00:00:00+00:00,18.77,18.9,17.93,18.32,51760687,956537495.76
2026-04-24 00:00:00+00:00,18.44,18.575,18.167,18.44,41206251,758421652.7805
2026-04-27 00:00:00+00:00,18.48,19.17,18.39,18.76,47554280,889265036.0000001
2026-04-28 00:00:00+00:00,18.395,18.87,18.27,18.36,67972662,1255709964.6225
2026-04-29 00:00:00+00:00,16.55,16.59,15.5,15.525,200480759,3215961975.30875
2026-04-30 00:00:00+00:00,15.77,16.37,15.54,16.1,94742378,1510667217.21
2026-05-01 00:00:00+00:00,16.235,16.795,15.875,16.43,79288511,1295078716.54625
2026-05-04 00:00:00+00:00,16.47,16.78,16.13,16.2,66311854,1087182846.33
2026-05-05 00:00:00+00:00,16.17,16.31,15.94,16.02,53952893,869181106.23
2026-05-06 00:00:00+00:00,16.2,16.505,15.99,16.3,55997988,909897307.5150001
2026-05-07 00:00:00+00:00,16.26,16.46,15.83,16.0,58428781,942894453.3874999
2026-05-08 00:00:00+00:00,16.03,16.05,15.52,15.75,55866384,884783856.5999999
2026-05-11 00:00:00+00:00,15.8,16.32,15.7703,16.26,70912418,1137263222.10635
2026-05-12 00:00:00+00:00,16.07,16.33,15.55,15.9,62891558,1003906494.575
2026-05-13 00:00:00+00:00,15.71,15.71,15.215,15.31,59964468,928624742.565
2026-05-14 00:00:00+00:00,15.31,16.065,15.23,16.02,68804258,1077216664.3125
2026-05-15 00:00:00+00:00,15.7,15.84,15.38,15.61,50125019,783579359.5175
2026-05-18 00:00:00+00:00,15.48,16.32,15.34,15.71,66933487,1051692414.4875001
2026-05-19 00:00:00+00:00,15.605,15.64,14.92,15.23,63763231,978685891.81125
2026-05-20 00:00:00+00:00,15.365,15.72,15.03,15.69,44624051,689497368.01375
2026-05-21 00:00:00+00:00,15.62,15.785,15.35,15.65,48956366,763780505.0575
2026-05-22 00:00:00+00:00,15.7,15.93,15.36,15.62,58168199,910477734.8474998
2026-05-26 00:00:00+00:00,16.48,16.95,15.86,15.98,80583418,1314919923.215
2026-05-27 00:00:00+00:00,16.05,16.69,16.01,16.17,66232348,1074951008.04
2026-05-28 00:00:00+00:00,16.02,17.08,15.82,16.97,69767892,1149251600.9699998
2026-05-29 00:00:00+00:00,18.26,18.59,17.68,18.22,150700713,2740869217.6875
2026-06-01 00:00:00+00:00,18.15,18.7954,17.69,18.58,96709728,1770160354.8528001
2026-06-02 00:00:00+00:00,18.03,18.23,17.46,17.74,77220149,1379537961.8850002
2026-06-03 00:00:00+00:00,17.38,17.465,16.58,16.68,74026282,1260389983.9025
2026-06-04 00:00:00+00:00,16.66,17.23,16.585,17.15,61361028,1037384879.625
2026-06-05 00:00:00+00:00,16.73,16.99,15.68,16.03,81749124,1337211295.8300002
2026-06-08 00:00:00+00:00,16.18,16.66,15.955,16.5,79276120,1294083563.8500001
2026-06-09 00:00:00+00:00,16.4,17.1,15.6514,16.47,79913913,1311015712.6345499
2026-06-10 00:00:00+00:00,16.205,16.7199,15.83,15.87,86446251,1396645081.562475
2026-06-11 00:00:00+00:00,15.82,16.69,15.655,16.67,68062033,1103200477.38875
2026-06-12 00:00:00+00:00,16.82,16.905,16.23,16.58,50471737,839534255.3237499
2026-06-15 00:00:00+00:00,17.28,17.43,17.01,17.13,76628807,1318973340.4875
2026-06-16 00:00:00+00:00,17.2,18.08,17.112,17.71,106005588,1857800932.4940002
2026-06-17 00:00:00+00:00,17.81,18.7,17.36,17.42,122836015,2189244877.3374996
2026-06-18 00:00:00+00:00,17.825,17.99,17.265,17.91,80961071,1436856607.5725
2026-06-22 00:00:00+00:00,17.59,18.06,17.07,17.1,75634765,1320204823.0749998
2026-06-23 00:00:00+00:00,16.735,17.68,16.72,17.29,89307182,1527710982.0874999
2026-06-24 00:00:00+00:00,17.22,18.43,17.18,17.31,119994836,2104109449.26
2026-06-25 00:00:00+00:00,17.4,17.575,16.82,17.3,88508052,1528865963.235
2026-06-26 00:00:00+00:00,17.0,17.97,16.99,17.88,90629036,1582382968.5599997
2026-06-29 00:00:00+00:00,18.19,18.3,17.5,18.19,76797645,1385813504.025
2026-06-30 00:00:00+00:00,18.1,18.24,17.715,17.93,74330630,1337672600.1375003
2026-07-01 00:00:00+00:00,18.14,18.83,17.96,18.44,81179905,1489042407.4625
2026-07-02 00:00:00+00:00,18.7,19.19,17.765,18.24,81377450,1503346666.9375
2026-07-06 00:00:00+00:00,18.35,19.12,18.31,18.61,80885292,1504264217.97
2026-07-07 00:00:00+00:00,18.6,18.75,17.7,17.75,77716366,1414437861.2
2026-07-08 00:00:00+00:00,17.34,17.75,17.08,17.73,90231068,1576787913.3000002
2026-07-09 00:00:00+00:00,17.75,18.63,17.71,18.62,70443054,1280478614.0849998
2026-07-10 00:00:00+00:00,19.105,19.74,18.62,18.78,91658692,1747129242.885
2026-07-13 00:00:00+00:00,18.995,19.24,18.045,18.13,97671640,1816936683.1
2026-07-14 00:00:00+00:00,18.21,18.84,18.14,18.55,89343010,1647038389.35
2026-07-15 00:00:00+00:00,18.77,18.98,17.76,17.87,72414236,1328439159.42
2026-07-16 00:00:00+00:00,17.76,17.925,17.22,17.32,72016348,1264337009.5749998
2026-07-17 00:00:00+00:00,16.835,17.57,16.4703,17.28,89973828,1533048309.8721004
2026-07-20 00:00:00+00:00,17.42,17.45,16.9705,17.01,81150834,1396818874.0792503
2026-07-21 00:00:00+00:00,17.08,17.665,17.06,17.64,86400316,1500017486.155
2026-07-22 00:00:00+00:00,17.475,17.615,16.96,17.07,90299769,1560380008.3200002
2026-07-23 00:00:00+00:00,16.89,17.06,16.47,16.65,73418072,1231037522.26
2026-07-24 00:00:00+00:00,16.72,16.82,16.33,16.46,92994803,1542086320.7475
2026-07-27 00:00:00+00:00,16.94,17.5,16.69,16.88,66662985,1133437402.4624999
2026-07-28 00:00:00+00:00,16.56,16.85,16.17,16.74,83122336,1378168330.8799999
