timestamps,open,high,low,close,volume,amount
2016-01-04 00:00:00+00:00,25.721329,25.94033,25.676018,25.94033,42082139,1086539861.5542433
2016-01-05 00:00:00+00:00,25.94033,26.19709,25.766639,26.121572,40662354,1057481758.1988436
2016-01-06 00:00:00+00:00,25.540086,25.834605,25.464568,25.721329,35636413,913722867.872711
2016-01-07 00:00:00+00:00,25.389051,25.748591,25.305981,25.305981,46494200,1182691609.5742002
2016-01-08 00:00:00+00:00,25.502327,25.645811,25.230464,25.328637,37197594,945816145.7957416
2016-01-11 00:00:00+00:00,25.494776,25.751536,25.324861,25.638259,35010041,894589101.226678
2016-01-12 00:00:00+00:00,25.751536,25.819502,25.419258,25.6005,31944901,819313205.432799
2016-01-13 00:00:00+00:00,25.68357,25.899777,25.47212,25.479672,53287205,1365952742.899124
2016-01-14 00:00:00+00:00,25.585397,26.091365,25.487224,25.902571,48104530,1239492070.8008025
2016-01-15 00:00:00+00:00,25.419258,25.932778,25.381499,25.668466,59485510,1522858813.6263776
2016-01-19 00:00:00+00:00,25.834605,26.129124,25.759087,26.061158,48669151,1262769475.4965186
2016-01-20 00:00:00+00:00,25.781743,25.94033,25.245567,25.6005,66910889,1715731357.6191146
2016-01-21 00:00:00+00:00,25.668466,26.340574,25.517431,26.083814,54258371,1405431320.7364337
2016-01-22 00:00:00+00:00,26.340574,26.567127,26.204642,26.53692,43883468,1159064013.0210211
2016-01-25 00:00:00+00:00,26.574679,26.755921,26.257504,26.431195,40075959,1062206269.9831853
2016-01-26 00:00:00+00:00,26.40854,26.861646,26.378333,26.733266,55188525,1467763450.254281
2016-01-27 00:00:00+00:00,26.423643,27.035337,26.355677,26.79368,66557938,1773907771.0822763
2016-01-28 00:00:00+00:00,27.012681,27.027785,26.589782,26.831439,34673242,931511269.7698135
2016-01-29 00:00:00+00:00,26.967371,27.231683,26.944715,27.231683,57311742,1552796486.0393462
2016-02-01 00:00:00+00:00,27.216579,27.488443,27.097865,27.322304,44162465,1204809357.0389538
2016-02-02 00:00:00+00:00,27.292097,27.333632,27.027785,27.231683,38598099,1050690403.3601258
2016-02-03 00:00:00+00:00,27.276993,27.790514,27.110854,27.730099,50309708,1382365632.33242
2016-02-04 00:00:00+00:00,27.737651,27.805617,27.39027,27.586616,41105083,1135735025.8356955
2016-02-05 00:00:00+00:00,27.631926,27.971756,27.586616,27.850928,45899970,1274197235.5408049
2016-02-08 00:00:00+00:00,27.639478,28.03217,27.480891,28.024618,54332396,1510130330.0695431
2016-02-09 00:00:00+00:00,27.714996,27.850928,27.3072,27.677237,46680801,1290144850.57979
2016-02-10 00:00:00+00:00,27.677237,27.745203,27.382718,27.511098,35591915,981591701.6675601
2016-02-11 00:00:00+00:00,27.231683,27.450684,27.118406,27.344959,55952370,1526740595.19621
2016-02-12 00:00:00+00:00,27.450684,27.571512,27.222998,27.541305,35024867,961314381.4676582
2016-02-16 00:00:00+00:00,27.699892,27.752755,27.329856,27.677237,36669055,1012613570.336425
2016-02-17 00:00:00+00:00,27.752755,27.782962,27.586616,27.669685,34432711,953717384.2251995
2016-02-18 00:00:00+00:00,27.64703,27.941549,27.571512,27.933997,29005997,805598695.811434
2016-02-19 00:00:00+00:00,27.866031,27.926445,27.579064,27.616823,32720323,907893771.6503122
2016-02-22 00:00:00+00:00,27.745203,27.835824,27.601719,27.835824,28315330,785881861.419525
2016-02-23 00:00:00+00:00,27.805617,27.873583,27.571512,27.745203,27248447,756116576.7735013
2016-02-24 00:00:00+00:00,27.722548,28.024618,27.662134,28.017067,30141598,839642190.1786165
2016-02-25 00:00:00+00:00,28.017067,28.319138,27.979308,28.220964,30190393,849380116.8663652
2016-02-26 00:00:00+00:00,28.304034,28.315362,27.98686,28.039722,29361478,826863101.208871
2016-02-29 00:00:00+00:00,28.039722,28.236068,27.90379,27.90379,38663064,1083371626.91142
2016-03-01 00:00:00+00:00,28.017067,28.236068,27.98686,28.236068,25834742,726447517.1951865
2016-03-02 00:00:00+00:00,28.130343,28.462621,28.024618,28.462621,28484172,805248988.011729
2016-03-03 00:00:00+00:00,28.462621,28.779795,28.311586,28.689174,36677165,1047528954.06901
2016-03-04 00:00:00+00:00,28.62876,28.802451,28.545691,28.643864,27463099,786960361.0284585
2016-03-07 00:00:00+00:00,28.545691,28.84021,28.402207,28.794899,29145633,834898567.5146078
2016-03-08 00:00:00+00:00,28.674071,29.0139,28.583449,28.764692,32583839,937079538.148492
2016-03-09 00:00:00+00:00,28.794899,28.938383,28.568346,28.681622,29359468,843961762.22775
2016-03-10 00:00:00+00:00,28.742037,29.006349,28.696726,28.930831,33390542,963116317.6327764
2016-03-11 00:00:00+00:00,29.036556,29.112073,28.825106,28.96859,27590260,799719722.9386251
2016-03-14 00:00:00+00:00,28.991245,29.059211,28.794899,28.938383,23339895,675595071.9068775
2016-03-15 00:00:00+00:00,28.779795,29.089418,28.772244,29.089418,19559986,565923573.6919374
2016-03-16 00:00:00+00:00,29.104522,29.361282,28.96859,29.278212,27867342,813117526.7783129
2016-03-17 00:00:00+00:00,29.278212,29.595387,29.240453,29.542524,36708594,1079751869.953536
2016-03-18 00:00:00+00:00,29.618042,29.644473,29.119625,29.119625,54427144,1598821370.97729
2016-03-21 00:00:00+00:00,29.195143,29.504765,29.119625,29.391489,27383283,802405646.5363066
2016-03-22 00:00:00+00:00,29.391489,29.414144,29.172488,29.172488,29173603,854426339.5435568
2016-03-23 00:00:00+00:00,29.172488,29.192802,28.976141,29.104522,27553696,802129097.348072
2016-03-24 00:00:00+00:00,28.983693,29.368834,28.983693,29.361282,23564145,687469214.5664475
2016-03-28 00:00:00+00:00,29.451903,29.663353,29.308419,29.504765,28528047,841067019.73917
2016-03-29 00:00:00+00:00,29.550076,29.905009,29.414144,29.791733,34289807,1017215371.3535833
2016-03-30 00:00:00+00:00,29.912561,29.99563,29.512317,29.731318,34092079,1015533366.2465636
2016-03-31 00:00:00+00:00,29.769077,29.882354,29.459455,29.580283,35887207,1064873637.7437458
2016-04-01 00:00:00+00:00,29.180039,29.542524,29.157384,29.489662,36713424,1077260054.982804
2016-04-04 00:00:00+00:00,29.572731,29.723767,29.504765,29.723767,23886752,707794499.35064
2016-04-05 00:00:00+00:00,29.670904,29.723767,29.451903,29.595387,32955707,975834640.8053569
2016-04-06 00:00:00+00:00,29.255557,29.399041,29.066763,29.180039,29486369,861749454.2541499
2016-04-07 00:00:00+00:00,28.961038,29.157384,28.862865,29.14228,29510602,856719092.1393335
2016-04-08 00:00:00+00:00,29.248005,29.376385,28.976141,29.074314,23256612,678365400.081285
2016-04-11 00:00:00+00:00,29.202695,29.214022,28.945934,28.991245,23465516,682576052.0625839
2016-04-12 00:00:00+00:00,29.051659,29.293316,28.983693,29.202695,23367278,680755188.7349784
2016-04-13 00:00:00+00:00,29.285764,29.331075,28.836434,28.88552,29934755,870643316.3626788
2016-04-14 00:00:00+00:00,28.88552,29.134729,28.877968,29.0139,18225761,528146635.3615092
2016-04-15 00:00:00+00:00,29.044107,29.149832,28.998797,29.059211,20897911,607355710.4956793
2016-04-18 00:00:00+00:00,29.127177,29.300868,28.961038,29.187591,22950936,668885946.016716
2016-04-19 00:00:00+00:00,29.300868,29.399041,29.09697,29.391489,21103155,618261073.52526
2016-04-20 00:00:00+00:00,29.444351,29.459455,29.195143,29.240453,22225393,651978580.9587466
2016-04-21 00:00:00+00:00,29.09697,29.134729,28.583449,28.591001,42687491,1231599736.6955397
2016-04-22 00:00:00+00:00,28.643864,28.82133,28.613657,28.749588,32178121,923740851.0957798
2016-04-25 00:00:00+00:00,28.719381,28.870417,28.591001,28.855313,23283353,669606600.8608841
2016-04-26 00:00:00+00:00,28.938383,29.006349,28.621208,28.764692,27676797,797995622.4364259
2016-04-27 00:00:00+00:00,28.591001,29.383937,28.492828,29.240453,54845025,1586505040.9401188
2016-04-28 00:00:00+00:00,29.240453,29.361282,29.112073,29.180039,26754220,781850924.821085
2016-04-29 00:00:00+00:00,29.180039,29.361282,29.059211,29.315971,33562864,981013172.3861481
2016-05-02 00:00:00+00:00,29.35373,29.56518,29.285764,29.527421,29216081,859917605.9549237
2016-05-03 00:00:00+00:00,29.489662,29.512317,29.210246,29.383937,28901846,849686541.078763
2016-05-04 00:00:00+00:00,29.263109,29.451903,29.134729,29.361282,20499602,600694830.3782115
2016-05-05 00:00:00+00:00,29.406592,29.444351,29.195143,29.255557,21504165,630618471.4607737
2016-05-06 00:00:00+00:00,29.285764,29.444351,29.051659,29.444351,20741713,607867660.2130312
2016-05-09 00:00:00+00:00,29.444351,29.534972,29.323523,29.346178,17870366,525607779.60569596
2016-05-10 00:00:00+00:00,29.467007,29.73887,29.436799,29.686008,23008833,680651232.316443
2016-05-11 00:00:00+00:00,29.655801,29.712439,29.467007,29.587835,19088021,565115569.0251805
2016-05-12 00:00:00+00:00,29.678456,29.955228,29.602938,29.86725,24808680,738702461.80224
2016-05-13 00:00:00+00:00,29.82194,29.844595,29.534972,29.56518,21836948,648375492.037819
2016-05-16 00:00:00+00:00,29.414144,29.67755,29.376385,29.663353,19939389,588867143.9437621
2016-05-17 00:00:00+00:00,29.640697,29.701111,29.451903,29.534972,29206739,863998740.1486843
2016-05-18 00:00:00+00:00,29.519869,29.56518,28.900624,29.036556,33985055,994251722.1968987
2016-05-19 00:00:00+00:00,28.900624,29.051659,28.523035,29.029004,36302446,1048272353.0429031
2016-05-20 00:00:00+00:00,29.180039,29.210246,28.930831,29.036556,26807682,779819867.3090761
2016-05-23 00:00:00+00:00,29.062987,29.081866,28.893072,28.938383,20367320,590531644.3636401
2016-05-24 00:00:00+00:00,29.044107,29.115849,28.991245,29.074314,18713159,543736635.5129713
2016-05-25 00:00:00+00:00,29.202695,29.240453,29.036556,29.164936,19480993,568088353.83188
2016-05-26 00:00:00+00:00,29.217798,29.444351,29.180039,29.331075,21209623,621300183.4774622
2016-05-27 00:00:00+00:00,29.323523,29.444351,29.149832,29.444351,20752352,608884679.577016
2016-05-31 00:00:00+00:00,29.474558,29.602938,29.406592,29.56518,36998001,1091896733.8783169
2016-06-01 00:00:00+00:00,29.542524,29.542524,29.157384,29.248005,22585012,663380732.3825611
2016-06-02 00:00:00+00:00,29.232902,29.331075,29.134729,29.331075,16289824,476598633.81213593
2016-06-03 00:00:00+00:00,29.429248,29.655801,29.399041,29.61049,25483922,752378266.3356899
2016-06-06 00:00:00+00:00,29.618042,29.810612,29.587835,29.708663,22165814,657909909.088432
2016-06-07 00:00:00+00:00,29.731318,30.124011,29.701111,30.048493,32988970,986410886.6472524
2016-06-08 00:00:00+00:00,29.99563,30.108907,29.935216,30.101355,19103289,573772576.726053
2016-06-09 00:00:00+00:00,30.0787,30.33546,29.942768,30.275046,27400674,826349348.3876191
2016-06-10 00:00:00+00:00,30.169321,30.607324,30.116459,30.456288,34250947,1039082898.4685559
2016-06-13 00:00:00+00:00,30.350564,30.554461,30.305253,30.350564,22206019,674845591.7769994
2016-06-14 00:00:00+00:00,30.33546,30.562013,30.154218,30.494047,30476314,926066519.162433
2016-06-15 00:00:00+00:00,30.539358,30.637531,30.410978,30.426081,25795973,786867127.057851
2016-06-16 00:00:00+00:00,30.358115,30.629979,30.312805,30.577117,26623353,811200360.726912
2016-06-17 00:00:00+00:00,30.614876,30.856532,30.456288,30.758359,36105387,1107406873.8195713
2016-06-20 00:00:00+00:00,30.992464,31.000016,30.607324,30.796118,26788048,826383970.3850641
2016-06-21 00:00:00+00:00,30.833877,31.196362,30.629979,31.015119,26401851,816314454.9621967
2016-06-22 00:00:00+00:00,31.007568,31.385156,31.007568,31.18881,26807356,834976102.7585781
2016-06-23 00:00:00+00:00,31.377604,31.634365,31.249224,31.626813,25206058,793285095.1850871
2016-06-24 00:00:00+00:00,31.302087,31.891125,31.18881,31.354949,75673974,2378754068.573189
2016-06-27 00:00:00+00:00,31.181258,31.7854,31.181258,31.740089,49629873,1561951425.093341
2016-06-28 00:00:00+00:00,31.823159,31.845814,31.619261,31.732538,45577436,1447320276.625148
2016-06-29 00:00:00+00:00,31.883573,32.12523,31.777848,32.12523,31345651,1002370295.1448828
2016-06-30 00:00:00+00:00,32.238506,32.789785,32.12523,32.631198,42259540,1371160630.992315
2016-07-01 00:00:00+00:00,32.842648,32.887958,32.480163,32.827544,30770731,1008036170.0042009
2016-07-05 00:00:00+00:00,32.8502,33.144719,32.721819,32.736923,47121748,1548581571.829857
2016-07-06 00:00:00+00:00,32.457507,32.548129,32.049712,32.548129,35030523,1135019395.4821177
2016-07-07 00:00:00+00:00,32.261161,32.397093,31.815607,31.943987,31393844,1007882471.731928
2016-07-08 00:00:00+00:00,31.815607,32.238506,31.490881,32.178092,37665136,1202676851.1324239
2016-07-11 00:00:00+00:00,32.072367,32.166764,31.876021,32.102574,28594265,916572908.7353475
2016-07-12 00:00:00+00:00,32.019505,32.17054,31.891125,32.027057,24731476,792076385.363263
2016-07-13 00:00:00+00:00,32.064815,32.374438,31.981746,32.162988,19667271,632224029.6473693
2016-07-14 00:00:00+00:00,32.057264,32.442404,32.057264,32.29892,22054846,710473993.0146981
2016-07-15 00:00:00+00:00,32.404645,32.533025,32.246058,32.389542,22043348,714057170.52699
2016-07-18 00:00:00+00:00,32.366886,32.397093,32.223403,32.359334,16341857,528441384.0729029
2016-07-19 00:00:00+00:00,32.314024,32.359334,32.227178,32.29892,18095825,584492686.4678001
2016-07-20 00:00:00+00:00,32.283817,32.329127,32.110126,32.25361,18655780,601540141.8026
2016-07-21 00:00:00+00:00,32.132781,32.306472,31.974194,32.110126,29917324,961270343.769663
2016-07-22 00:00:00+00:00,32.117678,32.804889,32.095022,32.55568,40684932,1317919909.570677
2016-07-25 00:00:00+00:00,32.419749,32.449956,32.249834,32.4273,19322026,625776847.8439535
2016-07-26 00:00:00+00:00,32.38199,32.45864,31.928884,32.004401,26587925,855957798.4940937
2016-07-27 00:00:00+00:00,31.996849,32.408421,31.996849,32.291369,26233773,844028937.692556
2016-07-28 00:00:00+00:00,32.223403,32.230954,31.981746,32.155437,17890423,575139261.2053549
2016-07-29 00:00:00+00:00,32.185644,32.76713,32.064815,32.691612,33430158,1084049770.8709395
2016-08-01 00:00:00+00:00,32.661405,32.8502,32.55568,32.608543,27344851,893327761.490407
2016-08-02 00:00:00+00:00,32.699164,32.706716,32.412197,32.593439,25947564,845965289.4367559
2016-08-03 00:00:00+00:00,32.540577,32.63875,32.412197,32.578336,18051994,587456382.92521
2016-08-04 00:00:00+00:00,32.608543,32.653853,32.434852,32.533025,15749922,512779160.4471765
2016-08-05 00:00:00+00:00,32.593439,32.63875,32.29892,32.593439,25984939,845319610.545643
2016-08-08 00:00:00+00:00,32.51037,32.600991,32.321576,32.419749,18583166,603268504.870969
2016-08-09 00:00:00+00:00,32.434852,32.540577,32.306472,32.533025,19542647,634231818.5372804
2016-08-10 00:00:00+00:00,32.517922,32.699164,32.517922,32.623646,15537456,506360462.686056
2016-08-11 00:00:00+00:00,32.706716,32.835096,32.669712,32.76713,15863422,519442415.34849703
2016-08-12 00:00:00+00:00,32.782234,32.819992,32.616095,32.684061,13958754,456808537.088007
2016-08-15 00:00:00+00:00,32.631198,32.710492,32.487715,32.487715,21515512,700959889.7913601
2016-08-16 00:00:00+00:00,32.472611,32.480163,31.649468,31.687227,41906055,1344026385.9586987
2016-08-17 00:00:00+00:00,31.724986,31.777848,31.219017,31.611709,38850056,1227016470.16984
2016-08-18 00:00:00+00:00,31.521088,31.596606,31.045326,31.264328,43105738,1351659600.230706
2016-08-19 00:00:00+00:00,31.135948,31.151051,30.728152,30.969809,39013271,1209264711.1010401
2016-08-22 00:00:00+00:00,30.901843,30.954705,30.622427,30.894291,23402019,721795878.7560135
2016-08-23 00:00:00+00:00,30.954705,30.984912,30.796118,30.84898,19933724,615875899.857165
2016-08-24 00:00:00+00:00,30.886739,30.954705,30.660186,30.864084,21410758,660338361.987803
2016-08-25 00:00:00+00:00,30.864084,31.098189,30.773463,31.015119,22383720,692501122.0201501
2016-08-26 00:00:00+00:00,31.06043,31.181258,30.660186,30.7206,23649401,730899365.0595185
2016-08-29 00:00:00+00:00,30.811222,31.000016,30.750807,30.962257,17141581,529350457.0503655
2016-08-30 00:00:00+00:00,31.052878,31.067982,30.758359,30.879188,14854300,459586126.275025
2016-08-31 00:00:00+00:00,30.924498,31.000016,30.705497,30.871636,24816070,766206379.2668225
2016-09-01 00:00:00+00:00,30.84898,30.962257,30.697945,30.93205,20798949,641861972.216292
2016-09-02 00:00:00+00:00,31.030223,31.249224,30.765911,30.924498,25248381,782509539.2007841
2016-09-06 00:00:00+00:00,30.977361,31.234121,30.818773,31.135948,20568338,638473107.8701534
2016-09-07 00:00:00+00:00,31.158603,31.219017,30.954705,31.166155,17918114,557694489.36668
2016-09-08 00:00:00+00:00,31.166155,31.256776,31.000016,31.105741,17909065,557548091.9391799
2016-09-09 00:00:00+00:00,30.947153,31.018895,29.965423,29.988079,50981581,1553912853.4521375
2016-09-12 00:00:00+00:00,29.882354,30.84898,29.86725,30.743256,35573337,1079133541.6300201
2016-09-13 00:00:00+00:00,30.554461,30.554461,30.033389,30.184425,33805968,1025391938.6901121
2016-09-14 00:00:00+00:00,30.169321,30.403426,30.025838,30.124011,35143388,1060650257.8988119
2016-09-15 00:00:00+00:00,30.056045,30.67529,29.920113,30.54691,30390881,920831218.8433495
2016-09-16 00:00:00+00:00,30.46384,30.51557,30.131562,30.358115,54756197,1662796314.2955348
2016-09-19 00:00:00+00:00,30.358115,30.388322,30.101355,30.252391,21429196,648769889.285717
2016-09-20 00:00:00+00:00,30.494047,30.531806,30.116459,30.176873,18800616,570218852.65449
2016-09-21 00:00:00+00:00,30.214632,30.682842,30.184425,30.637531,25332988,770879214.88921
2016-09-22 00:00:00+00:00,30.758359,31.105741,30.735704,31.045326,29507327,912109320.7168775
2016-09-23 00:00:00+00:00,31.075534,31.256776,30.758359,31.173707,24984305,776164767.65467
2016-09-26 00:00:00+00:00,31.173707,31.27188,31.045326,31.067982,22044144,686448554.4652201
2016-09-27 00:00:00+00:00,31.135948,31.490881,31.007568,31.309638,24418325,762731013.3603438
2016-09-28 00:00:00+00:00,30.969809,31.015119,30.645083,30.84898,34879516,1076721860.562089
2016-09-29 00:00:00+00:00,30.773463,31.015119,30.539358,30.758359,22573229,694613803.5223677
2016-09-30 00:00:00+00:00,30.894291,30.992464,30.660186,30.667738,25665008,790576430.563108
2016-10-03 00:00:00+00:00,30.67529,30.992464,30.584668,30.788566,21957403,675415139.758541
2016-10-04 00:00:00+00:00,30.750807,30.781015,29.988079,30.131562,43936608,1336238160.614376
2016-10-05 00:00:00+00:00,29.889906,29.927665,29.323523,29.572731,29927969,888215918.6178564
2016-10-06 00:00:00+00:00,29.550076,29.602938,29.383937,29.534972,20856818,615651152.2302535
2016-10-07 00:00:00+00:00,29.618042,29.670904,29.232902,29.35373,25387366,748137610.2868869
2016-10-10 00:00:00+00:00,29.391489,29.602938,28.855313,29.459455,25187081,738669049.1274487
2016-10-11 00:00:00+00:00,29.406592,29.73887,29.149832,29.527421,29549280,870394098.9738001
2016-10-12 00:00:00+00:00,29.56518,29.818164,29.497214,29.701111,22749517,674418923.7009683
2016-10-13 00:00:00+00:00,29.663353,29.814388,29.467007,29.731318,23235061,689361408.1875066
2016-10-14 00:00:00+00:00,29.753974,29.88613,29.618042,29.618042,17899109,531944461.629123
2016-10-17 00:00:00+00:00,29.527421,29.82194,29.489662,29.655801,18386444,544674611.441464
2016-10-18 00:00:00+00:00,29.625594,29.791733,29.56518,29.723767,21238013,630271347.5983905
2016-10-19 00:00:00+00:00,29.799284,29.882354,29.686008,29.73887,15508270,461784002.22183
2016-10-20 00:00:00+00:00,29.504765,29.512317,29.074314,29.187591,41224046,1208678588.7303505
2016-10-21 00:00:00+00:00,28.998797,29.202695,27.911342,28.311586,109596815,3135137997.555575
2016-10-24 00:00:00+00:00,27.571512,28.190757,27.412925,27.835824,133195465,3696541040.658343
2016-10-25 00:00:00+00:00,27.949101,27.98686,27.601719,27.714996,53611867,1491115917.2765229
2016-10-26 00:00:00+00:00,27.669685,27.767858,27.39027,27.511098,43537699,1200975573.7764473
2016-10-27 00:00:00+00:00,27.639478,27.85848,27.533753,27.579064,57181311,1581217281.3065064
2016-10-28 00:00:00+00:00,27.677237,27.798065,27.51865,27.571512,30753151,850059102.4442661
2016-10-31 00:00:00+00:00,27.64703,27.805617,27.579064,27.782962,41558071,1151311012.0939457
2016-11-01 00:00:00+00:00,27.918894,28.085033,27.488443,27.609271,36566577,1015651677.6132143
2016-11-02 00:00:00+00:00,27.692341,27.714996,27.412925,27.465787,34493673,951042727.6669942
2016-11-03 00:00:00+00:00,27.609271,27.933997,27.477115,27.662134,33829038,936070768.3821614
2016-11-04 00:00:00+00:00,27.77541,27.805617,27.563961,27.563961,30795761,852341583.4912974
2016-11-07 00:00:00+00:00,27.782962,27.843376,27.669685,27.798065,28330257,786831016.055154
2016-11-08 00:00:00+00:00,27.798065,28.009515,27.798065,27.926445,23584893,657618102.1790925
2016-11-09 00:00:00+00:00,27.918894,28.341793,27.511098,28.273827,46034707,1289496729.763921
2016-11-10 00:00:00+00:00,28.273827,28.296482,27.488443,27.616823,50315846,1404762758.4153624
2016-11-11 00:00:00+00:00,27.571512,27.616823,27.412925,27.571512,33524298,923366210.0035139
2016-11-14 00:00:00+00:00,27.64703,27.662134,27.26189,27.284545,34599577,950239314.1204059
2016-11-15 00:00:00+00:00,27.397822,27.767858,27.292097,27.767858,27660735,762230519.9854312
2016-11-16 00:00:00+00:00,27.881135,28.11524,27.828272,28.054826,27590458,771701475.2171584
2016-11-17 00:00:00+00:00,28.168102,28.462621,28.145447,28.251172,28052890,792685898.029595
2016-11-18 00:00:00+00:00,28.281379,28.402207,28.168102,28.364448,22487750,636494040.5835
2016-11-21 00:00:00+00:00,28.439966,28.50038,28.28893,28.50038,22838910,649365344.42874
2016-11-22 00:00:00+00:00,28.62876,29.255557,28.560794,29.112073,34630225,1000442820.5716
2016-11-23 00:00:00+00:00,29.0139,29.429248,29.006349,29.248005,32530764,949064724.2378821
2016-11-25 00:00:00+00:00,29.278212,29.61049,29.248005,29.61049,14360142,422716617.2554935
2016-11-28 00:00:00+00:00,29.587835,29.957872,29.584059,29.859699,35298371,1050033570.1653787
2016-11-29 00:00:00+00:00,29.889906,29.928495,29.655801,29.814388,26294775,784166658.5293125
2016-11-30 00:00:00+00:00,29.580283,29.61049,29.164936,29.172488,43273684,1271469514.516937
2016-12-01 00:00:00+00:00,29.172488,29.383937,28.817554,29.361282,36280748,1058810646.763807
2016-12-02 00:00:00+00:00,29.331075,29.542524,29.051659,29.157384,21322366,624119736.242743
2016-12-05 00:00:00+00:00,29.22535,29.436799,29.172488,29.172488,27508042,804659227.1998125
2016-12-06 00:00:00+00:00,29.285764,29.765301,29.221574,29.716215,31210928,920635406.749128
2016-12-07 00:00:00+00:00,29.82194,30.577117,29.780405,30.54691,43649852,1317422067.574236
2016-12-08 00:00:00+00:00,30.395874,30.773463,30.350564,30.516703,29131103,888765220.2235531
2016-12-09 00:00:00+00:00,30.41853,30.524254,30.33546,30.494047,22650557,689552554.5790217
2016-12-12 00:00:00+00:00,30.629979,31.230345,30.607324,31.052878,42255191,1304845854.6376164
2016-12-13 00:00:00+00:00,31.166155,31.385156,31.128396,31.234121,28019821,875015775.246197
2016-12-14 00:00:00+00:00,31.219017,31.377604,30.909395,31.037775,34870438,1085724135.5876145
2016-12-15 00:00:00+00:00,30.886739,31.475777,30.84898,31.339845,32425018,1009644868.4622844
2016-12-16 00:00:00+00:00,31.453122,31.52864,31.279431,31.468226,37017209,1163538045.1428928
2016-12-19 00:00:00+00:00,31.468226,31.853366,31.302087,31.808055,27230594,860702804.317499
2016-12-20 00:00:00+00:00,31.845814,32.291369,31.823159,32.072367,28025764,897053621.6786691
2016-12-21 00:00:00+00:00,32.034608,32.147885,31.966642,31.989298,18211606,583401663.8133495
2016-12-22 00:00:00+00:00,31.898676,32.306472,31.838262,32.261161,23253593,745885568.5184008
2016-12-23 00:00:00+00:00,32.314024,32.321576,32.072367,32.268713,12772350,411833824.6995
2016-12-27 00:00:00+00:00,32.246058,32.351783,32.110126,32.208299,15139154,487920801.019741
2016-12-28 00:00:00+00:00,32.208299,32.336679,32.072367,32.110126,14601796,469913067.7844789
2016-12-29 00:00:00+00:00,32.117678,32.321576,32.117678,32.215851,16405667,528150849.1403153
2016-12-30 00:00:00+00:00,32.291369,32.344231,32.057264,32.117678,22079617,711021858.2306035
2017-01-03 00:00:00+00:00,32.238506,32.495266,32.110126,32.487715,34437771,1113473117.888656
2017-01-04 00:00:00+00:00,32.4273,32.472611,32.25361,32.29892,30725260,994364976.8399152
2017-01-05 00:00:00+00:00,32.359334,32.389542,32.117678,32.208299,34046602,1098640037.0748763
2017-01-06 00:00:00+00:00,31.70233,31.717434,31.120844,31.203914,43285039,1360714134.7015896
2017-01-09 00:00:00+00:00,31.181258,31.260552,30.811222,30.811222,33746704,1046689914.1797041
2017-01-10 00:00:00+00:00,30.705497,31.007568,30.388322,30.818773,28499183,875781033.5573201
2017-01-11 00:00:00+00:00,30.494047,30.735704,30.41853,30.667738,32490883,993538865.5886942
2017-01-12 00:00:00+00:00,30.652634,31.045326,30.584668,30.969809,26351799,811980861.5210407
2017-01-13 00:00:00+00:00,30.901843,31.098189,30.80367,30.93205,18448870,570696200.7500601
2017-01-17 00:00:00+00:00,30.909395,31.067982,30.781015,31.045326,29841754,923630024.210343
2017-01-18 00:00:00+00:00,31.075534,31.143499,30.792342,30.811222,25790590,798364457.9905576
2017-01-19 00:00:00+00:00,30.879188,30.977361,30.743256,30.962257,22105143,682839262.4712164
2017-01-20 00:00:00+00:00,31.211465,31.619261,31.181258,31.302087,33323170,1043965522.8312675
2017-01-23 00:00:00+00:00,31.309638,31.770296,31.256776,31.717434,33384635,1052067896.9193599
2017-01-24 00:00:00+00:00,31.264328,31.521088,31.000016,31.234121,38005605,1187860937.1486413
2017-01-25 00:00:00+00:00,31.203914,31.31719,30.879188,31.256776,28417906,885623210.1649021
2017-01-26 00:00:00+00:00,31.090637,31.604157,30.93205,31.543743,37259153,1165937513.033203
2017-01-27 00:00:00+00:00,31.70233,31.943987,31.52864,31.724986,25183857,798957504.4550377
2017-01-30 00:00:00+00:00,31.672123,31.815607,31.460674,31.581502,21023001,665009585.0919765
2017-01-31 00:00:00+00:00,31.475777,31.860918,31.40026,31.838262,33641587,1064547793.6873448
2017-02-01 00:00:00+00:00,31.928884,32.064815,31.611709,31.762745,42483454,1352759767.2601156
2017-02-02 00:00:00+00:00,31.732538,31.770296,30.924498,31.098189,38605888,1211506051.216912
2017-02-03 00:00:00+00:00,31.324742,31.354949,31.113292,31.151051,25359650,792134242.957025
2017-02-06 00:00:00+00:00,31.166155,31.166155,30.947153,31.007568,15062574,468020650.41944844
2017-02-07 00:00:00+00:00,31.022671,31.090637,30.826325,31.052878,22924501,710616610.6030028
2017-02-08 00:00:00+00:00,31.090637,31.203914,31.015119,31.120844,20774309,646239486.7162066
2017-02-09 00:00:00+00:00,31.166155,31.286983,31.06043,31.196362,15046068,469098521.7638099
2017-02-10 00:00:00+00:00,31.151051,31.286983,31.113292,31.249224,16069902,501383152.011525
2017-02-13 00:00:00+00:00,30.80367,31.067982,30.577117,30.697945,45500713,1400815822.6517706
2017-02-14 00:00:00+00:00,30.562013,30.796118,30.516703,30.773463,26093612,800084268.5946909
2017-02-15 00:00:00+00:00,30.705497,31.067982,30.629979,31.052878,30883423,953188561.6795319
2017-02-16 00:00:00+00:00,31.052878,31.234121,30.984912,31.151051,21954684,682916703.2635019
2017-02-17 00:00:00+00:00,31.090637,31.366277,30.80367,31.324742,31987752,996301127.7317879
2017-02-21 00:00:00+00:00,31.241672,31.52864,31.203914,31.513536,23179176,727175730.311028
2017-02-22 00:00:00+00:00,31.475777,31.551295,31.302087,31.407811,20732234,651702071.122745
2017-02-23 00:00:00+00:00,31.483329,31.709882,31.370053,31.679675,25449056,803190906.0538961
2017-02-24 00:00:00+00:00,31.800503,31.989298,31.747641,31.989298,22568450,719520213.83825
2017-02-27 00:00:00+00:00,31.943987,31.943987,31.513536,31.581502,22959495,728866457.274735
2017-02-28 00:00:00+00:00,31.513536,31.619261,31.44557,31.558847,25608061,807532367.6205136
2017-03-01 00:00:00+00:00,31.551295,31.853366,31.385156,31.747641,31649519,1001212420.2956755
2017-03-02 00:00:00+00:00,31.641916,31.792952,31.596606,31.770296,17457082,553397224.158785
2017-03-03 00:00:00+00:00,31.755193,31.762745,31.536192,31.724986,22839955,723907326.094945
2017-03-06 00:00:00+00:00,31.589054,31.717434,31.498433,31.687227,18773108,593662688.8889961
2017-03-07 00:00:00+00:00,31.641916,31.709882,31.502209,31.626813,21519296,680444550.97568
2017-03-08 00:00:00+00:00,31.626813,31.626813,31.475777,31.543743,23677957,747472530.3106805
2017-03-09 00:00:00+00:00,31.611709,31.815607,31.52864,31.672123,23401962,740836373.2227495
2017-03-10 00:00:00+00:00,31.740089,32.04216,31.732538,31.981746,26131994,832934658.8442006
2017-03-13 00:00:00+00:00,31.883573,32.034608,31.853366,31.996849,19709525,629563598.792975
2017-03-14 00:00:00+00:00,32.004401,32.049712,31.755193,31.7854,13326457,425096340.7341605
2017-03-15 00:00:00+00:00,31.823159,32.200747,31.7854,32.162988,27882130,892035034.4265549
2017-03-16 00:00:00+00:00,32.17054,32.215851,31.974194,32.049712,19335563,620721346.8730528
2017-03-17 00:00:00+00:00,32.162988,32.208299,31.996849,32.178092,32772352,1053190558.0720639
2017-03-20 00:00:00+00:00,32.178092,32.246058,31.959091,32.034608,15694132,503851668.340517
2017-03-21 00:00:00+00:00,32.102574,32.102574,31.717434,31.777848,26879832,858141526.1819398
2017-03-22 00:00:00+00:00,31.792952,31.808055,31.309638,31.453122,24559964,775872392.106097
2017-03-23 00:00:00+00:00,31.438019,31.649468,31.27188,31.453122,19413189,610605406.8793552
2017-03-24 00:00:00+00:00,31.536192,31.634365,31.370053,31.475777,18806228,592473226.414559
2017-03-27 00:00:00+00:00,31.407811,31.52864,31.249224,31.332294,17459689,547876175.6629103
2017-03-28 00:00:00+00:00,31.27188,31.422915,31.158603,31.385156,20639018,646200192.574993
2017-03-29 00:00:00+00:00,31.370053,31.52864,31.264328,31.302087,18676641,585816695.0355569
2017-03-30 00:00:00+00:00,31.256776,31.588299,31.208973,31.536192,19563462,614244971.9527199
2017-03-31 00:00:00+00:00,31.558847,31.634365,31.377604,31.377604,23217731,731059133.8587551
2017-04-03 00:00:00+00:00,31.415363,31.543743,31.241672,31.392708,23808503,747548222.0528644
2017-04-04 00:00:00+00:00,31.392708,31.494657,31.264328,31.483329,16622158,522081296.50436896
2017-04-05 00:00:00+00:00,31.505984,31.521088,31.31719,31.347397,26425304,830360074.834834
2017-04-06 00:00:00+00:00,31.000016,31.022671,30.660186,30.660186,27135778,836752466.7162255
2017-04-07 00:00:00+00:00,30.660186,30.856532,30.600527,30.652634,26928694,826508126.0020065
2017-04-10 00:00:00+00:00,30.660186,30.7206,30.441185,30.494047,24120234,737572744.027053
2017-04-11 00:00:00+00:00,30.494047,30.501599,30.259942,30.441185,25968395,790067467.8723338
2017-04-12 00:00:00+00:00,30.365667,30.637531,30.259942,30.629979,29391477,895654700.8866906
2017-04-13 00:00:00+00:00,30.599772,30.781015,30.395874,30.41853,23247781,710191759.9052927
2017-04-17 00:00:00+00:00,30.426081,30.577117,30.373219,30.433633,16047423,488684349.50028753
2017-04-18 00:00:00+00:00,30.373219,30.531806,30.343012,30.395874,21081449,641107476.4767598
2017-04-19 00:00:00+00:00,30.448737,30.545701,30.350564,30.395874,31515105,959169122.4829949
2017-04-20 00:00:00+00:00,30.199528,30.59222,30.146666,30.478944,28755820,872863922.8808899
2017-04-21 00:00:00+00:00,30.380771,30.478944,30.063596,30.154218,31645742,957897061.1828794
2017-04-24 00:00:00+00:00,30.282598,30.320357,30.101355,30.222184,31825368,962132543.124948
2017-04-25 00:00:00+00:00,30.267494,30.395874,29.972975,30.161769,50819613,1534728325.742664
2017-04-26 00:00:00+00:00,30.222184,30.629979,30.093803,30.539358,45489105,1381564664.848755
2017-04-27 00:00:00+00:00,30.478944,30.509151,30.116459,30.139114,29987765,908956655.9305052
2017-04-28 00:00:00+00:00,30.116459,30.252391,29.844595,29.927665,33098178,994112960.974395
2017-05-01 00:00:00+00:00,29.965423,29.980527,29.497214,29.527421,32771972,974725170.110905
2017-05-02 00:00:00+00:00,29.557628,29.618042,29.361282,29.414144,32909459,970426689.4542661
2017-05-03 00:00:00+00:00,29.406592,29.436799,28.810003,28.998797,44681836,1303058516.8256688
2017-05-04 00:00:00+00:00,29.006349,29.006349,28.417311,28.704278,41645442,1198704567.8674636
2017-05-05 00:00:00+00:00,28.75714,29.232902,28.719381,29.119625,28906019,837039165.559978
2017-05-08 00:00:00+00:00,29.263109,29.285764,28.938383,29.127177,26668872,777493846.7573941
2017-05-09 00:00:00+00:00,29.09697,29.112073,28.817554,28.862865,28591172,828353885.257366
2017-05-10 00:00:00+00:00,28.84021,29.187591,28.794899,29.036556,29937671,867139072.108194
2017-05-11 00:00:00+00:00,29.036556,29.112073,28.859014,29.029004,21906016,635475161.442088
2017-05-12 00:00:00+00:00,29.066763,29.157384,28.930831,29.066763,18234273,529804738.4823233
2017-05-15 00:00:00+00:00,29.089418,29.217798,29.006349,29.14228,28336379,824984240.1713138
2017-05-16 00:00:00+00:00,29.210246,29.270661,28.84021,28.84021,28601950,830610116.6969125
2017-05-17 00:00:00+00:00,28.681622,28.726933,28.281379,28.28893,39283214,1119364026.4972239
2017-05-18 00:00:00+00:00,28.319138,28.802451,28.28893,28.658967,34089911,972154656.3889365
2017-05-19 00:00:00+00:00,28.726933,28.915727,28.613657,28.877968,26948151,775664024.3642586
2017-05-22 00:00:00+00:00,28.877968,28.961038,28.825106,28.88552,19627238,566980032.019104
2017-05-23 00:00:00+00:00,28.893072,29.010124,28.855313,28.930831,17923293,518383484.44915503
2017-05-24 00:00:00+00:00,28.930831,28.96859,28.75714,28.810003,20717892,598055950.640772
2017-05-25 00:00:00+00:00,28.787347,28.953486,28.779795,28.870417,19720607,568895362.4410788
2017-05-26 00:00:00+00:00,28.855313,28.88552,28.704278,28.787347,18175757,523609288.78017646
2017-05-30 00:00:00+00:00,28.84021,29.210246,28.84021,29.112073,27181994,788296438.8703915
2017-05-31 00:00:00+00:00,29.187591,29.35373,29.081866,29.09697,31834156,928921921.570623
2017-06-01 00:00:00+00:00,29.210246,29.368834,29.089418,29.35373,23426576,685357529.482832
2017-06-02 00:00:00+00:00,29.451903,29.512317,29.270661,29.35373,24536005,721288686.8597637
2017-06-05 00:00:00+00:00,29.308419,29.346178,29.127177,29.308419,18302812,535769947.380679
2017-06-06 00:00:00+00:00,29.285764,29.391489,29.187591,29.248005,21476177,628784068.5245683
2017-06-07 00:00:00+00:00,29.338626,29.35373,29.104522,29.270661,21755736,636722618.163426
2017-06-08 00:00:00+00:00,29.308419,29.331075,29.0139,29.074314,26844101,783362595.762627
2017-06-09 00:00:00+00:00,29.172488,29.300868,29.112829,29.293316,24362840,711879145.53571
2017-06-12 00:00:00+00:00,29.300868,29.731318,29.300868,29.504765,30165019,888645012.2633902
2017-06-13 00:00:00+00:00,29.459455,29.459455,29.134729,29.210246,24950516,731448609.728665
2017-06-14 00:00:00+00:00,29.293316,29.308419,29.074314,29.240453,21658746,633066205.006623
2017-06-15 00:00:00+00:00,29.202695,29.376385,29.180039,29.331075,22095728,646798269.522808
2017-06-16 00:00:00+00:00,29.429248,29.451903,29.195143,29.421696,39374529,1156607003.6741774
2017-06-19 00:00:00+00:00,29.436799,29.436799,29.214022,29.383937,27752161,815022390.6961693
2017-06-20 00:00:00+00:00,29.278212,29.391489,29.149832,29.195143,28786360,842106647.1548401
2017-06-21 00:00:00+00:00,29.180039,29.202695,28.583449,28.810003,32572150,942769824.204975
2017-06-22 00:00:00+00:00,28.84021,28.961038,28.670295,28.772244,21453186,618086599.4638455
2017-06-23 00:00:00+00:00,28.817554,28.817554,28.560794,28.658967,30332816,870967902.0202761
2017-06-26 00:00:00+00:00,28.651415,28.908176,28.591001,28.810003,24370147,700401649.8393662
2017-06-27 00:00:00+00:00,28.575898,28.606105,28.394655,28.470173,26301183,749891643.1752683
2017-06-28 00:00:00+00:00,28.606105,28.745813,28.530587,28.651415,26941017,771415071.44916
2017-06-29 00:00:00+00:00,28.598553,28.681622,28.409759,28.409759,31407100,895885117.005075
2017-06-30 00:00:00+00:00,28.492828,28.598553,28.349345,28.492828,29848285,850180297.7137225
2017-07-03 00:00:00+00:00,28.575898,28.794899,28.534363,28.779795,14730779,422349681.68248624
2017-07-05 00:00:00+00:00,28.779795,28.855313,28.583449,28.787347,26596228,764680811.032528
2017-07-06 00:00:00+00:00,28.387103,28.466397,28.077481,28.077481,27553382,778441330.6796211
2017-07-07 00:00:00+00:00,28.085033,28.11524,27.805617,27.926445,27597226,772255486.4256774
2017-07-10 00:00:00+00:00,27.911342,28.001963,27.805617,27.813169,30158697,840915634.5613568
2017-07-11 00:00:00+00:00,27.813169,27.835824,27.594168,27.639478,28587358,792460424.2694405
2017-07-12 00:00:00+00:00,27.767858,27.866031,27.64703,27.813169,23155293,643104039.551946
2017-07-13 00:00:00+00:00,27.594168,27.639478,27.329856,27.344959,40030433,1099920821.0484033
2017-07-14 00:00:00+00:00,27.360063,27.473339,27.314752,27.412925,31199880,854573129.36763
2017-07-17 00:00:00+00:00,27.428029,27.526202,27.375166,27.480891,27207903,746926916.076516
2017-07-18 00:00:00+00:00,27.511098,27.511098,27.088199,27.17882,38594789,1054498548.2251587
2017-07-19 00:00:00+00:00,27.209027,27.284545,27.042888,27.284545,34801462,946782517.5773276
2017-07-20 00:00:00+00:00,27.43558,27.730099,27.3072,27.579064,42231764,1161921921.129363
2017-07-21 00:00:00+00:00,27.503546,27.64703,27.378942,27.571512,26683512,734470538.80434
2017-07-24 00:00:00+00:00,27.571512,27.601719,27.322304,27.360063,29666556,814759312.495122
2017-07-25 00:00:00+00:00,27.405373,27.563961,27.284545,27.352511,38993463,1068483178.2571425
2017-07-26 00:00:00+00:00,28.258723,28.772244,28.24362,28.719381,95913673,2733395042.681116
2017-07-27 00:00:00+00:00,28.847761,29.829491,28.847761,29.761526,82082698,2406798890.0505557
2017-07-28 00:00:00+00:00,29.640697,29.957872,29.323523,29.451903,47688054,1411256366.4389324
2017-07-31 00:00:00+00:00,29.429248,29.550076,29.236678,29.451903,37714735,1109453463.7700438
2017-08-01 00:00:00+00:00,29.640697,29.655801,29.232902,29.361282,38897491,1146412935.5197155
2017-08-02 00:00:00+00:00,29.414144,29.444351,28.726933,28.900624,45831035,1334669081.555955
2017-08-03 00:00:00+00:00,28.88552,29.074314,28.810003,28.908176,24963977,721945813.9844252
2017-08-04 00:00:00+00:00,29.029004,29.089418,28.726933,29.021452,21606870,625879759.0410224
2017-08-07 00:00:00+00:00,29.029004,29.180039,28.976141,29.089418,22280536,647665113.9366679
2017-08-08 00:00:00+00:00,29.119625,29.259333,28.900624,28.96859,20439972,594027345.182796
2017-08-09 00:00:00+00:00,28.847761,28.995021,28.742037,28.96859,26095506,753856169.4699885
2017-08-10 00:00:00+00:00,28.900624,29.104522,28.832658,28.84021,28212446,815889930.8405609
2017-08-11 00:00:00+00:00,28.923279,28.953486,28.749588,28.772244,17583933,507290299.4855003
2017-08-14 00:00:00+00:00,28.877968,29.119625,28.832658,29.074314,22727914,658567246.3818525
2017-08-15 00:00:00+00:00,29.074314,29.112073,28.704278,28.817554,19625058,567695127.2379255
2017-08-16 00:00:00+00:00,28.817554,28.953486,28.666519,28.870417,19827564,571569068.462616
2017-08-17 00:00:00+00:00,28.779795,28.859089,28.379552,28.394655,29124262,833049209.6284605
2017-08-18 00:00:00+00:00,28.319138,28.402207,28.092584,28.220964,30480092,861328484.462539
2017-08-21 00:00:00+00:00,28.311586,28.609881,28.247396,28.379552,22920588,650649109.567005
2017-08-22 00:00:00+00:00,28.462621,28.689174,28.364448,28.681622,19515634,557160934.2303525
2017-08-23 00:00:00+00:00,28.583449,28.753364,28.583449,28.636312,26397625,756005370.4341875
2017-08-24 00:00:00+00:00,28.666519,28.677847,28.421086,28.455069,14489029,413736110.2910272
2017-08-25 00:00:00+00:00,28.560794,28.794899,28.515484,28.689174,18787471,538074818.0405803
2017-08-28 00:00:00+00:00,28.696726,28.749588,28.507932,28.651415,13412140,384276792.53113496
2017-08-29 00:00:00+00:00,28.507932,28.719381,28.507932,28.583449,12700320,362970998.94552
2017-08-30 00:00:00+00:00,28.560794,28.560794,28.402207,28.447518,16464485,469119743.3297013
2017-08-31 00:00:00+00:00,28.50038,28.598553,28.281379,28.28893,27461799,780390469.0715895
2017-09-01 00:00:00+00:00,28.387103,28.398431,28.258723,28.304034,16909137,479155445.3087168
2017-09-05 00:00:00+00:00,28.24362,28.266275,27.888687,28.009515,30199957,848679923.9629573
2017-09-06 00:00:00+00:00,28.03217,28.062377,27.586616,27.616823,37567997,1045310601.0385104
2017-09-07 00:00:00+00:00,27.639478,27.782962,26.869198,26.884301,64383224,1757274734.011834
2017-09-08 00:00:00+00:00,26.884301,27.00513,26.506713,26.876749,54359460,1457824134.0294452
2017-09-11 00:00:00+00:00,26.944715,27.035337,26.823887,26.990026,30521030,822495709.8959875
2017-09-12 00:00:00+00:00,27.156165,27.511098,27.05044,27.382718,37455196,1021594413.059379
2017-09-13 00:00:00+00:00,27.443132,27.692341,27.397822,27.601719,34074451,938197534.4818285
2017-09-14 00:00:00+00:00,27.639478,27.639478,27.352511,27.428029,23682020,651607796.36548
2017-09-15 00:00:00+00:00,27.533753,28.024618,27.480891,28.017067,63485667,1762621280.2841108
2017-09-18 00:00:00+00:00,28.017067,28.319138,27.956653,28.258723,42340148,1191362649.293497
2017-09-19 00:00:00+00:00,28.251172,29.029004,28.144692,28.855313,61336556,1752388180.399159
2017-09-20 00:00:00+00:00,28.938383,29.251781,28.859089,29.021452,35580011,1032449240.1694388
2017-09-21 00:00:00+00:00,29.074314,29.104522,28.802451,28.862865,22221586,643560196.5662681
2017-09-22 00:00:00+00:00,28.998797,29.187591,28.855313,29.14228,30737989,892815482.4885522
2017-09-25 00:00:00+00:00,29.09697,29.595387,29.074314,29.542524,47908107,1405015366.5359664
2017-09-26 00:00:00+00:00,29.542524,29.686008,29.22535,29.240453,29934587,880782827.6161612
2017-09-27 00:00:00+00:00,29.172488,29.383937,29.081866,29.278212,31474088,919960076.018566
2017-09-28 00:00:00+00:00,29.210246,29.580283,29.14228,29.48211,22999737,675128064.2190757
2017-09-29 00:00:00+00:00,29.414144,29.618042,29.308419,29.580283,29081170,857319347.6197399
2017-10-02 00:00:00+00:00,29.602938,29.686008,29.504765,29.534972,20663104,611259470.753008
2017-10-03 00:00:00+00:00,29.595387,29.814388,29.519869,29.814388,21276536,631615417.908288
2017-10-04 00:00:00+00:00,29.731318,29.95032,29.636921,29.829491,23720597,706565719.3464626
2017-10-05 00:00:00+00:00,29.912561,30.056045,29.753974,29.837043,29935023,894755016.0940821
2017-10-06 00:00:00+00:00,29.331075,29.489662,29.104522,29.14228,29704154,869348051.7142515
2017-10-09 00:00:00+00:00,29.187591,29.202695,28.810003,28.923279,25487922,739937110.8864241
2017-10-10 00:00:00+00:00,28.961038,29.157384,28.900624,29.074314,22931651,665553103.7343401
2017-10-11 00:00:00+00:00,29.081866,29.157384,28.734485,28.84021,35724076,1034336543.259955
2017-10-12 00:00:00+00:00,28.311586,28.341793,27.057992,27.080647,108552585,3006689987.8166323
2017-10-13 00:00:00+00:00,27.065544,27.216579,26.619989,26.959819,74267825,2002667753.9175186
2017-10-16 00:00:00+00:00,27.05044,27.526202,26.997578,27.314752,41178501,1120971160.597743
2017-10-17 00:00:00+00:00,27.314752,27.405373,27.17882,27.360063,28686725,783570779.0672
2017-10-18 00:00:00+00:00,27.360063,27.397822,26.816335,26.967371,48683654,1321050315.2133784
2017-10-19 00:00:00+00:00,27.13351,27.43558,26.876749,26.952267,43549218,1180163187.2452772
2017-10-20 00:00:00+00:00,27.027785,27.065544,26.733266,26.838991,50101435,1348550089.6789775
2017-10-23 00:00:00+00:00,26.748369,26.929612,26.574679,26.619989,40920562,1093322214.8771846
2017-10-24 00:00:00+00:00,26.6653,26.703059,26.287711,26.32547,69170288,1832693411.12088
2017-10-25 00:00:00+00:00,25.872364,25.94033,25.170049,25.290878,127621968,3263090196.6265316
2017-10-26 00:00:00+00:00,25.487224,25.592949,25.373947,25.434361,59749584,1521948588.535476
2017-10-27 00:00:00+00:00,25.434361,25.691122,25.328637,25.653363,69278198,1768455606.1389086
2017-10-30 00:00:00+00:00,25.691122,25.925226,25.21536,25.328637,68454991,1748346374.382974
2017-10-31 00:00:00+00:00,25.404154,25.55519,25.245567,25.411706,48169324,1223700937.0142272
2017-11-01 00:00:00+00:00,25.570293,25.630707,25.139842,25.336188,50113687,1273852714.1274025
2017-11-02 00:00:00+00:00,25.351292,25.996213,24.867979,25.049221,96623979,2446149682.340299
2017-11-03 00:00:00+00:00,25.177601,25.21536,24.883082,25.147394,53284620,1337756169.9097352
2017-11-06 00:00:00+00:00,24.973703,24.981255,24.581011,24.815116,63226259,1570399358.035254
2017-11-07 00:00:00+00:00,24.792461,25.011462,24.705087,24.973703,39806518,990015101.4308333
2017-11-08 00:00:00+00:00,24.807564,25.29843,24.754702,25.253119,115998294,2903257936.457902
2017-11-09 00:00:00+00:00,25.245567,26.018113,25.185153,25.676018,92582088,2363732985.567222
2017-11-10 00:00:00+00:00,25.804398,26.038503,25.751536,25.842157,76110080,1968141861.06688
2017-11-13 00:00:00+00:00,25.887468,25.947882,25.781743,25.804398,38218531,988154364.9624302
2017-11-14 00:00:00+00:00,25.819502,25.827053,25.358844,25.464568,40071709,1026536674.7159007
2017-11-15 00:00:00+00:00,25.691122,25.827053,25.411706,25.532534,43542524,1115368041.0588648
2017-11-16 00:00:00+00:00,25.570293,26.174435,25.532534,26.06871,52922980,1367344202.30914
2017-11-17 00:00:00+00:00,25.955433,26.340574,25.94033,26.061158,48951723,1276385521.2084713
2017-11-20 00:00:00+00:00,26.091365,26.355677,26.008296,26.159331,41400429,1082773044.07325
2017-11-21 00:00:00+00:00,26.129124,26.242401,25.895019,25.925226,46898940,1221620892.4309502
2017-11-22 00:00:00+00:00,25.887468,26.363229,25.827053,26.333022,35030077,914379345.6973611
2017-11-24 00:00:00+00:00,26.333022,26.393436,26.234849,26.287711,12186650,320658236.302425
2017-11-27 00:00:00+00:00,26.310367,26.438747,26.091365,26.189538,35479665,931607454.5260763
2017-11-28 00:00:00+00:00,26.098917,26.838991,26.098917,26.748369,45619007,1206453876.3955894
2017-11-29 00:00:00+00:00,26.79368,27.601719,26.740818,27.548857,70418099,1913349075.1885815
2017-11-30 00:00:00+00:00,27.563961,27.866031,27.205251,27.473339,65986196,1816411618.283518
2017-12-01 00:00:00+00:00,27.450684,27.752755,27.129734,27.563961,41628803,1143721535.3876505
2017-12-04 00:00:00+00:00,27.786738,28.349345,27.752755,28.145447,53606534,1501442427.0045474
2017-12-05 00:00:00+00:00,28.092584,28.16055,27.579064,27.601719,43771709,1219413246.9135385
2017-12-06 00:00:00+00:00,27.495995,27.526202,27.205251,27.269441,41277949,1129951749.9501653
2017-12-07 00:00:00+00:00,27.284545,27.488443,27.042888,27.314752,32481525,886182305.411925
2017-12-08 00:00:00+00:00,27.3072,27.752755,27.299649,27.737651,33776754,929681974.5525675
2017-12-11 00:00:00+00:00,27.677237,27.896238,27.579064,27.866031,31339287,869810706.8898976
2017-12-12 00:00:00+00:00,27.964204,28.825106,27.926445,28.772244,61442432,1743244665.3433921
2017-12-13 00:00:00+00:00,28.704278,28.84021,28.220964,28.726933,52532630,1503646524.7556374
2017-12-14 00:00:00+00:00,28.591001,28.814232,28.455069,28.50038,45401962,1298049834.614521
2017-12-15 00:00:00+00:00,28.802451,28.915727,28.643864,28.877968,61983585,1785747238.8089626
2017-12-18 00:00:00+00:00,29.074314,29.368834,28.987469,29.044107,41708432,1214494526.418192
2017-12-19 00:00:00+00:00,29.044107,29.209114,28.719381,28.734485,38642338,1117798091.2123516
2017-12-20 00:00:00+00:00,28.900624,29.331075,28.832658,29.112073,35711976,1037222469.9814199
2017-12-21 00:00:00+00:00,29.119625,29.670904,29.052414,29.361282,42349965,1240898706.6505313
2017-12-22 00:00:00+00:00,29.285764,29.534972,29.22535,29.406592,26431555,776114229.6135726
2017-12-26 00:00:00+00:00,29.421696,29.697336,29.414144,29.497214,17980145,530550881.6516375
2017-12-27 00:00:00+00:00,29.512317,29.557628,29.232902,29.368834,21636429,636498742.8167872
2017-12-28 00:00:00+00:00,29.451903,29.602938,29.361282,29.587835,20693736,610485688.451772
2017-12-29 00:00:00+00:00,29.618042,29.69356,29.361282,29.361282,35064493,1034702046.8669595
2018-01-02 00:00:00+00:00,29.497214,29.497214,28.96859,29.104522,42633214,1247741371.3183901
2018-01-03 00:00:00+00:00,29.051659,29.066763,28.341793,28.432414,51858647,1489544072.5532408
2018-01-04 00:00:00+00:00,28.507932,28.84021,28.137895,28.696726,36899514,1053322115.4692955
2018-01-05 00:00:00+00:00,28.802451,28.817554,28.545691,28.802451,29390263,844736019.2381654
2018-01-08 00:00:00+00:00,28.810003,29.059211,28.583449,28.88552,35281727,1017332571.3205103
2018-01-09 00:00:00+00:00,28.417311,28.689174,28.304034,28.311586,37158263,1056428971.6259037
2018-01-10 00:00:00+00:00,28.236068,28.236068,27.594168,27.654582,54396025,1519293026.9695375
2018-01-11 00:00:00+00:00,27.692341,27.767858,27.465787,27.548857,54821988,1514112629.311971
2018-01-12 00:00:00+00:00,27.548857,27.933997,27.428029,27.866031,41291228,1143528703.2775981
2018-01-16 00:00:00+00:00,27.866031,27.956653,27.594168,27.730099,32744118,909852219.7210544
2018-01-17 00:00:00+00:00,27.767858,27.90379,27.552633,27.828272,29198728,810648322.188146
2018-01-18 00:00:00+00:00,27.820721,28.228516,27.798065,28.054826,36628578,1024703955.9534961
2018-01-19 00:00:00+00:00,28.145447,28.220964,27.896238,28.100136,36971251,1038548181.8235087
2018-01-22 00:00:00+00:00,28.092584,28.621208,27.926445,28.598553,41450663,1173455730.7044425
2018-01-23 00:00:00+00:00,28.681622,28.862865,27.964204,28.085033,43746006,1242317932.916586
2018-01-24 00:00:00+00:00,28.16055,28.232292,27.926445,27.956653,37829290,1061829773.5706501
2018-01-25 00:00:00+00:00,27.956653,28.281379,27.820721,28.281379,30986517,870257352.500061
2018-01-26 00:00:00+00:00,28.28893,28.560794,28.213413,28.560794,28613762,812802029.7846055
2018-01-29 00:00:00+00:00,28.039722,28.455069,27.926445,28.137895,40890605,1150652741.2160637
2018-01-30 00:00:00+00:00,28.213413,28.545691,28.168102,28.273827,39571082,1119871839.8319263
2018-01-31 00:00:00+00:00,28.258723,28.639937,28.190757,28.281379,54851225,1554631759.956275
2018-02-01 00:00:00+00:00,29.157384,29.670904,28.999552,29.572731,79403670,2330509049.373893
2018-02-02 00:00:00+00:00,29.474558,29.48211,28.553242,28.749588,61043512,1774222015.319244
2018-02-05 00:00:00+00:00,28.553242,28.930831,27.662134,27.662134,60377285,1702765338.7335463
2018-02-06 00:00:00+00:00,27.246786,27.994411,26.808784,27.813169,83298749,2287865739.0498376
2018-02-07 00:00:00+00:00,27.798065,28.281379,27.745203,27.888687,47186976,1317853602.584496
2018-02-08 00:00:00+00:00,27.85848,27.90379,26.861646,26.861646,60572587,1657955932.3722239
2018-02-09 00:00:00+00:00,27.057992,27.450684,26.45385,27.224131,66498881,1798572907.407704
2018-02-12 00:00:00+00:00,27.443132,27.639478,27.163717,27.465787,36747334,1007906924.2510191
2018-02-13 00:00:00+00:00,27.405373,27.722548,27.163717,27.639478,30293785,832557398.228515
2018-02-14 00:00:00+00:00,27.488443,27.767103,27.269441,27.495995,32885298,904518194.830659
2018-02-15 00:00:00+00:00,27.541305,27.941549,27.360063,27.941549,36424787,1008825144.2396854
2018-02-16 00:00:00+00:00,27.926445,28.236068,27.8359,28.047274,26353607,738202000.3107523
2018-02-20 00:00:00+00:00,27.850928,28.009515,27.692341,27.767858,29226967,813391182.5382036
2018-02-21 00:00:00+00:00,27.767858,27.97085,27.397822,27.420477,27533431,761003430.9502543
2018-02-22 00:00:00+00:00,27.541305,27.933997,27.495995,27.541305,24547247,678195034.4766734
2018-02-23 00:00:00+00:00,27.639478,27.752755,27.405373,27.730099,23102284,638360607.694555
2018-02-26 00:00:00+00:00,27.888687,28.326689,27.798065,28.28893,26313611,738770226.2179202
2018-02-27 00:00:00+00:00,28.258723,28.424862,27.843376,27.843376,28365024,796846826.4732721
2018-02-28 00:00:00+00:00,28.077481,28.077481,27.412925,27.412925,38774582,1075808648.830146
2018-03-01 00:00:00+00:00,27.420477,27.752755,27.084423,27.186372,37804252,1034362394.150701
2018-03-02 00:00:00+00:00,27.186372,27.488443,27.148613,27.450684,28290056,772842686.9575679
2018-03-05 00:00:00+00:00,27.314752,27.805617,27.26189,27.714996,25555592,703400132.2749901
2018-03-06 00:00:00+00:00,27.813169,27.866031,27.563961,27.843376,23123131,642167136.8468367
2018-03-07 00:00:00+00:00,27.631926,27.960428,27.609271,27.873583,24479018,679753003.996436
2018-03-08 00:00:00+00:00,27.888687,28.024618,27.609271,28.024618,26174375,729919521.4884375
2018-03-09 00:00:00+00:00,28.069929,28.107688,27.805617,27.979308,24921667,697573297.0493785
2018-03-12 00:00:00+00:00,27.979308,28.368224,27.971756,28.213413,29536129,830945093.3636073
2018-03-13 00:00:00+00:00,28.356896,28.553242,28.137895,28.236068,25403071,719441015.2185428
2018-03-14 00:00:00+00:00,28.387103,28.387103,27.911342,27.964204,24636935,693836154.4475299
2018-03-15 00:00:00+00:00,28.009515,28.16055,27.949101,27.971756,28972213,811880516.8875965
2018-03-16 00:00:00+00:00,28.009515,28.198309,27.866031,27.941549,49131579,1375873417.7107291
2018-03-19 00:00:00+00:00,27.926445,28.013291,27.541305,27.624375,26004349,722306003.363546
2018-03-20 00:00:00+00:00,27.699892,27.805617,27.322304,27.443132,26705131,736200007.9296988
2018-03-21 00:00:00+00:00,27.443132,27.563961,27.186372,27.186372,23090157,631399402.2411023
2018-03-22 00:00:00+00:00,27.148613,27.216579,26.703059,26.71061,37338173,1006066439.4402384
2018-03-23 00:00:00+00:00,26.71061,27.17882,26.091365,26.204642,46383814,1231321389.8291795
2018-03-26 00:00:00+00:00,26.476506,26.647629,26.008296,26.19709,41702185,1098117792.6758463
2018-03-27 00:00:00+00:00,26.317918,26.58223,26.19709,26.355677,44838117,1182077535.1902637
2018-03-28 00:00:00+00:00,26.650196,27.073095,26.612437,26.854094,40713852,1091027637.203586
2018-03-29 00:00:00+00:00,26.944715,27.103303,26.446299,26.92206,36500168,980178951.612834
2018-04-02 00:00:00+00:00,26.869198,26.929612,26.302739,26.506713,38710026,1031702148.4587032
2018-04-03 00:00:00+00:00,26.552023,26.748369,26.317918,26.71061,28973566,770181995.33218
2018-04-04 00:00:00+00:00,26.461402,27.141061,26.416091,27.095751,27228218,729132911.8646225
2018-04-05 00:00:00+00:00,27.141061,27.344959,26.947283,27.292097,22648106,615606096.0231
2018-04-06 00:00:00+00:00,27.193924,27.337407,26.748369,26.906957,33260293,899579977.6276252
2018-04-09 00:00:00+00:00,26.612437,26.959819,26.476506,26.559575,28972868,772187318.900129
2018-04-10 00:00:00+00:00,26.672852,27.480891,26.468954,27.042888,53317120,1435104728.8288002
2018-04-11 00:00:00+00:00,26.929612,26.982474,26.567127,26.619989,27868665,746177945.5763326
2018-04-12 00:00:00+00:00,26.733266,26.786128,26.476506,26.552023,29066304,774238580.121648
2018-04-13 00:00:00+00:00,26.589782,26.71061,26.446299,26.53692,19035054,505778568.67499846
2018-04-16 00:00:00+00:00,26.71061,27.05044,26.593558,26.914508,32946717,883541301.923043
2018-04-17 00:00:00+00:00,26.959819,27.008905,26.6653,26.703059,27259529,731489581.7034767
2018-04-18 00:00:00+00:00,26.79368,26.838991,26.552023,26.589782,28603935,763542542.790765
2018-04-19 00:00:00+00:00,26.612437,26.635093,26.287711,26.295263,31176706,824861627.2599559
2018-04-20 00:00:00+00:00,26.32547,26.476506,25.789295,26.181987,42973767,1125625394.2807214
2018-04-23 00:00:00+00:00,26.212194,26.348126,26.121572,26.348126,28088698,737539114.1341411
2018-04-24 00:00:00+00:00,26.544472,26.680403,26.249953,26.431195,28565781,756322064.8997408
2018-04-25 00:00:00+00:00,26.332116,26.612437,26.227297,26.58223,33490449,885437905.69548
2018-04-26 00:00:00+00:00,25.253119,25.449465,24.516821,24.996359,175098506,4386907638.512146
2018-04-27 00:00:00+00:00,25.026566,25.34374,24.935945,24.951048,71784347,1799226185.1746883
2018-04-30 00:00:00+00:00,25.124739,25.230464,24.671633,24.694288,61117851,1523685199.5461311
2018-05-01 00:00:00+00:00,24.732047,24.852875,24.437528,24.57346,47428786,1169071078.966315
2018-05-02 00:00:00+00:00,24.641426,24.641426,24.090146,24.210975,53204236,1297970182.3274071
2018-05-03 00:00:00+00:00,24.195871,24.278941,23.871145,24.120353,53359874,1286857536.7112348
2018-05-04 00:00:00+00:00,24.112802,24.369562,24.029808,24.271389,33819279,818287563.0181297
2018-05-07 00:00:00+00:00,24.331803,24.354458,24.052387,24.195871,34781626,842885046.5869734
2018-05-08 00:00:00+00:00,24.143009,24.165664,23.84849,23.939111,44378931,1066162478.3007734
2018-05-09 00:00:00+00:00,23.886249,23.946663,23.538867,23.712558,49649769,1180228841.8920383
2018-05-10 00:00:00+00:00,23.84849,24.188319,23.788075,24.075043,39605830,949549051.4436024
2018-05-11 00:00:00+00:00,24.173216,24.399769,24.158112,24.384665,36431614,884520988.624967
2018-05-14 00:00:00+00:00,24.460183,24.528149,24.244958,24.309148,35614151,868472778.9600345
2018-05-15 00:00:00+00:00,24.271389,24.346906,24.02218,24.23363,35100131,850073444.0019388
2018-05-16 00:00:00+00:00,24.23363,24.475287,24.203423,24.392217,25234232,613851441.498806
2018-05-17 00:00:00+00:00,24.452631,24.475287,24.090146,24.112802,33661717,817397930.8142306
2018-05-18 00:00:00+00:00,24.120353,24.241182,23.999525,24.203423,28973885,699462056.3816139
2018-05-21 00:00:00+00:00,24.286492,24.656529,24.08637,24.611218,37989697,927334287.7013683
2018-05-22 00:00:00+00:00,24.641426,24.777357,24.467735,24.49039,38914428,957070275.807156
2018-05-23 00:00:00+00:00,24.482838,24.562132,24.203423,24.414872,34384307,839520921.5955887
2018-05-24 00:00:00+00:00,24.460183,24.777357,24.324251,24.754702,46684082,1147453805.2911067
2018-05-25 00:00:00+00:00,24.694288,24.709391,24.460183,24.550804,28889028,710776010.421162
2018-05-29 00:00:00+00:00,24.513045,24.535701,24.271389,24.414872,35696445,872198075.4875287
2018-05-30 00:00:00+00:00,24.437528,24.647089,24.377114,24.596115,31960406,783492142.411369
2018-05-31 00:00:00+00:00,24.543253,24.581011,24.286492,24.407321,38954410,952611369.2173923
2018-06-01 00:00:00+00:00,24.528149,24.626322,24.437528,24.520597,31468472,771863370.018328
2018-06-04 00:00:00+00:00,24.603667,24.679184,24.445079,24.475287,24336984,597492530.2193819
2018-06-05 00:00:00+00:00,24.482838,24.70184,24.392217,24.679184,31003742,761576530.8119045
2018-06-06 00:00:00+00:00,24.74715,25.34374,24.61877,25.207808,45212289,1129374359.841063
2018-06-07 00:00:00+00:00,24.973703,25.653363,24.845323,25.532534,56361080,1423186636.39921
2018-06-08 00:00:00+00:00,25.419258,25.698673,25.358844,25.547638,43941511,1120776716.527011
2018-06-11 00:00:00+00:00,25.653363,26.038503,25.532534,25.81195,49204289,1267457585.7262876
2018-06-12 00:00:00+00:00,26.030951,26.076262,25.736432,25.94033,78658735,2040879046.6929064
2018-06-13 00:00:00+00:00,24.920841,25.026566,24.324251,24.331803,258327160,6367988011.575191
2018-06-14 00:00:00+00:00,24.61877,24.905737,24.241182,24.558356,117460023,2887286146.7882586
2018-06-15 00:00:00+00:00,24.633874,25.124739,24.278941,25.034118,150936565,3738384465.1216702
2018-06-18 00:00:00+00:00,24.935945,24.951048,24.241182,24.309148,104154006,2563160382.591484
2018-06-19 00:00:00+00:00,24.165664,24.61877,24.135457,24.460183,115659906,2815742551.278261
2018-06-20 00:00:00+00:00,24.528149,24.603667,24.127905,24.165664,73896871,1799857776.8675838
2018-06-21 00:00:00+00:00,24.241182,24.392217,23.795627,23.863593,68097152,1639313278.1302722
2018-06-22 00:00:00+00:00,23.961766,24.082595,23.795627,23.931559,84615972,2025950634.837171
2018-06-25 00:00:00+00:00,23.901352,24.127905,23.84849,23.946663,64386821,1542457283.5251524
2018-06-26 00:00:00+00:00,23.961766,24.02218,23.712558,23.878697,59116724,1412523194.690381
2018-06-27 00:00:00+00:00,24.15056,24.203423,23.8938,23.901352,61478301,1477771365.6049087
2018-06-28 00:00:00+00:00,23.97687,24.407321,23.908904,24.309148,55936405,1350895547.0891035
2018-06-29 00:00:00+00:00,24.354458,24.535701,24.203423,24.248733,55654119,1354375195.6863713
2018-07-02 00:00:00+00:00,24.286492,24.399769,24.165664,24.324251,50009759,1214939285.575396
2018-07-03 00:00:00+00:00,24.354458,24.762254,24.301596,24.70184,44864176,1100519897.254512
2018-07-05 00:00:00+00:00,24.732047,24.769806,24.513045,24.61877,46902140,1156532526.31238
2018-07-06 00:00:00+00:00,24.664081,24.724495,24.505494,24.679184,54577236,1344963936.7114859
2018-07-09 00:00:00+00:00,24.346906,24.445079,24.248733,24.278941,57548235,1400143651.5629663
2018-07-10 00:00:00+00:00,24.346906,24.543253,24.263837,24.543253,51442920,1256457941.13177
2018-07-11 00:00:00+00:00,24.377114,24.429976,24.059939,24.067491,51948716,1258905962.5190802
2018-07-12 00:00:00+00:00,24.210975,24.399769,24.090146,24.339355,58860427,1427957564.2211537
2018-07-13 00:00:00+00:00,24.075043,24.10525,23.788075,23.916456,70682206,1694337720.560436
2018-07-16 00:00:00+00:00,24.014629,24.154336,23.901352,24.090146,43987384,1057461802.899698
2018-07-17 00:00:00+00:00,24.067491,24.248733,23.946663,23.984422,48252282,1161038073.9022846
2018-07-18 00:00:00+00:00,24.029732,24.127905,23.939111,23.946663,59020564,1417134071.4259508
2018-07-19 00:00:00+00:00,23.961766,23.999525,23.599281,23.614385,68438736,1628413438.9835882
2018-07-20 00:00:00+00:00,23.659695,23.697454,23.440694,23.486005,48588513,1145277993.5595062
2018-07-23 00:00:00+00:00,23.516212,23.561522,23.259452,23.410487,49383498,1157397005.5250385
2018-07-24 00:00:00+00:00,23.599281,23.924007,23.418039,23.924007,67493877,1600707296.1399796
2018-07-25 00:00:00+00:00,23.486005,23.546419,22.753483,22.844104,127545194,2953628180.804283
2018-07-26 00:00:00+00:00,22.927174,23.078209,22.881863,22.919622,58714098,1347589361.2062662
2018-07-27 00:00:00+00:00,22.99514,23.569074,22.922039,23.470901,60964020,1416760448.89977
2018-07-30 00:00:00+00:00,23.833386,24.263837,23.750317,24.165664,84805233,2035605534.074133
2018-07-31 00:00:00+00:00,24.271389,24.422424,24.120353,24.143009,62965287,1526234087.6460564
2018-08-01 00:00:00+00:00,24.316699,24.369562,24.018404,24.090146,41521708,1004771469.5642971
2018-08-02 00:00:00+00:00,24.052387,24.241182,23.988197,24.052387,41312019,994939589.7712268
2018-08-03 00:00:00+00:00,24.090146,24.377114,23.984422,24.369562,35202895,852097021.5753449
2018-08-06 00:00:00+00:00,24.324251,24.407321,24.165664,24.248733,39841437,967608750.9293631
2018-08-07 00:00:00+00:00,24.23363,24.497942,24.143009,24.467735,36205370,881078641.85923
2018-08-08 00:00:00+00:00,24.528149,24.565908,24.392217,24.437528,29071060,711687180.84253
2018-08-09 00:00:00+00:00,24.467735,24.543253,24.350682,24.535701,22391313,548012668.9845308
2018-08-10 00:00:00+00:00,24.460183,24.471511,24.286492,24.36201,28445671,693933537.882879
2018-08-13 00:00:00+00:00,24.354458,24.422424,24.301596,24.324251,30164365,734522867.3880213
2018-08-14 00:00:00+00:00,24.346906,24.452631,24.324251,24.346906,23885162,582025829.110607
2018-08-15 00:00:00+00:00,24.377114,24.581011,24.263837,24.520597,39237881,958802724.6693696
2018-08-16 00:00:00+00:00,24.565908,25.026566,24.565908,24.988807,49504619,1227060954.0914977
2018-08-17 00:00:00+00:00,24.966152,25.117187,24.890634,24.943496,34652276,865591928.2523609
2018-08-20 00:00:00+00:00,25.019014,25.109635,24.928393,25.00391,31109890,778221302.5038201
2018-08-21 00:00:00+00:00,25.170049,25.358844,25.154946,25.222912,37632679,949347842.3289821
2018-08-22 00:00:00+00:00,25.071876,25.071876,24.664081,24.679184,45230316,1124957304.201843
2018-08-23 00:00:00+00:00,24.686736,24.762254,24.475287,24.535701,28408668,699279206.572326
2018-08-24 00:00:00+00:00,24.513045,24.724495,24.513045,24.648977,21496079,528801189.5793495
2018-08-27 00:00:00+00:00,24.724495,24.943496,24.709391,24.792461,23300374,577673607.8553205
2018-08-28 00:00:00+00:00,24.777357,24.792461,24.641426,24.671633,21828903,539626182.5984827
2018-08-29 00:00:00+00:00,24.671633,24.694288,24.324251,24.339355,33319853,816582357.3248827
2018-08-30 00:00:00+00:00,24.316699,24.407321,24.067491,24.135457,33845559,820136853.5337781
2018-08-31 00:00:00+00:00,24.127905,24.158112,23.954214,24.120353,41392828,997159269.8728878
2018-09-04 00:00:00+00:00,23.999525,24.120353,23.772972,24.059939,33319640,799278096.61899
2018-09-05 00:00:00+00:00,23.97687,24.203423,23.818283,24.180768,35387191,850879204.0956762
2018-09-06 00:00:00+00:00,24.263837,24.399769,24.165664,24.301596,33960376,824650182.6414042
2018-09-07 00:00:00+00:00,24.316699,24.460183,24.23363,24.256285,34108277,829400713.7446922
2018-09-10 00:00:00+00:00,24.377114,24.686736,24.316699,24.460183,34785247,850853507.320201
2018-09-11 00:00:00+00:00,24.550804,24.769806,24.520597,24.671633,34897512,859463254.01352
2018-09-12 00:00:00+00:00,24.800013,25.411706,24.800013,25.238015,65729007,1647329080.5778072
2018-09-13 00:00:00+00:00,25.260671,25.441913,24.985031,25.434361,45824741,1158472089.9020538
2018-09-14 00:00:00+00:00,25.381499,25.411706,25.147394,25.373947,43943023,1113016856.2781394
2018-09-17 00:00:00+00:00,25.366395,25.532534,25.245718,25.389051,33825565,858608675.3473424
2018-09-18 00:00:00+00:00,25.34374,25.615604,25.209621,25.464568,44574897,1132576066.3052752
2018-09-19 00:00:00+00:00,25.623156,25.645811,25.109635,25.200256,41044692,1042318235.080434
2018-09-20 00:00:00+00:00,25.290878,25.321085,25.034118,25.253119,32807876,827572110.5248001
2018-09-21 00:00:00+00:00,25.714079,25.85726,25.509879,25.509879,172353078,4420472835.836641
2018-09-24 00:00:00+00:00,25.864812,25.887468,25.487224,25.608052,48187582,1238993759.562398
2018-09-25 00:00:00+00:00,25.509879,25.819502,25.441913,25.494776,40628222,1038722148.7568849
2018-09-26 00:00:00+00:00,25.547638,25.608052,25.177601,25.185153,43540074,1105030141.031214
2018-09-27 00:00:00+00:00,25.245945,25.502327,25.124739,25.238015,32885624,831274795.8225561
2018-09-28 00:00:00+00:00,25.230464,25.434361,25.155021,25.358844,29201327,738638003.0304075
2018-10-01 00:00:00+00:00,25.419258,25.487224,25.21536,25.290878,29817963,755980183.17234
2018-10-02 00:00:00+00:00,25.321085,25.623156,25.27955,25.615604,39730306,1011527581.5512176
2018-10-03 00:00:00+00:00,25.736432,25.766639,25.502327,25.615604,35354700,907033684.8523501
2018-10-04 00:00:00+00:00,25.547638,25.781743,25.324861,25.766639,36439451,933040168.6440827
2018-10-05 00:00:00+00:00,25.819502,25.902571,25.571955,25.668466,37961712,977158136.007432
2018-10-08 00:00:00+00:00,25.68357,25.81195,25.509879,25.759087,37172292,954997870.2054781
2018-10-09 00:00:00+00:00,25.441913,25.449465,25.29843,25.29843,36900079,936230999.9427005
2018-10-10 00:00:00+00:00,25.381499,25.668466,24.800013,24.807564,60277415,1516844108.0034823
2018-10-11 00:00:00+00:00,24.792461,24.966152,23.908904,23.97687,84347180,2059007171.5696652
2018-10-12 00:00:00+00:00,24.278941,24.437528,24.052387,24.354458,57141042,1387431841.113297
2018-10-15 00:00:00+00:00,24.384665,24.671633,24.324251,24.437528,44019673,1076479940.7572052
2018-10-16 00:00:00+00:00,24.445079,24.516821,24.278941,24.460183,37141913,907200733.354728
2018-10-17 00:00:00+00:00,24.475287,24.709391,24.377114,24.596115,39611312,972040869.8609959
2018-10-18 00:00:00+00:00,24.596115,24.807564,24.346906,24.543253,40685790,999790612.7905049
2018-10-19 00:00:00+00:00,24.505494,24.883082,24.399769,24.822668,46522906,1146917722.0909443
2018-10-22 00:00:00+00:00,24.852875,24.890634,24.611218,24.671633,30578129,757010202.62011
2018-10-23 00:00:00+00:00,24.694288,25.132291,24.203423,24.935945,70749211,1750440666.5294542
2018-10-24 00:00:00+00:00,23.961766,24.014629,22.851656,22.927174,157384129,3688896106.456006
2018-10-25 00:00:00+00:00,23.146175,23.191486,22.474068,22.640206,101837619,2328311828.335691
2018-10-26 00:00:00+00:00,22.572241,22.602448,21.786856,21.968099,102840163,2286384771.122993
2018-10-29 00:00:00+00:00,22.345687,22.896967,22.119134,22.383446,65243031,1463812770.9910636
2018-10-30 00:00:00+00:00,22.542033,23.100864,22.519378,23.010243,65082301,1483429314.8509796
2018-10-31 00:00:00+00:00,23.115968,23.395383,22.745931,23.16883,59396454,1372445827.4517121
2018-11-01 00:00:00+00:00,23.402935,23.448246,22.942277,23.025347,46849754,1087134545.2059925
2018-11-02 00:00:00+00:00,23.131072,23.342521,22.919622,23.048002,44383096,1025706852.1169579
2018-11-05 00:00:00+00:00,23.146175,23.304762,23.085761,23.131072,36211976,838920765.80338
2018-11-06 00:00:00+00:00,23.138623,23.387832,23.04045,23.38028,32191879,748036133.2276536
2018-11-07 00:00:00+00:00,23.402935,23.50866,23.176382,23.486005,40833187,955230976.3351585
2018-11-08 00:00:00+00:00,23.470901,23.531315,23.319866,23.440694,39126692,917156814.404248
2018-11-09 00:00:00+00:00,23.395383,23.470901,22.987588,23.176382,52960703,1231736913.0271404
2018-11-12 00:00:00+00:00,23.183934,23.584178,23.146175,23.244348,34343299,799843714.0592163
2018-11-13 00:00:00+00:00,23.29721,23.334969,22.86676,22.904518,33953569,784356788.2720083
2018-11-14 00:00:00+00:00,23.070657,23.195262,22.738379,23.04045,41438591,953551166.517517
2018-11-15 00:00:00+00:00,22.919622,22.934725,22.579792,22.745931,51534086,1174720392.216505
2018-11-16 00:00:00+00:00,22.708172,22.972484,22.617551,22.874311,38308240,873164675.23708
2018-11-19 00:00:00+00:00,22.949829,23.180158,22.813897,22.919622,37021376,850228349.076064
2018-11-20 00:00:00+00:00,22.670414,22.791242,22.202204,22.217307,54814022,1231687066.3309186
2018-11-21 00:00:00+00:00,22.277721,22.674189,22.209756,22.481619,40131596,899382024.4332149
2018-11-23 00:00:00+00:00,22.474068,22.474068,22.164445,22.171997,17745562,396101253.63570905
2018-11-26 00:00:00+00:00,22.390998,22.768587,22.383446,22.617551,47394790,1068285462.5419451
2018-11-27 00:00:00+00:00,22.534482,23.025347,22.44386,22.987588,42580339,968609855.1757258
2018-11-28 00:00:00+00:00,22.987588,23.312314,22.919622,23.214141,45646086,1054808755.4712975
2018-11-29 00:00:00+00:00,22.934725,23.191486,22.806345,23.085761,40887565,940601229.3820263
2018-11-30 00:00:00+00:00,23.191486,23.735213,23.16883,23.591729,106554197,2495692636.3304567
2018-12-03 00:00:00+00:00,23.969318,24.090146,23.644592,23.946663,57900700,1384560896.400825
2018-12-04 00:00:00+00:00,23.97687,24.173216,23.161279,23.206589,59365301,1402771697.2785385
2018-12-06 00:00:00+00:00,23.017795,23.078209,22.542033,23.055554,68857151,1578439860.3048103
2018-12-07 00:00:00+00:00,22.821449,23.319866,22.662862,22.761035,49623535,1135947375.616105
2018-12-10 00:00:00+00:00,22.715724,22.723276,22.028513,22.587344,54360922,1223866264.2745385
2018-12-11 00:00:00+00:00,22.987588,23.161279,22.341912,22.428757,65631408,1491794290.596672
2018-12-12 00:00:00+00:00,22.738379,22.874311,22.598672,22.776138,54164349,1232069676.1593752
2018-12-13 00:00:00+00:00,22.723276,22.798794,22.31548,22.587344,65014926,1469741947.991961
2018-12-14 00:00:00+00:00,22.489171,22.957381,22.428757,22.821449,56597842,1283310194.7990592
2018-12-17 00:00:00+00:00,22.753483,22.836552,22.353239,22.549585,58293171,1318778925.9914725
2018-12-18 00:00:00+00:00,22.375895,22.670414,22.353239,22.466516,58922761,1323789152.770676
2018-12-19 00:00:00+00:00,22.609999,22.881863,22.363585,22.519378,68089454,1538393122.3988876
2018-12-20 00:00:00+00:00,22.534482,22.549585,21.28844,21.635821,101587242,2235130828.637844
2018-12-21 00:00:00+00:00,21.401716,22.081375,21.250681,21.379061,105486181,2270928472.065193
2018-12-24 00:00:00+00:00,21.303543,21.363957,20.661643,20.661643,54437635,1143064937.9077775
2018-12-26 00:00:00+00:00,20.767367,21.220474,20.238744,21.20537,75997037,1585145342.7793338
2018-12-27 00:00:00+00:00,21.001472,21.265784,20.518159,21.258233,77559552,1629596921.831424
2018-12-28 00:00:00+00:00,21.28844,21.749098,21.273336,21.492337,66988603,1436959309.4510584
2018-12-31 00:00:00+00:00,21.575407,21.628269,21.212922,21.552752,69998865,1504439231.1969373
2019-01-02 00:00:00+00:00,21.522544,22.345687,21.371509,22.307929,52032772,1138836975.0521169
2019-01-03 00:00:00+00:00,22.292825,22.509183,22.05872,22.338136,49794380,1110400532.3960798
2019-01-04 00:00:00+00:00,22.65531,22.942277,22.568465,22.91207,55711956,1268535081.3566582
2019-01-07 00:00:00+00:00,23.206589,23.614385,22.972484,23.327418,54385790,1266113101.6880102
2019-01-08 00:00:00+00:00,23.644592,23.697454,23.433142,23.621937,57691456,1361476895.866
2019-01-09 00:00:00+00:00,23.319866,23.319866,22.632655,22.730828,58668735,1349428059.9957564
2019-01-10 00:00:00+00:00,22.693069,23.017795,22.519378,22.957381,42394823,966470784.2189323
2019-01-11 00:00:00+00:00,22.957381,23.372728,22.889415,23.312314,38313682,886308854.0018791
2019-01-14 00:00:00+00:00,23.183934,23.244348,22.949829,23.12352,32400589,749276831.9651647
2019-01-15 00:00:00+00:00,23.048002,23.108416,22.829001,23.108416,35402791,815094698.2233714
2019-01-16 00:00:00+00:00,23.055554,23.221693,22.919622,23.078209,32435332,748243197.563974
2019-01-17 00:00:00+00:00,23.070657,23.217917,22.961157,23.138623,34782527,803375104.3726394
2019-01-18 00:00:00+00:00,23.244348,23.433142,23.048002,23.38028,57270156,1333045521.7351081
2019-01-22 00:00:00+00:00,23.350073,23.402935,22.972484,23.093313,49867062,1157150275.9252274
2019-01-23 00:00:00+00:00,23.199037,23.334969,23.100864,23.327418,36884894,857226034.719368
2019-01-24 00:00:00+00:00,23.244348,23.244348,22.859208,23.108416,32302153,746634548.61424
2019-01-25 00:00:00+00:00,23.16883,23.436918,23.138623,23.153727,40395437,938164816.2947066
2019-01-28 00:00:00+00:00,23.12352,23.16883,22.980036,23.161279,41087815,949474331.8229936
2019-01-29 00:00:00+00:00,23.12352,23.183934,22.99514,23.183934,41503813,959635890.7828159
2019-01-30 00:00:00+00:00,22.625103,22.957381,21.907685,22.179548,123088340,2759324153.449945
2019-01-31 00:00:00+00:00,22.277721,22.723276,22.009634,22.700621,69092370,1549590754.0868099
2019-02-01 00:00:00+00:00,22.813897,22.927174,22.579792,22.65531,54392763,1237111354.1589997
2019-02-04 00:00:00+00:00,22.677965,22.677965,22.323032,22.360791,51688887,1163513654.5812275
2019-02-05 00:00:00+00:00,22.406102,22.436309,22.251064,22.375895,38768246,867142636.406255
2019-02-06 00:00:00+00:00,22.428757,22.496723,22.292825,22.323032,30361315,679648184.5445387
2019-02-07 00:00:00+00:00,22.307929,22.323032,21.839719,22.239963,50170683,1112668387.1697924
2019-02-08 00:00:00+00:00,22.202204,22.323032,21.975651,22.31548,32153479,713938797.7976984
2019-02-11 00:00:00+00:00,22.338136,22.534482,22.247514,22.436309,38477497,861476922.4770443
2019-02-12 00:00:00+00:00,22.542033,22.677965,22.454886,22.511826,39711312,895358144.7658801
2019-02-13 00:00:00+00:00,22.511826,22.564689,22.277721,22.534482,39778871,893917929.4193444
2019-02-14 00:00:00+00:00,22.428757,22.662862,22.31548,22.496723,34225405,769248679.7494775
2019-02-15 00:00:00+00:00,22.677965,23.048002,22.602448,23.010243,49244955,1124492025.7425973
2019-02-19 00:00:00+00:00,23.002691,23.16883,22.889415,23.131072,32724001,754222840.496002
2019-02-20 00:00:00+00:00,23.138623,23.367366,23.002691,23.29721,32772568,760371835.20638
2019-02-21 00:00:00+00:00,23.304762,23.455798,23.131072,23.282107,35197568,819872253.566688
2019-02-22 00:00:00+00:00,23.372728,23.553971,23.274555,23.523764,30929480,724716517.4326601
2019-02-25 00:00:00+00:00,23.599281,23.629488,23.425591,23.50866,32329770,761067194.7763499
2019-02-26 00:00:00+00:00,23.516212,23.735213,23.38028,23.576626,39281974,925172302.2313485
2019-02-27 00:00:00+00:00,23.584178,23.614385,23.244348,23.455798,34891884,819075715.544439
2019-02-28 00:00:00+00:00,23.455798,23.614385,23.387832,23.501108,37376644,877969172.730803
2019-03-01 00:00:00+00:00,23.561522,23.591729,23.138623,23.274555,40497205,947294714.0827363
2019-03-04 00:00:00+00:00,23.372728,23.372728,22.406102,22.640206,65524695,1503656834.902995
2019-03-05 00:00:00+00:00,22.670414,22.693069,22.504275,22.617551,34468463,779722381.3275168
2019-03-06 00:00:00+00:00,22.65531,22.757259,22.477843,22.511826,32549114,735628187.629283
2019-03-07 00:00:00+00:00,22.549585,22.708172,22.504275,22.594896,32874548,742610791.6671361
2019-03-08 00:00:00+00:00,22.542033,22.700621,22.458964,22.625103,29802215,672984089.8717537
2019-03-11 00:00:00+00:00,22.640206,22.889415,22.613775,22.821449,34453545,783515345.1563812
2019-03-12 00:00:00+00:00,22.844104,23.331193,22.821449,23.131072,43015857,990739261.2025065
2019-03-13 00:00:00+00:00,23.146175,23.199037,22.813897,22.86676,36683083,843948147.6685318
2019-03-14 00:00:00+00:00,22.86676,23.025347,22.813897,22.86676,29253326,669701979.503266
2019-03-15 00:00:00+00:00,23.04045,23.16883,22.881863,23.161279,70661103,1629664473.2353663
2019-03-18 00:00:00+00:00,23.16883,23.289659,23.098297,23.259452,30886941,716702416.7369895
2019-03-19 00:00:00+00:00,23.312314,23.448246,23.078209,23.16883,38044749,884612689.7619127
2019-03-20 00:00:00+00:00,23.100864,23.229245,22.957381,23.04045,32661090,753882789.4636501
2019-03-21 00:00:00+00:00,22.99514,23.523764,22.99514,23.455798,34883600,810780695.0978
2019-03-22 00:00:00+00:00,23.410487,23.667247,23.410487,23.463349,43925336,1031713569.99438
2019-03-25 00:00:00+00:00,23.486005,23.523764,23.146175,23.236796,33943405,792516899.469925
2019-03-26 00:00:00+00:00,23.387832,23.727661,23.365176,23.705006,32184426,757827971.8243876
2019-03-27 00:00:00+00:00,23.644592,23.8938,23.599281,23.712558,35413738,839750307.4683696
2019-03-28 00:00:00+00:00,23.727661,23.788075,23.312314,23.418039,35748465,842288253.5008464
2019-03-29 00:00:00+00:00,23.531315,23.70123,23.387832,23.682351,41853141,986716342.9171621
2019-04-01 00:00:00+00:00,23.871145,24.158112,23.818283,24.127905,50019752,1200166989.24741
2019-04-02 00:00:00+00:00,24.097698,24.127905,23.825834,23.886249,42302354,1014597488.7782109
2019-04-03 00:00:00+00:00,24.012212,24.135457,23.8938,24.067491,38110227,915683570.5834801
2019-04-04 00:00:00+00:00,24.127905,24.263837,24.10525,24.15056,37358090,902641986.4739199
2019-04-05 00:00:00+00:00,24.218526,24.437528,24.10525,24.429976,52873323,1284706485.0558598
2019-04-08 00:00:00+00:00,24.475287,24.55458,24.309148,24.460183,49328786,1206078927.278407
2019-04-09 00:00:00+00:00,24.052387,24.082595,23.818283,23.97687,35460599,850435012.3127164
2019-04-10 00:00:00+00:00,23.97687,24.195871,23.969318,24.075043,26994908,649342954.1291541
2019-04-11 00:00:00+00:00,24.10525,24.354458,24.075043,24.316699,33013284,799346106.16545
2019-04-12 00:00:00+00:00,24.392217,24.407321,24.135457,24.316699,34457004,837750502.291194
2019-04-15 00:00:00+00:00,24.324251,24.354458,24.120353,24.180768,25773698,624882212.6278349
2019-04-16 00:00:00+00:00,24.256285,24.354458,24.120353,24.354458,28737527,697499682.3462396
2019-04-17 00:00:00+00:00,24.226078,24.316699,24.127905,24.127905,29615351,716681032.5772592
2019-04-18 00:00:00+00:00,24.127905,24.241182,24.052387,24.188319,30876843,745751352.6808747
2019-04-22 00:00:00+00:00,24.180768,24.301596,24.105174,24.226078,29448896,712763527.2419841
2019-04-23 00:00:00+00:00,24.210975,24.377114,24.075043,24.241182,41943793,1016133621.8057504
2019-04-24 00:00:00+00:00,23.463349,23.856041,23.048002,23.2519,95671945,2239184938.7907352
2019-04-25 00:00:00+00:00,23.134847,23.146175,22.693069,22.91207,58292662,1339072231.4126456
2019-04-26 00:00:00+00:00,23.010243,23.38028,22.86676,23.16883,46600779,1076782216.4355068
2019-04-29 00:00:00+00:00,23.342521,23.640816,23.274555,23.319866,42059902,983967832.714929
2019-04-30 00:00:00+00:00,23.365176,23.512436,23.229245,23.38028,46348461,1083246230.8115392
2019-05-01 00:00:00+00:00,23.448246,23.569074,23.2519,23.2519,35815385,837373729.6078
2019-05-02 00:00:00+00:00,23.38028,23.418039,23.100864,23.12352,39343814,914966981.1523104
2019-05-03 00:00:00+00:00,23.153727,23.2519,23.085761,23.183934,37376166,865962054.7938629
2019-05-06 00:00:00+00:00,23.002691,23.138623,22.942277,23.100864,33345883,768493012.7121912
2019-05-07 00:00:00+00:00,23.048002,23.100864,22.86676,23.055554,34126041,785506215.899595
2019-05-08 00:00:00+00:00,22.949829,23.032898,22.78369,22.881863,33124892,758959844.2464399
2019-05-09 00:00:00+00:00,22.859208,22.99514,22.749707,22.942277,35856969,820643497.1469271
2019-05-10 00:00:00+00:00,22.844104,23.199037,22.776138,23.12352,29149884,670030481.3713291
2019-05-13 00:00:00+00:00,22.919622,23.146175,22.91207,23.010243,36697734,843938797.9856851
2019-05-14 00:00:00+00:00,23.183934,23.697454,23.12352,23.478453,49690555,1161310022.8388388
2019-05-15 00:00:00+00:00,23.440694,23.63704,23.327418,23.599281,31689678,744742553.0856435
2019-05-16 00:00:00+00:00,23.676687,24.071267,23.676687,23.878697,31297101,745679548.7557846
2019-05-17 00:00:00+00:00,23.72011,24.161888,23.697454,24.014629,40903638,977536421.0416695
2019-05-20 00:00:00+00:00,24.377114,24.981255,24.135457,24.309148,70785011,1730746147.6056786
2019-05-21 00:00:00+00:00,24.346906,24.648977,24.23363,24.475287,30871575,754075265.265
2019-05-22 00:00:00+00:00,24.346906,24.505494,24.252509,24.377114,26468974,645062283.0636005
2019-05-23 00:00:00+00:00,24.301596,24.407321,24.112802,24.271389,32661856,792810278.022112
2019-05-24 00:00:00+00:00,24.407321,24.429976,24.241182,24.369562,21394634,521216292.80299854
2019-05-28 00:00:00+00:00,24.414872,24.481706,24.097698,24.112802,32473250,788345605.165875
2019-05-29 00:00:00+00:00,24.097698,24.324251,23.931559,24.097698,35685497,860477305.5898457
2019-05-30 00:00:00+00:00,24.135457,24.218526,23.8938,24.059939,32082011,772436349.1472355
2019-05-31 00:00:00+00:00,23.455798,23.531315,22.942277,23.093313,65431787,1521660422.2150652
2019-06-03 00:00:00+00:00,23.199037,23.674799,23.165054,23.478453,48099481,1124533915.6997457
2019-06-04 00:00:00+00:00,23.705006,23.788075,23.391608,23.772972,41397243,979641548.5571558
2019-06-05 00:00:00+00:00,23.878697,23.946663,23.723885,23.924007,27054290,645740261.71277
2019-06-06 00:00:00+00:00,24.014629,24.29782,23.939111,24.241182,32325750,779800063.6766249
2019-06-07 00:00:00+00:00,24.294044,24.694288,24.271389,24.535701,42094019,1029150587.9452546
2019-06-10 00:00:00+00:00,24.686736,24.920841,24.059939,24.112802,40953731,1001117210.1166146
2019-06-11 00:00:00+00:00,24.210975,24.497942,24.188319,24.248733,25970879,630741551.5591877
2019-06-12 00:00:00+00:00,24.248733,24.399769,24.188319,24.301596,25534307,620090540.2930048
2019-06-13 00:00:00+00:00,24.331803,24.414872,24.256285,24.384665,22343669,543999214.4240313
2019-06-14 00:00:00+00:00,24.422424,24.497942,24.301596,24.429976,26283300,641653795.50885
2019-06-17 00:00:00+00:00,24.354458,24.460183,24.294044,24.392217,22265296,542721610.8242481
2019-06-18 00:00:00+00:00,24.497942,24.694288,24.467735,24.497942,27191070,667254630.0726224
2019-06-19 00:00:00+00:00,24.57346,24.611218,24.411021,24.475287,28085537,688594076.4823705
2019-06-20 00:00:00+00:00,24.603667,24.622546,24.399769,24.57346,35840618,879882172.133789
2019-06-21 00:00:00+00:00,24.686736,24.694288,24.482838,24.505494,51932987,1277153621.586593
2019-06-24 00:00:00+00:00,24.535701,24.686736,24.513045,24.603667,28795040,707919932.2552401
2019-06-25 00:00:00+00:00,24.61877,24.61877,24.505494,24.581011,25463773,625925290.5804462
2019-06-26 00:00:00+00:00,24.611218,24.762254,24.558356,24.565908,37025562,911733507.781908
2019-06-27 00:00:00+00:00,24.739599,24.943496,24.588563,24.905737,37321435,925360675.2404563
2019-06-28 00:00:00+00:00,24.951048,25.336188,24.860427,25.305981,53989072,1355849754.644592
2019-07-01 00:00:00+00:00,25.532534,25.6005,25.222912,25.245567,42932525,1090502374.227581
2019-07-02 00:00:00+00:00,25.275774,25.577845,25.200256,25.55519,35269924,895936000.0652649
2019-07-03 00:00:00+00:00,25.645811,25.706225,25.574069,25.660914,26664600,683860456.7068499
2019-07-05 00:00:00+00:00,25.660914,25.955433,25.630707,25.902571,32451937,836851283.0184062
2019-07-08 00:00:00+00:00,25.774191,25.947882,25.72888,25.864812,42173218,1089289570.0454426
2019-07-09 00:00:00+00:00,25.366395,25.419258,25.222912,25.328637,41019494,1039200187.353947
2019-07-10 00:00:00+00:00,25.479672,25.55519,25.389051,25.494776,33571076,855380013.559841
2019-07-11 00:00:00+00:00,25.668466,25.691122,25.117187,25.268222,38221395,972208929.9027039
2019-07-12 00:00:00+00:00,25.321085,25.419258,25.211584,25.411706,30789764,780240584.5631529
2019-07-15 00:00:00+00:00,25.419258,25.476349,25.351292,25.457017,26821603,681965514.624337
2019-07-16 00:00:00+00:00,25.434361,25.464568,25.305981,25.358844,23662464,600812168.182464
2019-07-17 00:00:00+00:00,25.34374,25.358844,25.109635,25.117187,24892413,628094114.4991695
2019-07-18 00:00:00+00:00,25.064325,25.071876,24.800013,24.988807,42544698,1062819960.2721647
2019-07-19 00:00:00+00:00,25.094532,25.124739,24.74715,24.762254,42581745,1061655252.0094689
2019-07-22 00:00:00+00:00,24.732047,24.732047,24.218526,24.263837,47036766,1151771144.6095154
2019-07-23 00:00:00+00:00,24.278941,24.286492,23.799403,24.23363,60349304,1457412547.641916
2019-07-24 00:00:00+00:00,24.301596,25.21536,24.301596,25.102083,63938292,1581204111.3638551
2019-07-25 00:00:00+00:00,25.358844,25.668466,25.260671,25.532534,51668984,1315240640.10169
2019-07-26 00:00:00+00:00,25.479672,25.849709,25.366395,25.789295,45220262,1158600440.4271505
2019-07-29 00:00:00+00:00,25.72888,26.012072,25.630707,25.932778,40969269,1058076817.0866382
2019-07-30 00:00:00+00:00,26.008296,26.159331,25.732656,25.81195,44925647,1164834792.3349378
2019-07-31 00:00:00+00:00,25.713777,26.038503,25.592949,25.713777,53806957,1386322876.0761857
2019-08-01 00:00:00+00:00,26.038503,26.129124,25.687346,25.766639,54369873,1408473471.1238189
2019-08-02 00:00:00+00:00,25.524983,25.932778,25.328637,25.804398,48301645,1238826052.1648548
2019-08-05 00:00:00+00:00,25.449465,25.630707,25.064325,25.290878,49084698,1244731187.0979373
2019-08-06 00:00:00+00:00,25.305981,25.653363,25.139842,25.645811,41922248,1066344749.248314
2019-08-07 00:00:00+00:00,25.373947,25.796846,25.192705,25.721329,50251198,1282471213.5931866
2019-08-08 00:00:00+00:00,25.864812,26.083814,25.72888,26.083814,37737510,978923462.7783002
2019-08-09 00:00:00+00:00,26.000744,26.121572,25.789295,26.083814,30280016,787245783.2317
2019-08-12 00:00:00+00:00,26.030951,26.110245,25.879916,26.038503,31111475,809362027.6455313
2019-08-13 00:00:00+00:00,25.955433,26.400988,25.955433,26.32547,41843142,1094588601.658002
2019-08-14 00:00:00+00:00,26.129124,26.15178,25.691877,25.743984,45837352,1188525466.4015698
2019-08-15 00:00:00+00:00,25.85726,26.026571,25.648454,25.932778,32267418,834637609.0543334
2019-08-16 00:00:00+00:00,26.038503,26.431195,25.981865,26.40854,41186351,1079701252.0135381
2019-08-19 00:00:00+00:00,26.438747,26.759697,26.423643,26.718162,34608677,920073832.4351432
2019-08-20 00:00:00+00:00,26.650196,26.657748,26.355677,26.416091,28875090,765765307.79352
2019-08-21 00:00:00+00:00,26.574679,26.619989,26.40854,26.552023,29021281,770190197.1177276
2019-08-22 00:00:00+00:00,26.612437,26.808784,26.487833,26.725714,28418787,757607689.646604
2019-08-23 00:00:00+00:00,26.657748,26.763473,26.159331,26.295263,44842509,1186934296.7549589
2019-08-26 00:00:00+00:00,26.40854,26.53692,26.212194,26.378333,30720436,810527883.582583
2019-08-27 00:00:00+00:00,26.438747,26.461402,26.15178,26.219745,42488931,1118220223.2101235
2019-08-28 00:00:00+00:00,26.181987,26.416091,26.080038,26.400988,32269310,847707545.37456
2019-08-29 00:00:00+00:00,26.514264,26.680403,26.468954,26.544472,30851859,819179277.4737216
2019-08-30 00:00:00+00:00,26.567127,26.695507,26.484057,26.627541,28616063,761002931.122154
2019-09-03 00:00:00+00:00,26.491609,26.725714,26.367005,26.718162,27201964,722909126.52259
2019-09-04 00:00:00+00:00,26.831439,27.05044,26.763473,26.974922,27478385,739307830.6943724
2019-09-05 00:00:00+00:00,27.110854,27.171268,26.997578,27.103303,28801319,780393360.8952392
2019-09-06 00:00:00+00:00,27.148613,27.465787,27.118406,27.375166,38753911,1057090159.0696232
2019-09-09 00:00:00+00:00,28.560794,28.802451,27.722548,27.782962,156077267,4404061702.523147
2019-09-10 00:00:00+00:00,28.09636,28.485276,27.918894,28.379552,63587213,1794432454.3978665
2019-09-11 00:00:00+00:00,28.643864,29.263109,28.477725,29.255557,72925198,2108272123.1613724
2019-09-12 00:00:00+00:00,28.976141,29.059211,28.492828,28.983693,56499363,1631586810.8592248
2019-09-13 00:00:00+00:00,28.704278,28.957262,28.496604,28.62876,51941987,1490564968.834562
2019-09-16 00:00:00+00:00,28.470173,28.568346,28.027488,28.175654,65136900,1844052687.097725
2019-09-17 00:00:00+00:00,27.971756,28.130343,27.782962,28.062377,46738196,1308055324.735462
2019-09-18 00:00:00+00:00,27.760307,27.92267,27.556409,27.760307,51114389,1418420371.7206442
2019-09-19 00:00:00+00:00,27.964204,28.107688,27.790514,28.054826,36094686,1009904336.7572879
2019-09-20 00:00:00+00:00,28.168102,28.704278,28.077481,28.62876,104749087,2974314213.1172566
2019-09-23 00:00:00+00:00,28.409759,28.583449,28.304034,28.394655,31399245,892459932.1044413
2019-09-24 00:00:00+00:00,28.538139,28.579674,28.198309,28.228516,37214169,1056367336.8939555
2019-09-25 00:00:00+00:00,28.190757,28.364448,28.122791,28.228516,29621652,836119351.749456
2019-09-26 00:00:00+00:00,28.24362,28.28893,28.077481,28.228516,28905955,815426490.4618462
2019-09-27 00:00:00+00:00,28.402207,28.492828,28.077481,28.266275,32082221,908237979.6587027
2019-09-30 00:00:00+00:00,28.387103,28.640088,28.341793,28.575898,37655047,1072649971.7798635
2019-10-01 00:00:00+00:00,28.658967,28.666519,28.220964,28.251172,32223857,916749574.5670134
2019-10-02 00:00:00+00:00,28.205861,28.205861,27.881135,28.001963,35239607,989306331.233935
2019-10-03 00:00:00+00:00,27.941549,28.092584,27.684789,28.085033,27809979,777316410.1667361
2019-10-04 00:00:00+00:00,28.107688,28.334241,28.039722,28.326689,29924170,843923985.89445
2019-10-07 00:00:00+00:00,28.379552,28.598553,28.334241,28.439966,28132922,800046230.203916
2019-10-08 00:00:00+00:00,28.455069,28.477725,28.228516,28.304034,41095702,1165734491.087872
2019-10-09 00:00:00+00:00,28.100136,28.107688,27.854704,27.979308,32755269,917490119.358471
2019-10-10 00:00:00+00:00,27.941549,28.356896,27.918894,28.258723,31630999,889432551.1614846
2019-10-11 00:00:00+00:00,28.387103,28.545691,28.296482,28.379552,36831912,1046107588.829784
2019-10-14 00:00:00+00:00,28.379552,28.458845,28.175654,28.296482,31318990,887192862.4804175
2019-10-15 00:00:00+00:00,28.281379,28.749588,28.258723,28.621208,30400808,865745834.801396
2019-10-16 00:00:00+00:00,28.560794,28.696726,28.466397,28.538139,29334128,837944444.061792
2019-10-17 00:00:00+00:00,28.591001,28.591001,28.402207,28.553242,25363252,723724233.0876629
2019-10-18 00:00:00+00:00,28.553242,29.09697,28.538139,29.051659,49887332,1437254159.63833
2019-10-21 00:00:00+00:00,29.0139,29.164936,28.84021,28.870417,37132061,1075803652.3433108
2019-10-22 00:00:00+00:00,28.560794,28.96859,28.394655,28.825106,26978483,773939464.4117588
2019-10-23 00:00:00+00:00,28.704278,28.802451,28.413535,28.50038,32260491,922816538.9940511
2019-10-24 00:00:00+00:00,28.462621,28.523035,27.594168,27.805617,54173270,1522071709.8405175
2019-10-25 00:00:00+00:00,27.896238,28.069929,27.730099,27.873583,44070162,1229225329.9363844
2019-10-28 00:00:00+00:00,28.923279,29.346178,28.674071,29.066763,82415313,2390256110.9965205
2019-10-29 00:00:00+00:00,29.066763,29.066763,28.681622,28.742037,35369214,1021791701.3756475
2019-10-30 00:00:00+00:00,28.991245,29.351842,28.779795,28.847761,45047485,1306046450.2457137
2019-10-31 00:00:00+00:00,28.855313,29.066763,28.606105,29.066763,52285789,1510993212.862704
2019-11-01 00:00:00+00:00,29.414144,29.467007,29.255557,29.414144,46654923,1371081487.161099
2019-11-04 00:00:00+00:00,29.527421,29.829491,29.346178,29.368834,47487779,1401743358.254199
2019-11-05 00:00:00+00:00,29.308419,29.686008,29.293316,29.580283,39349014,1159497651.306591
2019-11-06 00:00:00+00:00,29.640697,29.663353,29.444351,29.640697,29131362,862208917.6728691
2019-11-07 00:00:00+00:00,29.670904,29.889906,29.640697,29.769077,33823065,1005987448.92999
2019-11-08 00:00:00+00:00,29.708663,29.772853,29.519869,29.73887,24676518,732524009.9580225
2019-11-11 00:00:00+00:00,29.648249,29.73887,29.602938,29.731318,17989921,533947039.3153438
2019-11-12 00:00:00+00:00,29.716215,29.814388,29.504765,29.580283,21915541,649881540.6830478
2019-11-13 00:00:00+00:00,29.595387,29.686008,29.489662,29.572731,21977558,650226866.177426
2019-11-14 00:00:00+00:00,29.429248,29.512317,29.217798,29.414144,36374268,1069162563.3294691
2019-11-15 00:00:00+00:00,29.550076,29.837043,29.497214,29.829491,41681323,1237037310.677288
2019-11-18 00:00:00+00:00,29.678456,29.980527,29.61049,29.927665,34388869,1024763690.9642305
2019-11-19 00:00:00+00:00,29.391489,29.429248,28.220964,28.696726,85485684,2473494649.294767
2019-11-20 00:00:00+00:00,28.009515,28.402207,27.488443,28.077481,92510018,2589763511.7644067
2019-11-21 00:00:00+00:00,27.964204,28.470173,27.964204,28.394655,41524651,1170924940.015159
2019-11-22 00:00:00+00:00,28.507932,28.643864,28.462621,28.507932,26321079,750955840.9236428
2019-11-25 00:00:00+00:00,28.621208,28.621208,28.077481,28.137895,42991409,1219427585.027232
2019-11-26 00:00:00+00:00,28.152999,28.273827,27.767858,28.24362,71545533,2011114597.3240082
2019-11-27 00:00:00+00:00,28.273827,28.560794,28.24362,28.439966,22603293,641471323.4139127
2019-11-29 00:00:00+00:00,28.50038,28.666519,28.213413,28.228516,24063908,683468096.244956
2019-12-02 00:00:00+00:00,28.304034,28.304034,28.11524,28.183206,32955995,930236627.7128575
2019-12-03 00:00:00+00:00,28.092584,28.356896,27.869807,28.356896,32932719,927683268.1828943
2019-12-04 00:00:00+00:00,28.387103,28.96859,28.326689,28.772244,50633066,1448797158.065829
2019-12-05 00:00:00+00:00,28.787347,28.96859,28.704278,28.84021,28820484,830753513.476425
2019-12-06 00:00:00+00:00,28.915727,29.134729,28.798675,28.847761,29945091,866138489.8392929
2019-12-09 00:00:00+00:00,28.787347,29.021452,28.719381,28.726933,27413872,789897228.781884
2019-12-10 00:00:00+00:00,28.749588,28.900624,28.560794,28.742037,28846057,828985507.6753627
2019-12-11 00:00:00+00:00,28.71183,28.88552,28.696726,28.825106,24535965,706140055.0951575
2019-12-12 00:00:00+00:00,28.847761,29.127177,28.847761,28.961038,31249624,904549561.641222
2019-12-13 00:00:00+00:00,28.855313,28.908176,28.658967,28.893072,32967022,950402387.129404
2019-12-16 00:00:00+00:00,28.976141,29.187591,28.976141,29.14228,31842764,925686288.847723
2019-12-17 00:00:00+00:00,29.149832,29.22535,29.036556,29.074314,46003963,1339705006.556019
2019-12-18 00:00:00+00:00,29.149832,29.399041,29.14228,29.255557,37659706,1101044679.066815
2019-12-19 00:00:00+00:00,29.293316,29.399041,29.195143,29.399041,35452867,1039536034.7407618
2019-12-20 00:00:00+00:00,29.61049,29.648249,29.368834,29.56518,64052747,1892642626.2856226
2019-12-23 00:00:00+00:00,29.640697,29.778139,29.48211,29.504765,38589950,1142317616.8011124
2019-12-24 00:00:00+00:00,29.527421,29.542524,29.376385,29.421696,11516787,339365237.3881155
2019-12-26 00:00:00+00:00,29.444351,29.602938,29.429248,29.572731,26243975,774520509.5400751
2019-12-27 00:00:00+00:00,29.633145,29.723767,29.602938,29.633145,20437619,605939611.9697262
2019-12-30 00:00:00+00:00,29.655801,29.663353,29.436799,29.48211,23400576,691709694.8310721
2019-12-31 00:00:00+00:00,29.459455,29.534972,29.346178,29.512317,26772997,788818981.7868085
2020-01-02 00:00:00+00:00,29.572731,29.618042,29.232902,29.346178,40065184,1179617707.524488
2020-01-03 00:00:00+00:00,29.134729,29.602938,29.127177,29.497214,36304087,1065180591.0327616
2020-01-06 00:00:00+00:00,29.444351,29.56518,29.315971,29.527421,51241298,1509734186.9035137
2020-01-07 00:00:00+00:00,29.512317,29.678456,29.436799,29.640697,37574448,1110966230.897628
2020-01-08 00:00:00+00:00,29.701111,29.86725,29.670904,29.731318,53686077,1596765969.9182227
2020-01-09 00:00:00+00:00,29.391489,29.451903,29.112073,29.300868,52248282,1531610488.2174766
2020-01-10 00:00:00+00:00,29.308419,29.414144,29.127177,29.127177,39358982,1151023092.6546235
2020-01-13 00:00:00+00:00,29.104522,29.112073,28.71183,28.772244,43795997,1266806538.1054983
2020-01-14 00:00:00+00:00,28.742037,28.836434,28.658967,28.764692,35140087,1010296213.3463274
2020-01-15 00:00:00+00:00,28.674071,28.715605,28.538139,28.598553,34531300,988686092.8296001
2020-01-16 00:00:00+00:00,28.689174,28.794899,28.523035,28.719381,36177286,1037623251.0822135
2020-01-17 00:00:00+00:00,28.734485,29.029004,28.681622,28.983693,44484339,1283693511.875139
2020-01-21 00:00:00+00:00,28.961038,29.180039,28.832658,29.089418,57939496,1681160147.2477217
2020-01-22 00:00:00+00:00,29.210246,29.557628,29.180039,29.48211,47849410,1404739329.2091076
2020-01-23 00:00:00+00:00,29.421696,29.444351,29.112073,29.172488,38412155,1125001828.2100601
2020-01-24 00:00:00+00:00,29.149832,29.285764,28.870417,29.074314,45638745,1327863016.7424037
2020-01-27 00:00:00+00:00,28.71183,29.127177,28.704278,28.88552,46640157,1345904396.8805962
2020-01-28 00:00:00+00:00,28.938383,29.300868,28.900624,29.134729,40848485,1187410354.3437352
2020-01-29 00:00:00+00:00,29.074314,29.119625,27.960428,27.979308,76769317,2190491069.112494
2020-01-30 00:00:00+00:00,27.541305,28.281379,27.428029,28.266275,67110499,1870990177.914253
2020-01-31 00:00:00+00:00,28.183206,28.515484,28.130343,28.409759,54503795,1542985976.3039098
2020-02-03 00:00:00+00:00,28.666519,28.674071,27.790514,27.911342,54008298,1526307527.554227
2020-02-04 00:00:00+00:00,28.001963,28.50038,27.892462,28.417311,42319674,1193542993.092546
2020-02-05 00:00:00+00:00,28.492828,28.658967,28.334241,28.553242,32624789,930126845.6155854
2020-02-06 00:00:00+00:00,28.591228,29.059211,28.591228,29.029004,34710479,1000275051.2653524
2020-02-07 00:00:00+00:00,29.036556,29.240453,28.96859,29.036556,33367884,970022364.827505
2020-02-10 00:00:00+00:00,29.0139,29.104522,28.772244,28.953486,24556282,711175416.140716
2020-02-11 00:00:00+00:00,29.066763,29.315971,28.621208,28.825106,42345058,1226196938.911196
2020-02-12 00:00:00+00:00,28.84021,28.945934,28.71183,28.726933,41459660,1194296366.937905
2020-02-13 00:00:00+00:00,28.606105,29.021452,28.587225,28.930831,32611728,938774352.887316
2020-02-14 00:00:00+00:00,28.908176,29.051659,28.779795,28.88552,36268139,1048377253.0239625
2020-02-18 00:00:00+00:00,28.832658,28.93793,28.726933,28.893072,32151537,927496230.0728604
2020-02-19 00:00:00+00:00,28.877968,29.187591,28.817554,29.029004,29928358,867264833.5284716
2020-02-20 00:00:00+00:00,28.998797,29.202695,28.930831,29.157384,35986442,1046213199.0381235
2020-02-21 00:00:00+00:00,29.089418,29.210246,28.972366,29.112073,37697443,1096845772.237157
2020-02-24 00:00:00+00:00,28.689174,29.081866,28.681622,28.734485,46196989,1330324840.7250957
2020-02-25 00:00:00+00:00,28.779795,28.908176,28.137895,28.205861,64734773,1845454490.5357428
2020-02-26 00:00:00+00:00,28.085033,28.534363,27.881135,28.017067,53322828,1499939131.281786
2020-02-27 00:00:00+00:00,27.624375,27.875849,26.703059,26.982474,87828042,2397392812.8994484
2020-02-28 00:00:00+00:00,25.676018,26.974922,24.928393,26.597334,160359397,4176426875.3974495
2020-03-02 00:00:00+00:00,26.71061,28.258723,26.650196,28.077481,90618212,2485136726.9865303
2020-03-03 00:00:00+00:00,28.137895,28.666519,27.088199,27.412925,84494117,2351165787.6299863
2020-03-04 00:00:00+00:00,27.956653,28.862865,27.730099,28.832658,55709261,1579110687.6871936
2020-03-05 00:00:00+00:00,28.24362,28.640088,27.918894,28.077481,59983442,1692733977.8964217
2020-03-06 00:00:00+00:00,27.722548,28.130343,27.322304,27.964204,64730631,1798530856.5576923
2020-03-09 00:00:00+00:00,26.438747,27.299649,25.962985,26.19709,90003605,2382811038.496989
2020-03-10 00:00:00+00:00,26.816335,27.103303,25.85726,27.073095,75029569,2004227230.6107543
2020-03-11 00:00:00+00:00,26.317918,26.484057,25.796846,26.06871,60039494,1571046399.8673284
2020-03-12 00:00:00+00:00,24.059939,25.245567,23.455798,23.659695,111517215,2688150318.999446
2020-03-13 00:00:00+00:00,24.860427,26.136676,24.056163,26.030951,85660389,2164728337.4951034
2020-03-16 00:00:00+00:00,23.410487,25.593024,23.350073,24.02218,77831557,1875268942.296137
2020-03-17 00:00:00+00:00,24.256285,25.722084,24.173216,25.479672,78977535,1967157771.702874
2020-03-18 00:00:00+00:00,24.165664,24.852875,22.844104,24.807564,100684205,2433290734.745109
2020-03-19 00:00:00+00:00,23.682351,24.535701,23.032898,23.523764,80533664,1908138743.243024
2020-03-20 00:00:00+00:00,23.002691,23.032898,21.280888,21.484786,154576030,3431636673.3814726
2020-03-23 00:00:00+00:00,20.684298,20.925955,19.695016,20.216088,128293280,2614660569.89524
2020-03-24 00:00:00+00:00,21.144956,21.371509,20.268951,21.212922,101037125,2121737644.0745623
2020-03-25 00:00:00+00:00,21.20537,22.602448,20.669194,21.447027,90081811,1935048260.388657
2020-03-26 00:00:00+00:00,21.658476,23.38028,21.658476,23.108416,84870713,1905467344.2967558
2020-03-27 00:00:00+00:00,22.421205,23.274555,22.066272,22.534482,61424025,1386593833.3372126
2020-03-30 00:00:00+00:00,22.579792,22.964933,22.262618,22.829001,55125990,1249104548.24514
2020-03-31 00:00:00+00:00,22.685517,22.753483,21.937892,22.01341,92446372,2065952277.9710858
2020-04-01 00:00:00+00:00,21.431923,21.582959,20.918403,21.182715,72361830,1539787380.57
2020-04-02 00:00:00+00:00,21.144956,21.80196,21.144956,21.718891,44782112,960696799.8678639
2020-04-03 00:00:00+00:00,21.5452,21.703787,20.578573,20.73716,70769071,1496141668.44378
2020-04-06 00:00:00+00:00,21.447027,22.413653,21.379061,22.232411,70846977,1549284385.221126
2020-04-07 00:00:00+00:00,22.987588,23.387832,22.708172,22.715724,71858047,1649129890.923963
2020-04-08 00:00:00+00:00,22.617551,22.65531,21.975651,22.572241,54018189,1212988602.9190793
2020-04-09 00:00:00+00:00,22.65531,23.289659,22.647758,23.206589,66650165,1529609889.571785
2020-04-13 00:00:00+00:00,23.032898,23.195262,22.579792,22.798794,45215654,1035514732.8004711
2020-04-14 00:00:00+00:00,23.176382,23.527539,22.919622,23.50866,42296692,984796026.3931191
2020-04-15 00:00:00+00:00,23.131072,23.380204,22.625103,22.723276,49714029,1141678388.1499987
2020-04-16 00:00:00+00:00,22.86676,22.86676,22.432533,22.776138,43081102,979472451.6436206
2020-04-17 00:00:00+00:00,23.29721,23.599281,23.183934,23.584178,45891432,1074600689.845374
2020-04-20 00:00:00+00:00,23.29721,23.727661,23.184689,23.395383,40498028,947703900.6381011
2020-04-21 00:00:00+00:00,23.04045,23.048002,22.383446,22.557137,57222424,1302225509.27021
2020-04-22 00:00:00+00:00,23.334969,23.334969,22.134238,22.255066,67221554,1530285938.325517
2020-04-23 00:00:00+00:00,22.232411,22.693069,22.149341,22.277721,45037814,1006060791.755797
2020-04-24 00:00:00+00:00,22.345687,22.617551,22.009634,22.436309,47098558,1052760874.2652494
2020-04-27 00:00:00+00:00,22.647758,23.16883,22.458964,23.063106,44123055,1007535157.6400476
2020-04-28 00:00:00+00:00,23.410487,23.501108,23.119744,23.146175,40950374,953913511.672559
2020-04-29 00:00:00+00:00,23.50866,24.067491,23.463349,23.735213,43910424,1040399458.0770781
2020-04-30 00:00:00+00:00,23.410487,23.448246,22.86676,23.010243,53963425,1251084483.61395
2020-05-01 00:00:00+00:00,23.236796,23.2519,22.466516,22.579792,48798243,1116686842.0494928
2020-05-04 00:00:00+00:00,22.466516,22.466516,22.066272,22.353239,46564045,1040153958.2791088
2020-05-05 00:00:00+00:00,22.458964,22.791242,22.44386,22.458964,32609736,734966626.97502
2020-05-06 00:00:00+00:00,22.519378,22.557137,21.741546,21.741546,59713453,1322049982.5732427
2020-05-07 00:00:00+00:00,22.028513,22.051168,21.771753,21.817064,42128245,923329990.6315025
2020-05-08 00:00:00+00:00,22.119134,22.542033,22.05872,22.496723,31843758,710248034.605095
2020-05-11 00:00:00+00:00,22.390998,22.390998,22.01341,22.1871,38697361,860847039.3416665
2020-05-12 00:00:00+00:00,22.285273,22.406102,21.817064,21.817064,46639254,1029858892.2736905
2020-05-13 00:00:00+00:00,21.749098,21.839719,21.144956,21.212922,65236384,1401712899.63772
2020-05-14 00:00:00+00:00,21.129852,21.598062,20.850437,21.582959,52738674,1122823641.375735
2020-05-15 00:00:00+00:00,21.356406,21.488562,21.197818,21.379061,42705647,911998811.0175024
2020-05-18 00:00:00+00:00,21.892581,22.421205,21.847271,22.239963,46283529,1022877793.199895
2020-05-19 00:00:00+00:00,22.247514,22.292825,21.824615,21.869926,46635138,1028711451.3033601
2020-05-20 00:00:00+00:00,22.104031,22.519378,21.907685,22.345687,50185662,1115085022.7285054
2020-05-21 00:00:00+00:00,22.496723,22.700621,22.300377,22.481619,51207665,1151907974.910275
2020-05-22 00:00:00+00:00,22.489171,22.587344,22.221083,22.564689,35274229,792455722.5254307
2020-05-26 00:00:00+00:00,23.138623,23.501108,23.085761,23.274555,54799325,1274084950.1420686
2020-05-27 00:00:00+00:00,23.969318,24.14686,23.810731,24.052387,57523305,1380261579.37332
2020-05-28 00:00:00+00:00,24.188319,24.218526,23.387832,23.455798,52556542,1251508897.4643626
2020-05-29 00:00:00+00:00,23.070657,23.38028,22.904518,23.304762,57929840,1341947886.29382
2020-06-01 00:00:00+00:00,23.221693,23.591729,23.108416,23.357625,33051247,770750642.9100903
2020-06-02 00:00:00+00:00,23.448246,23.486005,23.191486,23.402935,37656025,880479502.7622
2020-06-03 00:00:00+00:00,23.63704,23.908904,23.621937,23.795627,36893730,875889506.0012099
2020-06-04 00:00:00+00:00,23.705006,24.014629,23.621937,24.014629,40735895,971105047.8837237
2020-06-05 00:00:00+00:00,24.57346,24.920841,24.335579,24.74715,61825744,1523649555.2650802
2020-06-08 00:00:00+00:00,24.920841,25.102083,24.686736,25.094532,45392383,1132587527.067384
2020-06-09 00:00:00+00:00,24.777357,24.815116,24.429976,24.633874,42651633,1051963320.4313647
2020-06-10 00:00:00+00:00,24.596115,24.633874,24.241182,24.271389,36138838,883075635.38632
2020-06-11 00:00:00+00:00,23.561522,23.652144,22.742155,22.78369,66031092,1530922795.719003
2020-06-12 00:00:00+00:00,23.425591,23.470901,22.662862,23.032898,48041255,1112061997.339065
2020-06-15 00:00:00+00:00,22.647758,23.146175,22.292825,23.032898,53316712,1214550114.1227682
2020-06-16 00:00:00+00:00,23.727661,23.761644,22.927174,23.244348,55127436,1290820311.537393
2020-06-17 00:00:00+00:00,23.244348,23.274555,22.813897,22.851656,41686405,960709641.8801699
2020-06-18 00:00:00+00:00,22.700621,22.964933,22.617551,22.919622,37560224,856398713.8827121
2020-06-19 00:00:00+00:00,23.176382,23.221693,22.640206,22.889415,99260088,2281187798.649312
2020-06-22 00:00:00+00:00,22.791242,22.881863,22.65531,22.738379,39142369,891142513.5987465
2020-06-23 00:00:00+00:00,22.881863,23.166867,22.806345,22.844104,51528331,1181276411.9850624
2020-06-24 00:00:00+00:00,22.677965,22.685517,22.020961,22.217307,86861791,1945742120.4335628
2020-06-25 00:00:00+00:00,22.27017,22.511826,22.05872,22.44386,48427461,1080956330.535384
2020-06-26 00:00:00+00:00,22.323032,22.323032,21.839719,21.960547,101402293,2242165167.358672
2020-06-29 00:00:00+00:00,22.149341,22.602448,22.119134,22.587344,49702910,1111584048.3642426
2020-06-30 00:00:00+00:00,22.662862,22.91207,22.436309,22.829001,57988321,1316918278.2034206
2020-07-01 00:00:00+00:00,22.753483,23.017795,22.543695,22.579792,41013953,931988404.9140111
2020-07-02 00:00:00+00:00,22.738379,23.032898,22.670414,22.715724,49955148,1138445539.4056048
2020-07-06 00:00:00+00:00,23.063106,23.108416,22.836552,23.025347,44646292,1027237746.9312329
2020-07-07 00:00:00+00:00,22.881863,22.99514,22.829001,22.896967,36427543,834217791.2575634
2020-07-08 00:00:00+00:00,23.002691,23.066881,22.768587,23.002691,51554827,1183709783.3207374
2020-07-09 00:00:00+00:00,22.557137,22.564689,22.194652,22.307929,52127781,1167980365.0877168
2020-07-10 00:00:00+00:00,22.277721,22.825225,22.239963,22.753483,48853585,1100382936.1913302
2020-07-13 00:00:00+00:00,22.776138,22.78369,22.383446,22.474068,54282782,1227026216.2013612
2020-07-14 00:00:00+00:00,22.44386,22.730828,22.296601,22.625103,40524932,912787539.8113359
2020-07-15 00:00:00+00:00,22.708172,22.753483,22.542033,22.662862,40991640,929142644.4105
2020-07-16 00:00:00+00:00,22.632655,23.032898,22.595122,22.949829,43681216,996046431.6732161
2020-07-17 00:00:00+00:00,23.017795,23.055554,22.794338,22.844104,30663974,703061993.6793585
2020-07-20 00:00:00+00:00,22.791242,22.791242,22.504275,22.542033,42903224,972066841.0063521
2020-07-21 00:00:00+00:00,22.572241,22.972484,22.549585,22.844104,45381028,1031719678.0023981
2020-07-22 00:00:00+00:00,22.776138,22.859208,22.617551,22.776138,40399358,919378643.3398824
2020-07-23 00:00:00+00:00,22.768587,22.768587,22.307929,22.579792,68200494,1541755627.2245324
2020-07-24 00:00:00+00:00,22.504275,22.813897,22.247514,22.330584,51282254,1152520837.948145
2020-07-27 00:00:00+00:00,22.277721,22.285273,22.05872,22.119134,44353331,983988051.141172
2020-07-28 00:00:00+00:00,22.096479,22.572241,22.051168,22.421205,49878550,1111557116.0637875
2020-07-29 00:00:00+00:00,22.406102,22.406102,22.134238,22.323032,40355947,900638540.3654696
2020-07-30 00:00:00+00:00,22.255066,22.451412,22.171997,22.330584,35286948,786978856.5154831
2020-07-31 00:00:00+00:00,22.285273,22.368343,22.104031,22.338136,51238594,1141285663.0622752
2020-08-03 00:00:00+00:00,22.613775,22.640206,22.209756,22.368343,51615920,1159191363.6783998
2020-08-04 00:00:00+00:00,22.353239,22.772362,22.323032,22.662862,45081392,1015587907.45026
2020-08-05 00:00:00+00:00,22.768587,22.813142,22.496723,22.542033,30445401,689744251.1598712
2020-08-06 00:00:00+00:00,22.436309,22.723276,22.413653,22.534482,29011377,653537258.88261
2020-08-07 00:00:00+00:00,22.458964,22.700621,22.338136,22.670414,40284705,908099179.7187939
2020-08-10 00:00:00+00:00,22.693069,22.806345,22.643982,22.806345,47027864,1069293012.6458058
2020-08-11 00:00:00+00:00,22.964933,23.236796,22.730828,22.806345,41032696,941073619.284948
2020-08-12 00:00:00+00:00,22.927174,23.04045,22.738379,22.791242,28057116,641787204.1613549
2020-08-13 00:00:00+00:00,22.65531,22.753483,22.534482,22.587344,32963227,746045336.1368783
2020-08-14 00:00:00+00:00,22.52693,22.768587,22.474143,22.662862,29857563,675023680.7159716
2020-08-17 00:00:00+00:00,22.715724,22.715724,22.504275,22.542033,33130570,749394907.15023
2020-08-18 00:00:00+00:00,22.549585,22.602448,22.481619,22.496723,29017790,653846073.5928125
2020-08-19 00:00:00+00:00,22.511826,22.572241,22.413653,22.451412,32813430,737884886.61069
2020-08-20 00:00:00+00:00,22.31548,22.560913,22.277721,22.406102,30359804,679757650.989416
2020-08-21 00:00:00+00:00,22.451412,22.496723,22.300377,22.421205,32950745,738670994.7722913
2020-08-24 00:00:00+00:00,22.436309,22.693069,22.398927,22.677965,34937921,787904883.7411675
2020-08-25 00:00:00+00:00,22.723276,22.761035,22.52693,22.579792,27843885,630601576.2208012
2020-08-26 00:00:00+00:00,22.52693,22.745931,22.428757,22.647758,36865933,832703510.5519519
2020-08-27 00:00:00+00:00,22.662862,22.78369,22.515602,22.579792,39212599,887596255.2944134
2020-08-28 00:00:00+00:00,22.609999,22.715724,22.511826,22.685517,35540499,804308734.1624835
2020-08-31 00:00:00+00:00,22.768587,22.776138,22.504275,22.511826,54931474,1243659914.709381
2020-09-01 00:00:00+00:00,22.458964,22.466516,22.14179,22.255066,61645023,1376569364.283432
2020-09-02 00:00:00+00:00,22.179548,22.534482,22.14179,22.428757,46517297,1038319296.4570923
2020-09-03 00:00:00+00:00,22.489171,22.787466,22.217307,22.345687,58699220,1318379066.196955
2020-09-04 00:00:00+00:00,22.375895,22.557137,22.096479,22.217307,59370489,1324656806.5885005
2020-09-08 00:00:00+00:00,22.277721,22.353239,21.915237,22.285273,61486382,1365481424.5103853
2020-09-09 00:00:00+00:00,22.375895,22.428379,22.179548,22.179548,39222892,874311307.96651
2020-09-10 00:00:00+00:00,22.1871,22.1871,21.824615,21.832167,62788775,1381839380.4567623
2020-09-11 00:00:00+00:00,21.869926,21.998306,21.749098,21.900133,39288210,859601116.2528074
2020-09-14 00:00:00+00:00,21.975651,22.126686,21.900133,22.005858,38034536,836838979.903952
2020-09-15 00:00:00+00:00,22.043617,22.156893,21.945444,21.990754,34312137,756039699.906249
2020-09-16 00:00:00+00:00,21.998306,22.307929,21.990754,22.081375,40889990,903447605.04409
2020-09-17 00:00:00+00:00,22.01341,22.081375,21.862374,21.952995,41910732,921094726.0931821
2020-09-18 00:00:00+00:00,21.93034,22.066272,21.832167,21.847271,60729847,1331138275.5160875
2020-09-21 00:00:00+00:00,21.749098,21.764201,21.341302,21.620718,60216340,1301806802.628115
2020-09-22 00:00:00+00:00,21.5452,21.847271,21.46213,21.530096,37273876,804973121.0688931
2020-09-23 00:00:00+00:00,21.560303,21.662252,21.024128,21.046783,57982143,1236374485.6444097
2020-09-24 00:00:00+00:00,21.046783,21.337526,20.956162,21.175163,43767369,924756734.8867365
2020-09-25 00:00:00+00:00,21.07699,21.228025,20.956162,21.175163,47576682,1004300224.35597
2020-09-28 00:00:00+00:00,21.386613,21.635821,21.326198,21.431923,40421182,866837856.4290025
2020-09-29 00:00:00+00:00,21.41682,21.450803,21.243129,21.371509,33730140,720832157.7616351
2020-09-30 00:00:00+00:00,21.431923,21.650925,21.360181,21.530096,51760329,1112499308.7895312
2020-10-01 00:00:00+00:00,21.537648,21.628269,21.401716,21.514993,37925488,816181399.842872
2020-10-02 00:00:00+00:00,21.348854,21.817064,21.303543,21.658476,38001828,818254761.967209
2020-10-05 00:00:00+00:00,21.514993,21.711339,21.41682,21.650925,44312222,955970574.3272735
2020-10-06 00:00:00+00:00,21.707563,22.020961,21.643373,21.681132,51858799,1128616383.3130429
2020-10-07 00:00:00+00:00,21.839719,21.881254,21.666028,21.749098,54855400,1194971391.27115
2020-10-08 00:00:00+00:00,21.386613,21.620718,21.326198,21.605614,42518029,913490743.5772867
2020-10-09 00:00:00+00:00,21.620718,21.666028,21.318647,21.386613,43298025,930821006.3970374
2020-10-12 00:00:00+00:00,21.371509,21.371509,21.152508,21.243129,67810493,1443323542.2267287
2020-10-13 00:00:00+00:00,21.152508,21.243129,20.903299,20.956162,71522228,1506528082.329586
2020-10-14 00:00:00+00:00,20.925955,21.107197,20.752264,20.759816,64173612,1340349825.704496
2020-10-15 00:00:00+00:00,20.623884,20.729609,20.472848,20.729609,42489315,876936441.1685624
2020-10-16 00:00:00+00:00,20.752264,20.82023,20.631436,20.638987,38833473,804269545.1401852
2020-10-19 00:00:00+00:00,20.718281,20.744712,20.253847,20.299158,69027572,1415341301.774214
2020-10-20 00:00:00+00:00,20.382227,20.4804,20.133019,20.208537,55072907,1118037604.5924952
2020-10-21 00:00:00+00:00,20.216088,20.329365,20.042398,20.178329,63229095,1276693117.0017748
2020-10-22 00:00:00+00:00,21.016576,21.522544,20.918403,21.356406,118525716,2513157915.3745413
2020-10-23 00:00:00+00:00,21.409268,21.454579,20.956162,21.009024,56451062,1197172250.3207614
2020-10-26 00:00:00+00:00,20.865541,20.880644,20.457745,20.676746,54986407,1139327645.7427828
2020-10-27 00:00:00+00:00,20.571021,20.593677,20.314261,20.329365,46567837,952409174.318797
2020-10-28 00:00:00+00:00,20.15945,20.299158,19.974432,20.01219,64817698,1303568655.920135
2020-10-29 00:00:00+00:00,20.01219,20.427538,19.898914,20.208537,58497807,1177958332.8841133
2020-10-30 00:00:00+00:00,20.193433,20.419986,20.155674,20.404883,64147933,1301785693.447902
2020-11-02 00:00:00+00:00,20.69185,20.842885,20.397331,20.646539,63630265,1313624629.8700812
2020-11-03 00:00:00+00:00,20.774919,20.993921,20.69185,20.73716,44075563,916748019.7848876
2020-11-04 00:00:00+00:00,20.548366,20.725833,20.284054,20.419986,60227857,1234343413.9009557
2020-11-05 00:00:00+00:00,20.533263,21.031679,20.525711,20.774919,46504795,963411609.604435
2020-11-06 00:00:00+00:00,20.759967,20.922179,20.676746,20.722057,34740587,721570234.1942658
2020-11-09 00:00:00+00:00,21.326198,21.741546,21.258233,21.371509,93585971,2005020609.8922267
2020-11-10 00:00:00+00:00,21.560303,21.877478,21.514993,21.786856,58518690,1268972379.671175
2020-11-11 00:00:00+00:00,21.877478,21.900133,21.469682,21.696235,52595286,1143204930.252252
2020-11-12 00:00:00+00:00,21.522544,21.582959,21.28844,21.477234,40382065,866913862.8101263
2020-11-13 00:00:00+00:00,21.575407,21.892581,21.499889,21.832167,36402153,789927120.523683
2020-11-16 00:00:00+00:00,21.983202,22.073824,21.824615,21.877478,66142100,1451143106.202475
2020-11-17 00:00:00+00:00,21.733994,21.998306,21.658476,21.922788,37839354,825972214.2994139
2020-11-18 00:00:00+00:00,21.937892,22.028513,21.605614,21.613166,39141626,853142476.0027024
2020-11-19 00:00:00+00:00,21.530096,21.530096,21.228025,21.356406,54796390,1173254040.8277423
2020-11-20 00:00:00+00:00,21.311095,21.46213,21.265784,21.386613,37368782,798062861.4331009
2020-11-23 00:00:00+00:00,21.439475,21.67358,21.409268,21.613166,36837508,793254191.2803531
2020-11-24 00:00:00+00:00,21.847271,22.232411,21.832167,22.073824,58275115,1281843803.1068487
2020-11-25 00:00:00+00:00,22.111583,22.119134,21.824615,21.892581,32428465,713003954.6358862
2020-11-27 00:00:00+00:00,21.952769,22.043617,21.809512,21.922788,20723360,454508285.57624
2020-11-30 00:00:00+00:00,21.80196,21.915237,21.669804,21.711339,57391181,1249669148.9348848
2020-12-01 00:00:00+00:00,21.764201,22.005858,21.707563,21.80196,55701079,1215391723.0172446
2020-12-02 00:00:00+00:00,21.764201,22.051168,21.73777,21.968099,39046802,854356112.745219
2020-12-03 00:00:00+00:00,21.922788,22.081375,21.824615,22.073824,46290954,1017273826.415577
2020-12-04 00:00:00+00:00,22.179548,22.474068,22.134238,22.307929,49955868,1112714293.726161
2020-12-07 00:00:00+00:00,22.489171,22.489171,22.292825,22.383446,45860306,1027896996.6228943
2020-12-08 00:00:00+00:00,22.27017,23.357625,22.247514,23.267003,97471237,2220938473.4199862
2020-12-09 00:00:00+00:00,23.410487,24.082595,23.387832,23.757868,93601045,2214572223.1817975
2020-12-10 00:00:00+00:00,23.463349,23.493556,23.017795,23.176382,62279345,1450347093.2503228
2020-12-11 00:00:00+00:00,22.980036,23.478453,22.949829,23.418039,41714975,968062290.3990188
2020-12-14 00:00:00+00:00,23.584178,23.614385,22.957381,23.070657,56460002,1315893519.7283006
2020-12-15 00:00:00+00:00,23.138623,23.183934,22.86676,23.093313,44272925,1021405489.1981875
2020-12-16 00:00:00+00:00,23.055554,23.100864,22.836552,22.874311,45932973,1054934334.4391031
2020-12-17 00:00:00+00:00,22.685517,22.745931,22.307929,22.368343,81674874,1839884169.35682
2020-12-18 00:00:00+00:00,22.292825,22.413653,22.096479,22.202204,98542581,2192699571.8151355
2020-12-21 00:00:00+00:00,21.885029,22.05872,21.711339,21.907685,63329145,1386318886.9797711
2020-12-22 00:00:00+00:00,21.900133,21.907685,21.386613,21.447027,84727898,1835237153.998821
2020-12-23 00:00:00+00:00,21.522544,21.847271,21.522544,21.711339,52042237,1126762544.0981064
2020-12-24 00:00:00+00:00,21.696235,21.718891,21.522544,21.666028,25362387,549119126.0767815
2020-12-28 00:00:00+00:00,21.847271,21.869246,21.522544,21.560303,55112196,1195925890.360836
2020-12-29 00:00:00+00:00,21.666028,21.809512,21.530096,21.552752,48488692,1049275753.9371241
2020-12-30 00:00:00+00:00,21.552752,21.658476,21.469682,21.514993,45483060,980113356.9757951
2020-12-31 00:00:00+00:00,21.484786,21.749098,21.439475,21.718891,51143313,1104596470.6310625
2021-01-04 00:00:00+00:00,22.194652,22.27017,21.915237,22.232411,86713483,1920973977.7332525
2021-01-05 00:00:00+00:00,22.277721,22.466516,22.043617,22.096479,83066584,1845829478.357118
2021-01-06 00:00:00+00:00,22.209756,22.65531,22.175773,22.52693,73466266,1645052385.5951385
2021-01-07 00:00:00+00:00,22.670414,22.723276,22.413653,22.587344,71275707,1610736306.2421772
2021-01-08 00:00:00+00:00,22.005858,22.05872,21.711339,21.915237,72482175,1589011392.5449874
2021-01-11 00:00:00+00:00,21.703787,21.915237,21.658476,21.80196,40860668,889531226.1698201
2021-01-12 00:00:00+00:00,21.80196,21.80196,21.530096,21.711339,57523571,1248913736.0906763
2021-01-13 00:00:00+00:00,21.741546,21.749098,21.499889,21.605614,51390644,1112557940.562167
2021-01-14 00:00:00+00:00,21.635821,22.477843,21.5452,22.119134,84561297,1855655339.7358515
2021-01-15 00:00:00+00:00,21.862374,22.119134,21.764805,22.028513,53832517,1181284953.2042606
2021-01-19 00:00:00+00:00,22.111583,22.1871,21.824615,21.862374,53979346,1187352257.982628
2021-01-20 00:00:00+00:00,21.900133,21.907685,21.703787,21.869926,43092527,941372745.9797091
2021-01-21 00:00:00+00:00,21.832167,21.956771,21.722666,21.771753,37137521,810371875.8844993
2021-01-22 00:00:00+00:00,21.756649,21.937892,21.576162,21.847271,45982066,1001466107.5635711
2021-01-25 00:00:00+00:00,21.718891,22.036065,21.514993,21.983202,68743278,1499516903.8922446
2021-01-26 00:00:00+00:00,21.975651,22.534482,21.952995,22.466516,66896818,1487277552.368198
2021-01-27 00:00:00+00:00,21.926564,22.806345,21.869926,22.005858,97395247,2157516385.2705426
2021-01-28 00:00:00+00:00,21.922788,22.44386,21.733994,21.749098,69708816,1530975340.3269598
2021-01-29 00:00:00+00:00,21.733994,21.93034,21.575407,21.620718,66282386,1439329617.8937933
2021-02-01 00:00:00+00:00,21.854822,21.881254,21.394164,21.635821,56783038,1231710134.7183297
2021-02-02 00:00:00+00:00,21.733994,21.764201,21.431923,21.552752,56681303,1225490439.6949024
2021-02-03 00:00:00+00:00,21.530096,21.671541,21.484786,21.530096,53476538,1152640238.6328056
2021-02-04 00:00:00+00:00,21.537648,21.817064,21.496113,21.817064,42007894,910183873.5789416
2021-02-05 00:00:00+00:00,21.885029,21.952995,21.794408,21.847271,36509070,798450650.1015525
2021-02-08 00:00:00+00:00,21.877478,21.892581,21.613166,21.726442,42465550,924789979.8679625
2021-02-09 00:00:00+00:00,21.643373,21.733994,21.567855,21.613166,43417635,939540124.0930951
2021-02-10 00:00:00+00:00,21.628269,21.639597,21.507441,21.560303,55973708,1208131056.03547
2021-02-11 00:00:00+00:00,21.530096,21.67358,21.492337,21.666028,44679704,964657607.1789659
2021-02-12 00:00:00+00:00,21.598062,21.779305,21.59051,21.749098,38021458,824276455.7123876
2021-02-16 00:00:00+00:00,21.749098,22.036065,21.696235,21.877478,51247196,1119224360.177924
2021-02-17 00:00:00+00:00,21.764201,22.458964,21.749098,22.330584,67913795,1499245362.2685912
2021-02-18 00:00:00+00:00,22.31548,22.345687,22.05872,22.073824,35756766,793743986.6246566
2021-02-19 00:00:00+00:00,22.119134,22.149341,21.885029,21.900133,39332469,865841736.9099382
2021-02-22 00:00:00+00:00,21.892581,22.330584,21.885029,22.14179,46179793,1018841498.343328
2021-02-23 00:00:00+00:00,22.390998,22.511826,21.985241,22.036065,62184348,1382422261.37931
2021-02-24 00:00:00+00:00,22.126686,22.345687,22.051168,22.1871,45859316,1017052329.545389
2021-02-25 00:00:00+00:00,22.020961,22.096479,21.59051,21.620718,77513278,1692282830.0134258
2021-02-26 00:00:00+00:00,21.658476,21.741546,21.061887,21.061887,102634718,2194427671.1873817
2021-03-01 00:00:00+00:00,21.265784,21.484786,21.16006,21.212922,58798686,1251288251.3131678
2021-03-02 00:00:00+00:00,21.20537,21.492337,21.20537,21.311095,47306261,1007790965.3827229
2021-03-03 00:00:00+00:00,21.280888,21.847271,21.280888,21.688683,75831578,1632231682.029485
2021-03-04 00:00:00+00:00,21.726442,22.14179,21.635821,21.839719,80448998,1756679734.735114
2021-03-05 00:00:00+00:00,21.907685,22.458964,21.885029,22.368343,77748607,1722520796.2651865
2021-03-08 00:00:00+00:00,22.307929,22.949829,22.217307,22.647758,74127323,1670140902.5482073
2021-03-09 00:00:00+00:00,22.579792,22.761035,22.360791,22.383446,63497862,1430052240.5332918
2021-03-10 00:00:00+00:00,22.609999,22.772362,22.330584,22.647758,57985448,1309901461.262486
2021-03-11 00:00:00+00:00,22.587344,22.65531,22.277721,22.307929,48334832,1085458995.671232
2021-03-12 00:00:00+00:00,22.579792,23.308538,22.442954,22.511826,92840783,2108486365.6387825
2021-03-15 00:00:00+00:00,22.670414,22.708172,22.413653,22.602448,56152313,1268967689.4902575
2021-03-16 00:00:00+00:00,22.466516,22.685517,22.421205,22.647758,50319077,1134959311.185173
2021-03-17 00:00:00+00:00,22.745931,22.829001,22.511826,22.768587,52889061,1201313470.9702613
2021-03-18 00:00:00+00:00,22.708172,23.032898,22.647758,22.662862,41444812,943405043.58307
2021-03-19 00:00:00+00:00,22.662862,22.700621,22.368343,22.474068,97573929,2200435874.1343813
2021-03-22 00:00:00+00:00,22.489171,22.662862,22.338136,22.647758,41532039,935902974.8857883
2021-03-23 00:00:00+00:00,22.617551,22.855432,22.511826,22.65531,48887828,1107799636.892883
2021-03-24 00:00:00+00:00,22.640206,22.874311,22.632655,22.647758,44410045,1008051731.7679625
2021-03-25 00:00:00+00:00,22.65531,22.795018,22.511826,22.715724,49008987,1111007736.0223963
2021-03-26 00:00:00+00:00,22.86676,23.108416,22.711948,22.889415,83390380,1909150596.573705
2021-03-29 00:00:00+00:00,22.957381,23.142928,22.821449,23.078209,49362354,1135333734.7605796
2021-03-30 00:00:00+00:00,23.115968,23.214141,22.953605,23.206589,46522831,1075727683.9019485
2021-03-31 00:00:00+00:00,23.146175,23.146175,22.806345,22.859208,59989717,1379132144.2208626
2021-04-01 00:00:00+00:00,22.836552,23.017795,22.677965,23.010243,43005795,984215088.5265564
2021-04-05 00:00:00+00:00,23.12352,23.289659,23.108416,23.191486,51004328,1182192098.3036418
2021-04-06 00:00:00+00:00,23.191486,23.395383,23.176382,23.395383,44580841,1038272562.5327984
2021-04-07 00:00:00+00:00,23.418039,23.523764,23.259452,23.357625,53829110,1259047810.7492
2021-04-08 00:00:00+00:00,22.881863,22.91207,22.602448,22.65531,66047322,1503430088.5303752
2021-04-09 00:00:00+00:00,22.693069,22.798794,22.587344,22.685517,44117797,1001084917.048257
2021-04-12 00:00:00+00:00,22.662862,22.776138,22.579792,22.625103,32917886,745951350.5514925
2021-04-13 00:00:00+00:00,22.549585,22.549585,22.285273,22.375895,54802256,1229767255.430632
2021-04-14 00:00:00+00:00,22.353239,22.500499,22.126686,22.451412,41431198,926317026.204882
2021-04-15 00:00:00+00:00,22.489171,22.534482,22.413653,22.466516,35078954,788433009.090547
2021-04-16 00:00:00+00:00,22.587344,22.677965,22.534482,22.617551,39941761,902856966.1048154
2021-04-19 00:00:00+00:00,22.65531,22.711948,22.511826,22.647758,39445761,892725043.4041905
2021-04-20 00:00:00+00:00,22.632655,22.670414,22.542033,22.572241,35804420,809335131.0140151
2021-04-21 00:00:00+00:00,22.625103,22.832777,22.583568,22.738379,45495784,1032524850.1873419
2021-04-22 00:00:00+00:00,23.63704,24.082595,23.523764,23.682351,143705531,3410338827.3308125
2021-04-23 00:00:00+00:00,23.772972,23.946663,23.712558,23.712558,53456792,1271533291.024698
2021-04-26 00:00:00+00:00,23.697454,23.697454,23.327418,23.342521,60199558,1415665553.1844068
2021-04-27 00:00:00+00:00,23.289659,23.319866,23.131072,23.236796,44217706,1027811757.0801146
2021-04-28 00:00:00+00:00,23.387832,23.523764,23.334969,23.38028,37198366,870691411.9338175
2021-04-29 00:00:00+00:00,23.50866,23.810731,23.493556,23.667247,50952187,1203493128.1210694
2021-04-30 00:00:00+00:00,23.682351,23.735213,23.448246,23.72011,41490413,981102221.1962398
2021-05-03 00:00:00+00:00,23.999525,24.052387,23.761644,23.788075,49596461,1185375640.8569727
2021-05-04 00:00:00+00:00,23.863593,24.226078,23.825834,24.180768,68710620,1650708624.3798149
2021-05-05 00:00:00+00:00,24.173216,24.237406,24.075043,24.188319,27591225,666838411.0476002
2021-05-06 00:00:00+00:00,24.195871,24.482838,23.946663,24.475287,38561641,936090188.3053548
2021-05-07 00:00:00+00:00,24.316699,24.437528,24.210975,24.286492,38335653,932051798.7115455
2021-05-10 00:00:00+00:00,24.414872,24.845323,24.36201,24.641426,54270128,1333194958.0286918
2021-05-11 00:00:00+00:00,24.535701,24.671633,24.226078,24.36201,44227745,1081317746.5958476
2021-05-12 00:00:00+00:00,24.278941,24.388441,24.112802,24.143009,41688430,1010143936.6892475
2021-05-13 00:00:00+00:00,24.037284,24.433752,23.908904,24.324251,35843788,866561130.2288771
2021-05-14 00:00:00+00:00,24.414872,24.581011,24.331803,24.346906,28048759,684912772.8578321
2021-05-17 00:00:00+00:00,25.305981,25.585397,23.591729,23.689902,227043306,5572381130.831939
2021-05-18 00:00:00+00:00,22.564689,22.65531,21.817064,22.31548,327145071,7307811005.941388
2021-05-19 00:00:00+00:00,21.937892,22.036065,21.650925,21.869926,162393584,3552148863.1279683
2021-05-20 00:00:00+00:00,21.907685,22.428757,21.832167,22.383446,108504624,2402076858.05058
2021-05-21 00:00:00+00:00,22.662862,22.836552,22.549585,22.662862,98768724,2239873690.658841
2021-05-24 00:00:00+00:00,22.693069,22.776138,22.451412,22.466516,63029427,1424262331.8054113
2021-05-25 00:00:00+00:00,22.436309,22.466516,22.073824,22.292825,77302162,1725180835.200697
2021-05-26 00:00:00+00:00,22.277721,22.383446,22.1871,22.31548,43772172,975722717.462121
2021-05-27 00:00:00+00:00,22.390998,22.579792,22.330584,22.436309,62833069,1409623506.959782
2021-05-28 00:00:00+00:00,22.436309,22.436309,22.179548,22.224859,54199198,1209685788.7064874
2021-06-01 00:00:00+00:00,22.247514,22.296601,22.066272,22.14179,52169871,1157547406.2647917
2021-06-02 00:00:00+00:00,22.126686,22.383446,22.01341,22.360791,53011348,1177969577.102721
2021-06-03 00:00:00+00:00,22.247514,22.326808,22.043617,22.073824,60797019,1348048700.0636241
2021-06-04 00:00:00+00:00,22.081375,22.156893,22.043617,22.104031,45234690,999527377.6565101
2021-06-07 00:00:00+00:00,22.126686,22.149341,21.907685,21.960547,43818650,965590608.6575875
2021-06-08 00:00:00+00:00,21.922788,21.93034,21.692459,21.885029,81808582,1788143679.586628
2021-06-09 00:00:00+00:00,21.862374,22.036065,21.809512,21.907685,38703691,847762125.628119
2021-06-10 00:00:00+00:00,21.907685,22.119134,21.900133,22.036065,46025972,1012145839.3693811
2021-06-11 00:00:00+00:00,22.066272,22.164445,21.998306,22.14179,41169948,909555443.981931
2021-06-14 00:00:00+00:00,22.073824,22.107807,21.869926,21.968099,36011521,792430422.614194
2021-06-15 00:00:00+00:00,21.945444,22.126686,21.93034,22.111583,34710402,764618550.3698264
2021-06-16 00:00:00+00:00,22.111583,22.156893,21.892581,21.945444,40257329,886733099.4489572
2021-06-17 00:00:00+00:00,21.93034,22.010917,21.681132,21.703787,47290174,1032417514.4486561
2021-06-18 00:00:00+00:00,21.620718,21.722666,21.454579,21.635821,87007667,1880100473.955482
2021-06-21 00:00:00+00:00,21.688683,21.862374,21.650925,21.847271,44502180,968470381.4678849
2021-06-22 00:00:00+00:00,21.854822,21.900133,21.726442,21.733994,41530266,905519596.8810014
2021-06-23 00:00:00+00:00,21.749098,21.839719,21.628269,21.635821,31484301,683625766.6782516
2021-06-24 00:00:00+00:00,21.681132,21.779305,21.605614,21.741546,47510133,1031060119.7201003
2021-06-25 00:00:00+00:00,21.67358,21.862374,21.643373,21.817064,37044745,805689780.1288238
2021-06-28 00:00:00+00:00,21.832167,21.832167,21.711339,21.733994,35878801,781347601.8673166
2021-06-29 00:00:00+00:00,21.749098,21.93034,21.635821,21.643373,42722124,928764364.793592
2021-06-30 00:00:00+00:00,21.643373,21.794408,21.635821,21.733994,43630137,946856826.5301629
2021-07-01 00:00:00+00:00,21.817064,22.066272,21.794408,21.983202,34952686,765996380.000239
2021-07-02 00:00:00+00:00,21.983202,22.164445,21.975651,22.073824,37986274,837570010.575857
2021-07-06 00:00:00+00:00,22.111583,22.149341,21.862374,21.915237,53241342,1171822437.7784927
2021-07-07 00:00:00+00:00,21.922788,21.952995,21.794408,21.847271,44490824,973430999.6921719
2021-07-08 00:00:00+00:00,21.348854,21.424371,21.212922,21.280888,52993120,1129641554.4498
2021-07-09 00:00:00+00:00,21.33375,21.550864,21.326198,21.484786,45221402,968818771.6970991
2021-07-12 00:00:00+00:00,21.401716,21.582959,21.318647,21.507441,35594173,763590785.8709997
2021-07-13 00:00:00+00:00,21.507441,21.613166,21.311095,21.348854,38436788,824282261.373532
2021-07-14 00:00:00+00:00,21.341302,21.41682,21.265784,21.341302,42328985,903355652.23847
2021-07-15 00:00:00+00:00,21.326198,21.522544,21.299767,21.469682,36108026,772875966.6752415
2021-07-16 00:00:00+00:00,21.522393,21.620718,21.371509,21.401716,34678252,744857087.681168
2021-07-19 00:00:00+00:00,21.228025,21.295991,20.767367,20.986369,76378476,1609251564.6164882
2021-07-20 00:00:00+00:00,20.925955,21.280888,20.880644,21.07699,46033161,968589230.0554491
2021-07-21 00:00:00+00:00,21.20537,21.371509,21.031679,21.069438,40804114,863802650.5188861
2021-07-22 00:00:00+00:00,21.341302,21.409268,20.94861,21.152508,48911690,1037559864.8581799
2021-07-23 00:00:00+00:00,21.122301,21.301278,21.095869,21.258233,40035819,848535972.9389348
2021-07-26 00:00:00+00:00,21.20537,21.326198,21.152508,21.280888,48407191,1028228810.1640311
2021-07-27 00:00:00+00:00,21.152508,21.443251,21.054335,21.295991,45267988,961334589.106745
2021-07-28 00:00:00+00:00,21.258233,21.363957,21.039231,21.152508,42075986,892157422.3022485
2021-07-29 00:00:00+00:00,21.28844,21.484786,21.228025,21.363957,42135120,899218320.7262399
2021-07-30 00:00:00+00:00,21.424371,21.447027,21.152508,21.182715,49660200,1057844460.04605
2021-08-02 00:00:00+00:00,21.326198,21.560303,21.167611,21.228025,43092917,918764012.8309073
2021-08-03 00:00:00+00:00,21.20537,21.33375,21.07699,21.28844,37988063,806339848.5966625
2021-08-04 00:00:00+00:00,21.175163,21.235577,21.001472,21.031679,38985796,823028076.993059
2021-08-05 00:00:00+00:00,21.046783,21.152508,21.039231,21.099645,27841838,587032395.7077365
2021-08-06 00:00:00+00:00,21.07699,21.212922,21.07699,21.114749,30567117,645590127.6175418
2021-08-09 00:00:00+00:00,21.122301,21.144956,21.001472,21.031679,33364380,703157711.6667601
2021-08-10 00:00:00+00:00,21.009024,21.228025,20.971265,21.212922,29477029,622121805.4469609
2021-08-11 00:00:00+00:00,21.20537,21.311095,21.16006,21.265784,27146850,576479030.2691624
2021-08-12 00:00:00+00:00,21.295991,21.311095,21.107197,21.16006,25178299,534247896.3706393
2021-08-13 00:00:00+00:00,21.175163,21.341302,21.144956,21.28844,29056422,617084752.5143355
2021-08-16 00:00:00+00:00,21.250681,21.363957,21.129852,21.295991,27155182,577322434.7306355
2021-08-17 00:00:00+00:00,21.20537,21.348854,21.155,21.28844,26365323,560247716.401368
2021-08-18 00:00:00+00:00,21.190267,21.258006,20.993921,21.016576,36605109,772905620.4639825
2021-08-19 00:00:00+00:00,20.993921,21.031679,20.767367,20.790023,49889006,1042468072.4019849
2021-08-20 00:00:00+00:00,20.782471,21.024128,20.714505,20.82023,36759648,765899525.422608
2021-08-23 00:00:00+00:00,20.857989,20.933506,20.767367,20.782471,37022920,771384876.08809
2021-08-24 00:00:00+00:00,20.790023,20.812678,20.669194,20.729609,38787968,804864920.275968
2021-08-25 00:00:00+00:00,20.729609,20.782471,20.646539,20.714505,29712590,615593788.85779
2021-08-26 00:00:00+00:00,20.69185,20.706953,20.397331,20.404883,49264531,1012398637.5570068
2021-08-27 00:00:00+00:00,20.419986,20.537039,20.299158,20.487952,42692379,872462898.1117913
2021-08-30 00:00:00+00:00,20.4804,20.616332,20.427538,20.56347,40274572,826512148.73682
2021-08-31 00:00:00+00:00,20.533263,20.763592,20.4804,20.706953,52704017,1086812275.165884
2021-09-01 00:00:00+00:00,20.722057,20.73716,20.495504,20.533263,37551760,774392244.51296
2021-09-02 00:00:00+00:00,20.525711,21.046783,20.510607,20.873092,80745729,1674589569.7124245
2021-09-03 00:00:00+00:00,20.873092,20.956162,20.631436,20.812678,35816755,745645454.92021
2021-09-07 00:00:00+00:00,20.744712,20.805126,20.665419,20.706953,34940403,724333858.7626575
2021-09-08 00:00:00+00:00,20.73716,20.944834,20.73716,20.842885,37981800,790610528.22255
2021-09-09 00:00:00+00:00,20.82023,20.895748,20.699402,20.706953,39812335,827323541.8443887
2021-09-10 00:00:00+00:00,20.752264,20.759816,20.510607,20.525711,38251121,789392190.0635394
2021-09-13 00:00:00+00:00,20.646539,20.956162,20.638987,20.782471,51176277,1062216839.6690108
2021-09-14 00:00:00+00:00,20.805126,20.850437,20.578573,20.638987,38052207,788376307.7831151
2021-09-15 00:00:00+00:00,20.654091,20.880644,20.623884,20.82023,44547545,924126002.4689262
2021-09-16 00:00:00+00:00,20.812678,20.94861,20.725153,20.842885,38047269,792613320.4776734
2021-09-17 00:00:00+00:00,20.706953,21.099645,20.706953,20.790023,90017316,1874691036.171846
2021-09-20 00:00:00+00:00,20.631436,20.669194,20.344468,20.548366,64640901,1328264892.3177662
2021-09-21 00:00:00+00:00,20.620108,20.714505,20.344468,20.359572,47126999,966558879.4730867
2021-09-22 00:00:00+00:00,20.404883,20.545194,20.382227,20.397331,41956759,857277649.7132412
2021-09-23 00:00:00+00:00,20.43509,20.60878,20.406242,20.533263,45054290,923425688.1071874
2021-09-24 00:00:00+00:00,20.503056,20.676746,20.465297,20.487952,32411261,665508938.1718277
2021-09-27 00:00:00+00:00,20.518159,20.880644,20.510607,20.69185,42577986,879248822.96559
2021-09-28 00:00:00+00:00,20.722057,20.94861,20.533263,20.571021,43603793,902325457.2472857
2021-09-29 00:00:00+00:00,20.601229,20.82023,20.518159,20.69185,41625542,859894910.438914
2021-09-30 00:00:00+00:00,20.752264,20.774919,20.397331,20.397331,58760389,1209315908.8494263
2021-10-01 00:00:00+00:00,20.491728,20.69185,20.397331,20.510607,41765627,857150909.280133
2021-10-04 00:00:00+00:00,20.571021,20.733385,20.457745,20.578573,57900845,1191899374.377945
2021-10-05 00:00:00+00:00,20.616332,20.752264,20.514383,20.654091,42655497,880164935.4434475
2021-10-06 00:00:00+00:00,20.586125,20.642763,20.367124,20.623884,73934464,1519720985.223936
2021-10-07 00:00:00+00:00,20.389779,20.56347,20.367124,20.457745,64412288,1316878922.1784961
2021-10-08 00:00:00+00:00,20.43509,20.479645,20.200985,20.216088,51643381,1050062386.9907119
2021-10-11 00:00:00+00:00,20.155674,20.216088,19.657257,19.657257,85473371,1702763658.0390992
2021-10-12 00:00:00+00:00,19.649706,19.65401,19.151289,19.204151,101530774,1971198554.216686
2021-10-13 00:00:00+00:00,19.090875,19.226806,18.886977,19.105978,80558747,1536872304.733273
2021-10-14 00:00:00+00:00,19.15733,19.491118,19.143737,19.347635,75043591,1447212275.4734051
2021-10-15 00:00:00+00:00,19.400497,19.589291,19.37029,19.408049,63070848,1226225429.315424
2021-10-18 00:00:00+00:00,19.302324,19.37029,19.090875,19.128633,59816330,1149851135.988065
2021-10-19 00:00:00+00:00,19.226806,19.332531,19.079547,19.324979,46249444,889883967.960543
2021-10-20 00:00:00+00:00,19.340083,19.702568,19.302324,19.566636,63936552,1245349942.0263178
2021-10-21 00:00:00+00:00,19.725223,19.853603,19.332531,19.45336,73926806,1448313307.7259755
2021-10-22 00:00:00+00:00,19.45336,19.483567,19.230582,19.249462,49166331,951577105.3008502
2021-10-25 00:00:00+00:00,19.204151,19.377842,19.121082,19.362738,65714474,1266084841.1693404
2021-10-26 00:00:00+00:00,19.355187,19.408049,19.143737,19.15884,48194759,928542071.1685169
2021-10-27 00:00:00+00:00,19.173944,19.238134,18.909632,18.924736,52959753,1009498236.8219594
2021-10-28 00:00:00+00:00,18.977598,19.358962,18.947391,19.294772,70291664,1345711466.6662679
2021-10-29 00:00:00+00:00,19.15884,19.272117,18.992702,19.075771,71785987,1372896771.8718526
2021-11-01 00:00:00+00:00,19.226806,19.317428,19.139961,19.15884,53325832,1024429693.69503
2021-11-02 00:00:00+00:00,19.181496,19.24191,18.977598,19.053116,45816693,875718736.15629
2021-11-03 00:00:00+00:00,18.970046,19.128633,18.962494,19.015357,48167518,916104407.038135
2021-11-04 00:00:00+00:00,18.977598,19.068219,18.532044,18.72839,83544848,1572862323.311212
2021-11-05 00:00:00+00:00,18.766148,19.11353,18.751045,18.954943,58875672,1112539219.8293881
2021-11-08 00:00:00+00:00,18.924736,18.977598,18.675527,18.788804,61170165,1152547833.3874311
2021-11-09 00:00:00+00:00,18.743493,18.766148,18.562251,18.660424,60066289,1122223222.623831
2021-11-10 00:00:00+00:00,18.64532,18.977598,18.622665,18.841666,62280542,1169118641.2522395
2021-11-11 00:00:00+00:00,18.871873,18.954943,18.788804,18.819011,40229407,758672618.0984542
2021-11-12 00:00:00+00:00,18.841666,18.936063,18.811459,18.834114,36222592,683006873.9096961
2021-11-15 00:00:00+00:00,18.85677,18.917184,18.683079,18.72839,53298004,1001808243.948923
2021-11-16 00:00:00+00:00,18.720838,18.796356,18.60001,18.622665,48169411,900043866.9867897
2021-11-17 00:00:00+00:00,18.60001,18.667975,18.547147,18.622665,42768328,795895029.4233539
2021-11-18 00:00:00+00:00,18.60001,18.64532,18.418767,18.418767,49742052,921258418.349232
2021-11-19 00:00:00+00:00,18.365905,18.381008,18.094041,18.222421,66831548,1220734613.3386252
2021-11-22 00:00:00+00:00,18.199766,18.7737,18.17711,18.652872,71424924,1317851416.0844882
2021-11-23 00:00:00+00:00,18.64532,18.871873,18.64532,18.698183,58984536,1103905854.549264
2021-11-24 00:00:00+00:00,18.630217,18.666767,18.448974,18.479181,44604284,827689794.973869
2021-11-26 00:00:00+00:00,18.169559,18.365905,18.1318,18.290387,38857222,708732910.3763804
2021-11-29 00:00:00+00:00,18.313042,18.320594,18.010971,18.041179,69459660,1262182495.5981898
2021-11-30 00:00:00+00:00,17.852384,17.882591,17.029241,17.240691,184519235,3229312971.471536
2021-12-01 00:00:00+00:00,17.369071,17.516331,16.780033,16.787585,106410772,1821034675.9828603
2021-12-02 00:00:00+00:00,16.825344,17.565417,16.825344,17.40683,105968304,1817964009.36306
2021-12-03 00:00:00+00:00,17.384175,17.769315,17.301105,17.716452,93413426,1638729476.5692556
2021-12-06 00:00:00+00:00,17.814625,18.078937,17.542762,17.580521,78276752,1389741990.9718602
2021-12-07 00:00:00+00:00,17.591848,17.648486,17.346416,17.429485,82658347,1446856562.065886
2021-12-08 00:00:00+00:00,17.384175,17.795746,17.353967,17.497451,64803439,1134567901.2437053
2021-12-09 00:00:00+00:00,17.391726,17.421933,17.127414,17.32376,68293909,1182591550.4505494
2021-12-10 00:00:00+00:00,17.353967,17.40683,17.180277,17.248243,52996480,916697563.6510401
2021-12-13 00:00:00+00:00,17.15007,17.218036,16.829119,16.946172,87587637,1492129780.0957222
2021-12-14 00:00:00+00:00,16.908413,17.165173,16.802688,16.832895,102333937,1732236458.6920884
2021-12-15 00:00:00+00:00,16.825344,16.915965,16.628998,16.742274,93656933,1571389625.543518
2021-12-16 00:00:00+00:00,17.104759,18.041179,17.104759,17.905247,150458117,2638882807.649362
2021-12-17 00:00:00+00:00,17.973213,18.00342,17.580521,17.958109,142986780,2556434294.305785
2021-12-20 00:00:00+00:00,18.146903,18.343249,17.935454,18.267732,102103212,1855555825.200414
2021-12-21 00:00:00+00:00,18.365905,18.746438,18.271508,18.479181,96537362,1782635564.650396
2021-12-22 00:00:00+00:00,18.456526,18.754821,18.30549,18.713286,67756563,1257394501.3868124
2021-12-23 00:00:00+00:00,18.766148,18.894529,18.735186,18.781252,57356565,1077975270.7524939
2021-12-27 00:00:00+00:00,18.781252,18.947391,18.596234,18.713286,67863571,1273089425.6150181
2021-12-28 00:00:00+00:00,18.683079,18.970046,18.64532,18.743493,55715920,1045257653.56324
2021-12-29 00:00:00+00:00,18.735941,18.819011,18.577354,18.607561,44735075,835873388.9337564
2021-12-30 00:00:00+00:00,18.630217,18.841666,18.622665,18.713286,53713839,1004553987.8536814
2021-12-31 00:00:00+00:00,18.667975,18.747269,18.550923,18.577354,59616790,1111011359.3293974
2022-01-03 00:00:00+00:00,18.70951,19.313652,18.70951,19.204151,77045847,1462654211.6310203
2022-01-04 00:00:00+00:00,19.37029,19.543981,19.211703,19.362738,72928765,1412789016.9001698
2022-01-05 00:00:00+00:00,19.634602,20.253772,19.634602,19.793189,125386282,2486289757.9621325
2022-01-06 00:00:00+00:00,20.170778,20.231192,19.589291,19.717671,93771833,1868613165.0280888
2022-01-07 00:00:00+00:00,19.566636,20.023518,19.460911,19.853603,98179008,1936695507.7023356
2022-01-10 00:00:00+00:00,19.929121,20.114366,19.785637,19.981983,77041896,1537199751.2847178
2022-01-11 00:00:00+00:00,20.125467,20.185881,19.740327,19.891362,60062884,1200402339.484677
2022-01-12 00:00:00+00:00,19.846052,20.019742,19.747879,19.974432,48484837,964704074.5159714
2022-01-13 00:00:00+00:00,20.01219,20.442641,19.878524,20.238744,65014956,1309597867.828161
2022-01-14 00:00:00+00:00,20.102812,20.56347,19.985759,20.525711,72627805,1473940485.6485898
2022-01-18 00:00:00+00:00,20.548366,20.740936,20.321813,20.623884,80291274,1650688209.2746816
2022-01-19 00:00:00+00:00,20.729609,20.752264,20.22364,20.601229,67452144,1387941553.388712
2022-01-20 00:00:00+00:00,20.487952,20.699402,20.359572,20.404883,55667356,1140510131.611751
2022-01-21 00:00:00+00:00,20.268951,20.389779,19.970656,20.09526,79727056,1608984593.0555441
2022-01-24 00:00:00+00:00,19.778086,20.072605,19.476015,19.891362,103031453,2040488162.473201
2022-01-25 00:00:00+00:00,19.75543,20.09526,19.408049,19.997087,115484209,2288199093.5629086
2022-01-26 00:00:00+00:00,20.374675,20.374675,18.169559,18.313042,188280252,3635312799.182913
2022-01-27 00:00:00+00:00,18.169559,18.520716,17.79197,18.214869,116724202,2121378154.838257
2022-01-28 00:00:00+00:00,18.17711,19.060667,18.078937,19.038012,102078141,1897498051.161091
2022-01-31 00:00:00+00:00,18.85677,19.287221,18.592458,19.257013,129710633,2464290014.970361
2022-02-01 00:00:00+00:00,18.267732,18.577354,18.214869,18.441422,172616532,3171888198.741141
2022-02-02 00:00:00+00:00,18.282835,18.652872,18.17711,18.532044,93848615,1727867051.6793785
2022-02-03 00:00:00+00:00,18.501836,18.807683,18.45275,18.547147,63834949,1185884445.144946
2022-02-04 00:00:00+00:00,18.509388,18.531968,18.109144,18.184662,69729346,1278403221.266013
2022-02-07 00:00:00+00:00,18.154455,18.184662,17.848608,18.071386,73180161,1321983344.174218
2022-02-08 00:00:00+00:00,18.033627,18.211093,17.990053,18.078937,42156824,762129086.31426
2022-02-09 00:00:00+00:00,18.1318,18.539595,18.109144,18.501836,53037695,971682063.5314063
2022-02-10 00:00:00+00:00,18.471629,18.615113,18.282835,18.313042,58440353,1076509566.0811267
2022-02-11 00:00:00+00:00,18.32437,18.471629,18.1318,18.222421,60093391,1098961193.0490048
2022-02-14 00:00:00+00:00,18.150679,18.328146,18.00342,18.162007,57466601,1043654561.156863
2022-02-15 00:00:00+00:00,18.252628,18.467854,18.207317,18.381008,43620545,799442528.6599537
2022-02-16 00:00:00+00:00,18.252628,18.377232,17.958109,18.078937,60671283,1102198604.6650994
2022-02-17 00:00:00+00:00,17.995868,18.086489,17.822177,17.943006,61721489,1108634287.446765
2022-02-18 00:00:00+00:00,17.905247,18.094041,17.784418,18.026075,62604581,1123905312.80169
2022-02-22 00:00:00+00:00,17.950557,18.199766,17.799522,17.935454,62177382,1117409924.0268044
2022-02-23 00:00:00+00:00,17.973213,18.071386,17.678694,17.754211,50240502,897766420.6667521
2022-02-24 00:00:00+00:00,17.338864,17.587997,17.104759,17.542762,92979309,1617244490.6155095
2022-02-25 00:00:00+00:00,17.708901,18.204674,17.701349,18.056282,59035577,1057787750.1239655
2022-02-28 00:00:00+00:00,17.814625,17.935454,17.678694,17.890143,62797647,1119665027.847663
2022-03-01 00:00:00+00:00,17.829729,17.943006,17.497451,17.769315,57671767,1024243387.3670667
2022-03-02 00:00:00+00:00,17.79197,18.158231,17.769315,17.988316,45631430,818032729.08994
2022-03-03 00:00:00+00:00,18.086489,18.19599,17.882591,18.056282,49225833,888789053.146554
2022-03-04 00:00:00+00:00,17.897695,18.041179,17.701349,18.026075,48205800,863682807.0321
2022-03-07 00:00:00+00:00,17.87504,18.022299,17.731556,17.799522,50120766,895011743.5518554
2022-03-08 00:00:00+00:00,17.754211,17.844833,17.369071,17.369071,67286829,1183191551.6807988
2022-03-09 00:00:00+00:00,17.588072,17.761763,17.520106,17.565417,58019419,1021654637.0542504
2022-03-10 00:00:00+00:00,17.53521,17.53521,17.32376,17.512555,53630841,937289247.4035337
2022-03-11 00:00:00+00:00,17.822177,17.897695,17.482348,17.512555,72152712,1275565698.67995
2022-03-14 00:00:00+00:00,17.53521,17.550313,17.225587,17.286002,65692938,1143009690.898764
2022-03-15 00:00:00+00:00,17.353967,17.520106,17.301105,17.437037,47096071,819615455.0268161
2022-03-16 00:00:00+00:00,17.482348,17.584296,17.346416,17.512555,49798363,870545289.6920612
2022-03-17 00:00:00+00:00,17.459692,17.572969,17.319984,17.512555,41115016,718127203.9608002
2022-03-18 00:00:00+00:00,17.520106,17.633383,17.384175,17.53521,89513389,1568115107.1774962
2022-03-21 00:00:00+00:00,17.53521,17.754211,17.437037,17.489899,50997865,895221073.7694515
2022-03-22 00:00:00+00:00,17.565417,17.739108,17.505003,17.527658,39637728,697001561.7383521
2022-03-23 00:00:00+00:00,17.527658,17.708901,17.497451,17.527658,38185827,670749974.744859
2022-03-24 00:00:00+00:00,17.550313,17.633383,17.489899,17.618279,37223898,654134387.0012131
2022-03-25 00:00:00+00:00,17.671142,18.00342,17.618279,18.00342,42143194,751163039.6994084
2022-03-28 00:00:00+00:00,18.124248,18.17711,17.905247,18.026075,50976181,920536542.4487698
2022-03-29 00:00:00+00:00,18.078937,18.169559,18.010971,18.116696,43986290,795889723.7013175
2022-03-30 00:00:00+00:00,18.162007,18.237525,18.063834,18.229973,42391306,770391394.4276836
2022-03-31 00:00:00+00:00,18.124248,18.229973,17.837281,17.844833,69584801,1253158508.9360838
2022-04-01 00:00:00+00:00,17.912798,18.124248,17.66359,18.109144,53389257,958467699.883365
2022-04-04 00:00:00+00:00,18.010971,18.275283,17.799522,18.26018,47217056,853990763.9563841
2022-04-05 00:00:00+00:00,18.101593,18.233749,18.010971,18.041179,43943213,795234744.8729489
2022-04-06 00:00:00+00:00,17.958109,18.229973,17.818401,18.146903,49334431,889911560.7583414
2022-04-07 00:00:00+00:00,18.056282,18.109144,17.822177,17.92035,62824850,1129401590.2580123
2022-04-08 00:00:00+00:00,17.87504,18.30549,17.776867,18.229973,73131725,1319796722.8283126
2022-04-11 00:00:00+00:00,18.89,19.77,18.85,19.63,157485278,3037103586.23
2022-04-12 00:00:00+00:00,19.75,20.12,19.51,19.56,104795879,2068146672.0650003
2022-04-13 00:00:00+00:00,19.12,19.49,19.03,19.42,64100538,1234896864.57
2022-04-14 00:00:00+00:00,19.32,19.59,19.21,19.54,52731119,1023774675.385
2022-04-18 00:00:00+00:00,19.43,19.57,19.29,19.46,54812748,1065422789.25
2022-04-19 00:00:00+00:00,19.49,19.64,19.39,19.49,57496030,1121316325.0749998
2022-04-20 00:00:00+00:00,19.52,19.59,19.3,19.43,48751399,948702224.5400001
2022-04-21 00:00:00+00:00,19.68,20.35,19.63,20.21,81259770,1622554457.4750001
2022-04-22 00:00:00+00:00,20.045,20.05,19.5,19.52,68483566,1354519331.0224998
2022-04-25 00:00:00+00:00,19.765,19.885,19.11,19.51,71861412,1406148179.3100002
2022-04-26 00:00:00+00:00,19.45,19.65,19.3,19.3,50825858,987292291.6499999
2022-04-27 00:00:00+00:00,19.23,19.36,18.99,19.07,66767014,1279422905.775
2022-04-28 00:00:00+00:00,19.25,19.59,19.1,19.42,67479409,1305051770.0600002
2022-04-29 00:00:00+00:00,19.36,19.37,18.81,18.86,70195438,1340732865.8000002
2022-05-02 00:00:00+00:00,19.0,19.39,18.86,19.12,67551591,1289728751.1675
2022-05-03 00:00:00+00:00,19.18,19.68,19.04,19.33,62675309,1210103528.5175
2022-05-04 00:00:00+00:00,19.28,19.975,19.2125,19.95,60771845,1191394038.821875
2022-05-05 00:00:00+00:00,19.74,19.99,19.685,19.95,55503880,1101266359.05
2022-05-06 00:00:00+00:00,19.8,20.11,19.66,20.03,51506825,1024985817.4999999
2022-05-09 00:00:00+00:00,19.98,20.0401,19.47,19.55,51563301,1018892116.8425249
2022-05-10 00:00:00+00:00,19.66,19.85,19.24,19.36,42465876,829252393.59
2022-05-11 00:00:00+00:00,19.5,19.66,19.29,19.43,50074173,974944148.31
2022-05-12 00:00:00+00:00,19.4,19.74,19.39,19.72,52686961,1030688674.5625
2022-05-13 00:00:00+00:00,19.74,19.86,19.54,19.84,34107316,673448954.42
2022-05-16 00:00:00+00:00,19.93,20.38,19.675,20.28,40026961,803191006.16625
2022-05-17 00:00:00+00:00,20.4,20.67,20.24,20.57,42938444,878949948.68
2022-05-18 00:00:00+00:00,20.51,20.63,20.125,20.23,43342780,883054964.0250001
2022-05-19 00:00:00+00:00,19.92,20.34,19.91,20.21,41588106,835712990.0699999
2022-05-20 00:00:00+00:00,20.21,20.42,20.09,20.4,47415765,961591714.2
2022-05-23 00:00:00+00:00,20.53,20.91,20.42,20.74,46775082,965905443.3
2022-05-24 00:00:00+00:00,20.8,21.2261,20.6,21.16,49841239,1044000758.744475
2022-05-25 00:00:00+00:00,21.12,21.37,21.06,21.3,40179427,852306095.2375
2022-05-26 00:00:00+00:00,21.38,21.53,21.27,21.32,28495526,609091868.25
2022-05-27 00:00:00+00:00,21.31,21.41,21.15,21.29,34169573,727470209.17
2022-05-31 00:00:00+00:00,21.19,21.43,20.97,21.29,61515254,1305353689.8799999
2022-06-01 00:00:00+00:00,21.44,21.47,21.12,21.22,35928933,765735384.5625
2022-06-02 00:00:00+00:00,21.26,21.26,20.94,21.19,27085159,573189677.3375001
2022-06-03 00:00:00+00:00,21.06,21.1477,20.8,20.9,27796852,583092479.6401
2022-06-06 00:00:00+00:00,20.92,21.05,20.83,20.94,22002924,460631213.94
2022-06-07 00:00:00+00:00,20.9,21.185,20.77,21.14,24977744,524501401.81999993
2022-06-08 00:00:00+00:00,21.09,21.195,20.99,21.05,20732913,437075722.1812499
2022-06-09 00:00:00+00:00,21.02,21.16,20.87,20.88,24941249,523329757.1425
2022-06-10 00:00:00+00:00,20.68,20.85,20.63,20.69,33584188,695612493.9499999
2022-06-13 00:00:00+00:00,20.4,20.49,19.675,19.76,56215858,1128884698.4625
2022-06-14 00:00:00+00:00,19.88,19.96,19.3015,19.45,42638297,837751929.6688751
2022-06-15 00:00:00+00:00,19.6,19.71,19.18,19.44,38941850,758684592.6250001
2022-06-16 00:00:00+00:00,19.28,19.29,18.67,18.96,67896413,1293426667.65
2022-06-17 00:00:00+00:00,19.14,19.42,19.0,19.38,97645449,1878210211.5149999
2022-06-21 00:00:00+00:00,19.645,20.05,19.47,19.96,49307689,975367723.03125
2022-06-22 00:00:00+00:00,19.85,20.55,19.82,20.32,46613865,938570171.7750001
2022-06-23 00:00:00+00:00,20.43,20.78,20.0801,20.61,51713608,1058837416.6402001
2022-06-24 00:00:00+00:00,20.7,21.06,20.51,20.99,47641663,991661215.3449999
2022-06-27 00:00:00+00:00,20.95,21.035,20.67,20.78,32339898,674569847.4075
2022-06-28 00:00:00+00:00,20.93,21.06,20.6,20.61,26760572,556619897.5999999
2022-06-29 00:00:00+00:00,20.67,21.02,20.54,20.95,26585678,552849174.01
2022-06-30 00:00:00+00:00,20.79,21.15,20.75,20.96,37655687,787474554.3875
2022-07-01 00:00:00+00:00,20.97,21.385,20.87,21.31,32762530,692395118.3875
2022-07-05 00:00:00+00:00,21.13,21.185,20.775,21.17,36980603,778996402.1949999
2022-07-06 00:00:00+00:00,21.17,21.23,20.89,21.09,27644985,583170958.575
2022-07-07 00:00:00+00:00,21.17,21.32,21.03,21.15,27015412,571848733.51
2022-07-08 00:00:00+00:00,20.93,21.06,20.75,20.8,22366311,467120405.23499995
2022-07-11 00:00:00+00:00,20.71,20.8551,20.63,20.66,23340969,483479580.14797497
2022-07-12 00:00:00+00:00,20.63,20.86,20.45,20.6,26448049,545755491.1149999
2022-07-13 00:00:00+00:00,20.45,20.6,20.23,20.45,25213051,515165664.5575
2022-07-14 00:00:00+00:00,20.13,20.35,20.045,20.33,26620991,538110056.8262501
2022-07-15 00:00:00+00:00,20.54,20.59,20.21,20.57,23838015,488142952.16249996
2022-07-18 00:00:00+00:00,20.63,20.69,20.51,20.53,22507373,463426810.07
2022-07-19 00:00:00+00:00,20.6,20.86,20.53,20.8,21813064,451475892.14000005
2022-07-20 00:00:00+00:00,20.82,20.83,20.4,20.48,34207151,705779043.0075
2022-07-21 00:00:00+00:00,19.04,19.12,18.24,18.92,123409020,2323791846.6
2022-07-22 00:00:00+00:00,18.66,18.69,18.25,18.4,72016305,1332301642.5
2022-07-25 00:00:00+00:00,18.38,18.65,18.33,18.53,39493055,729535458.4875
2022-07-26 00:00:00+00:00,18.4,18.445,18.18,18.3,38885023,712811077.86875
2022-07-27 00:00:00+00:00,18.35,18.49,18.23,18.39,36607436,672295562.1400001
2022-07-28 00:00:00+00:00,18.3,18.77,18.285,18.58,41940101,775210341.85875
2022-07-29 00:00:00+00:00,18.51,18.85,18.48,18.78,40819755,761492529.5250001
2022-08-01 00:00:00+00:00,18.85,18.87,18.61,18.73,37087767,695951947.755
2022-08-02 00:00:00+00:00,18.72,18.74,18.32,18.36,43625163,808592396.2049998
2022-08-03 00:00:00+00:00,18.42,18.505,18.31,18.37,35524333,653692132.61625
2022-08-04 00:00:00+00:00,18.31,18.38,18.22,18.27,28287824,517525740.0799999
2022-08-05 00:00:00+00:00,18.27,18.36,18.09,18.35,32726396,597829438.93
2022-08-08 00:00:00+00:00,18.36,18.405,18.0,18.0,44081700,801901225.125
2022-08-09 00:00:00+00:00,18.04,18.22,18.04,18.1,33257462,601960062.2
2022-08-10 00:00:00+00:00,18.22,18.25,17.99,18.01,50229507,910033093.0725
2022-08-11 00:00:00+00:00,18.06,18.17,18.01,18.04,40798898,737236086.86
2022-08-12 00:00:00+00:00,18.1,18.27,18.09,18.27,25822303,469514024.2975
2022-08-15 00:00:00+00:00,18.19,18.46,18.19,18.39,28845380,528086794.35
2022-08-16 00:00:00+00:00,18.37,18.7,18.37,18.57,34240980,633543732.4499999
2022-08-17 00:00:00+00:00,18.42,18.61,18.32,18.42,23772331,438421214.4675001
2022-08-18 00:00:00+00:00,18.26,18.53,18.18,18.43,33817371,620548757.85
2022-08-19 00:00:00+00:00,18.38,18.51,18.32,18.43,27161443,500042165.63
2022-08-22 00:00:00+00:00,18.31,18.33,18.07,18.13,32057068,583759208.28
2022-08-23 00:00:00+00:00,18.11,18.19,18.02,18.06,27298198,493960892.80999994
2022-08-24 00:00:00+00:00,18.07,18.07,17.865,18.01,30647745,551774339.04375
2022-08-25 00:00:00+00:00,18.05,18.1,17.94,18.09,25198614,454708989.63000005
2022-08-26 00:00:00+00:00,18.02,18.09,17.85,17.89,30590663,549484784.1374999
2022-08-29 00:00:00+00:00,17.81,17.92,17.71,17.78,25465384,453411162.12
2022-08-30 00:00:00+00:00,17.81,17.9,17.75,17.82,32481912,578827671.84
2022-08-31 00:00:00+00:00,17.82,17.86,17.505,17.54,46669909,825182328.5062499
2022-09-01 00:00:00+00:00,17.49,17.67,17.41,17.5,30623244,536442676.7699999
2022-09-02 00:00:00+00:00,17.57,17.615,17.16,17.19,36489608,634326223.0699999
2022-09-06 00:00:00+00:00,17.2,17.23,16.78,16.79,57232550,972953350.0
2022-09-07 00:00:00+00:00,16.76,17.135,16.68,16.87,55566578,936921963.3025001
2022-09-08 00:00:00+00:00,16.86,16.93,16.696,16.77,49770857,836847189.598
2022-09-09 00:00:00+00:00,16.92,17.07,16.86,17.03,55150785,935908821.4499999
2022-09-12 00:00:00+00:00,17.07,17.4,17.03,17.38,43425012,747778706.64
2022-09-13 00:00:00+00:00,17.18,17.32,16.78,16.83,42274585,719830496.0875
2022-09-14 00:00:00+00:00,16.89,16.9198,16.7,16.77,41000337,689623618.3231499
2022-09-15 00:00:00+00:00,16.83,16.92,16.63,16.76,38637255,648526325.175
2022-09-16 00:00:00+00:00,16.67,16.81,16.55,16.74,69825935,1165569419.9875
2022-09-19 00:00:00+00:00,16.63,16.86,16.58,16.76,33805281,564801732.3075
2022-09-20 00:00:00+00:00,16.65,16.65,16.46,16.56,36187487,599988534.4599999
2022-09-21 00:00:00+00:00,16.58,16.66,16.25,16.25,38815583,637934106.6049999
2022-09-22 00:00:00+00:00,16.26,16.38,16.14,16.24,37800352,614444721.76
2022-09-23 00:00:00+00:00,16.1,16.13,15.85,16.01,46225624,740650060.5400001
2022-09-26 00:00:00+00:00,15.91,15.98,15.58,15.67,46841195,739388263.075
2022-09-27 00:00:00+00:00,15.81,16.03,15.67,15.73,41183424,651109933.44
2022-09-28 00:00:00+00:00,15.78,15.92,15.71,15.83,42670752,674624589.12
2022-09-29 00:00:00+00:00,15.67,15.75,15.41,15.53,51308347,799897129.73
2022-09-30 00:00:00+00:00,15.53,15.68,15.34,15.34,63932744,989199381.54
2022-10-03 00:00:00+00:00,15.73,16.175,15.66,15.9,59540471,944683998.00375
2022-10-04 00:00:00+00:00,15.99,16.15,15.89,16.09,46876220,751425806.6
2022-10-05 00:00:00+00:00,15.97,16.14,15.76,15.93,38250090,610088935.5
2022-10-06 00:00:00+00:00,15.64,15.81,15.31,15.32,52923865,821378384.8000001
2022-10-07 00:00:00+00:00,15.23,15.2415,14.9,14.94,53446897,805865632.1038749
2022-10-10 00:00:00+00:00,15.0,15.13,14.76,14.9,43852638,655487306.505
2022-10-11 00:00:00+00:00,14.85,14.91,14.68,14.81,49661493,735610865.0625
2022-10-12 00:00:00+00:00,14.76,14.935,14.62,14.63,46719587,688471513.92875
2022-10-13 00:00:00+00:00,14.49,15.15,14.46,15.12,60354521,893548683.405
2022-10-14 00:00:00+00:00,15.19,15.27,14.97,14.99,47240338,713565305.49
2022-10-17 00:00:00+00:00,15.14,15.4,15.08,15.31,44240705,673896538.9125
2022-10-18 00:00:00+00:00,15.56,15.7,15.45,15.6,49420243,769843835.3325
2022-10-19 00:00:00+00:00,15.46,15.76,15.4,15.54,47349092,735804889.68
2022-10-20 00:00:00+00:00,16.21,17.16,16.12,16.74,117495741,1945435731.6075
2022-10-21 00:00:00+00:00,16.83,17.4,16.77,17.1,81050681,1379887844.0249999
2022-10-24 00:00:00+00:00,17.43,17.85,17.39,17.51,69196482,1214052276.69
2022-10-25 00:00:00+00:00,17.53,17.89,17.5,17.69,58235104,1027995173.36
2022-10-26 00:00:00+00:00,17.85,18.2351,17.76,18.14,65201017,1173375432.211675
2022-10-27 00:00:00+00:00,18.35,18.35,17.99,18.03,53975498,981274553.64
2022-10-28 00:00:00+00:00,18.28,18.59,18.23,18.48,55833922,1027064995.1900002
2022-10-31 00:00:00+00:00,18.35,18.39,18.13,18.23,47573949,869413917.9750001
2022-11-01 00:00:00+00:00,18.57,18.58,18.2438,18.35,48025723,885399827.94185
2022-11-02 00:00:00+00:00,18.27,18.8,18.265,18.43,49201073,907329287.46125
2022-11-03 00:00:00+00:00,18.17,18.33,18.07,18.17,41249439,750121048.2150002
2022-11-04 00:00:00+00:00,18.34,18.41,18.09,18.32,39458723,721700043.67
2022-11-07 00:00:00+00:00,18.34,18.4,18.15,18.36,39985216,732229268.0
2022-11-08 00:00:00+00:00,18.38,18.73,18.295,18.57,43210379,799121946.6312499
2022-11-09 00:00:00+00:00,18.48,18.72,18.38,18.38,41838444,773592829.56
2022-11-10 00:00:00+00:00,18.83,18.97,18.58,18.84,46482727,874107681.235
2022-11-11 00:00:00+00:00,18.82,19.13,18.78,19.05,52519514,994982192.73
2022-11-14 00:00:00+00:00,19.075,19.36,19.04,19.06,37316467,714003950.46125
2022-11-15 00:00:00+00:00,19.12,19.39,18.81,19.02,49339280,941640158.8000001
2022-11-16 00:00:00+00:00,19.0,19.05,18.78,18.93,32155441,609024052.54
2022-11-17 00:00:00+00:00,18.71,18.99,18.52,18.95,36007803,676676637.8775
2022-11-18 00:00:00+00:00,19.04,19.12,18.92,18.97,34211309,650442512.3625
2022-11-21 00:00:00+00:00,18.975,19.075,18.76,18.84,31911448,603525260.3000001
2022-11-22 00:00:00+00:00,18.9,19.04,18.89,19.0,33770953,640212841.4975
2022-11-23 00:00:00+00:00,18.93,19.115,18.89,19.09,21486024,408368743.65000004
2022-11-25 00:00:00+00:00,19.17,19.285,19.065,19.12,13782713,264076781.08
2022-11-28 00:00:00+00:00,19.095,19.15,18.77,18.82,27787847,526822844.31125003
2022-11-29 00:00:00+00:00,18.79,19.03,18.75,19.01,24087955,455141909.72499996
2022-11-30 00:00:00+00:00,18.94,19.28,18.8,19.28,59293423,1131022043.725
2022-12-01 00:00:00+00:00,19.29,19.4,19.085,19.19,31615469,608321142.89625
2022-12-02 00:00:00+00:00,19.05,19.06,18.855,19.02,33479648,635987763.32
2022-12-05 00:00:00+00:00,18.92,18.98,18.69,18.75,28698037,540527526.895
2022-12-06 00:00:00+00:00,18.89,19.18,18.81,19.17,45858132,871877734.65
2022-12-07 00:00:00+00:00,19.05,19.42,19.0,19.3,45381037,870975552.6225
2022-12-08 00:00:00+00:00,19.43,19.52,19.02,19.12,45761101,881930819.0225
2022-12-09 00:00:00+00:00,19.07,19.35,19.03,19.09,29815562,570520778.87
2022-12-12 00:00:00+00:00,19.14,19.31,19.07,19.3,31333483,601759541.0150001
2022-12-13 00:00:00+00:00,19.41,19.5,19.07,19.12,54142090,1043588784.7499999
2022-12-14 00:00:00+00:00,19.05,19.1,18.76,18.9,44027741,834435761.3025
2022-12-15 00:00:00+00:00,18.635,18.81,18.36,18.47,47282183,877971035.5812501
2022-12-16 00:00:00+00:00,18.355,18.51,18.215,18.49,76412515,1405417182.1374998
2022-12-19 00:00:00+00:00,18.265,18.32,17.635,17.86,62216947,1121149384.94
2022-12-20 00:00:00+00:00,17.85,18.09,17.83,18.07,40922709,734971853.64
2022-12-21 00:00:00+00:00,18.18,18.27,18.07,18.15,42316196,768779490.83
2022-12-22 00:00:00+00:00,18.01,18.28,17.92,18.27,32614993,590983673.1600001
2022-12-23 00:00:00+00:00,18.17,18.32,18.1001,18.31,25164051,458615458.57627505
2022-12-27 00:00:00+00:00,18.25,18.52,18.22,18.46,30382455,557897829.9374999
2022-12-28 00:00:00+00:00,18.45,18.545,18.19,18.22,26632293,488735866.91625
2022-12-29 00:00:00+00:00,18.27,18.55,18.24,18.45,23765855,436757000.26250005
2022-12-30 00:00:00+00:00,18.42,18.48,18.22,18.41,26204237,481699386.65250003
2023-01-03 00:00:00+00:00,18.51,18.85,18.41,18.74,42149170,785133664.175
2023-01-04 00:00:00+00:00,18.87,19.37,18.81,19.14,43926755,836694865.8625
2023-01-05 00:00:00+00:00,19.14,19.32,18.96,19.21,31081839,595450330.6424999
2023-01-06 00:00:00+00:00,19.35,19.79,19.34,19.53,36050329,703071541.3225
2023-01-09 00:00:00+00:00,19.235,19.24,18.98,19.04,51981064,994072872.6700001
2023-01-10 00:00:00+00:00,19.35,19.48,19.2,19.47,32869494,636846446.25
2023-01-11 00:00:00+00:00,19.47,19.49,19.25,19.41,30010227,582348454.935
2023-01-12 00:00:00+00:00,19.48,19.57,19.37,19.41,31740354,617587937.955
2023-01-13 00:00:00+00:00,19.385,19.59,19.285,19.55,25479977,495649252.59250003
2023-01-17 00:00:00+00:00,19.55,19.57,19.265,19.33,38801049,753855880.7587501
2023-01-18 00:00:00+00:00,19.29,19.33,18.97,19.02,38023707,728249048.3175
2023-01-19 00:00:00+00:00,18.93,19.02,18.785,18.94,40180782,760170169.4625
2023-01-20 00:00:00+00:00,18.96,19.23,18.77,19.23,37836624,720693095.64
2023-01-23 00:00:00+00:00,19.23,19.4,18.98,19.1,32890784,630763010.1600001
2023-01-24 00:00:00+00:00,18.97,22.84,15.15,19.16,32858473,625296741.19
2023-01-25 00:00:00+00:00,19.75,20.48,19.74,20.42,73582116,1478816576.31
2023-01-26 00:00:00+00:00,20.27,20.32,19.81,20.0,47400914,952758371.4000001
2023-01-27 00:00:00+00:00,19.95,20.1,19.81,19.95,37093996,740117955.19
2023-01-30 00:00:00+00:00,19.92,20.26,19.89,20.16,37245959,747060822.6425
2023-01-31 00:00:00+00:00,20.16,20.38,20.07,20.37,36575932,740479743.34
2023-02-01 00:00:00+00:00,20.47,20.5,20.07,20.18,40172549,815703607.4449999
2023-02-02 00:00:00+00:00,20.1,20.49,20.04,20.28,34968831,707332029.0525
2023-02-03 00:00:00+00:00,20.22,20.26,19.775,19.83,31599941,632670318.74625
2023-02-06 00:00:00+00:00,19.75,19.76,19.49,19.58,30929765,607615233.425
2023-02-07 00:00:00+00:00,19.49,19.54,19.09,19.25,36534418,706666980.1650001
2023-02-08 00:00:00+00:00,19.09,19.22,19.015,19.16,29805219,569913043.80375
2023-02-09 00:00:00+00:00,19.21,19.25,18.89,18.97,28320910,540362962.8
2023-02-10 00:00:00+00:00,19.03,19.11,18.83,19.07,24931150,473941161.49999994
2023-02-13 00:00:00+00:00,19.01,19.32,18.99,19.26,21668665,414846591.425
2023-02-14 00:00:00+00:00,19.3,19.35,19.03,19.15,23195192,445521650.3400001
2023-02-15 00:00:00+00:00,19.01,19.27,18.985,19.25,31155538,595966497.5175
2023-02-16 00:00:00+00:00,19.04,19.415,18.93,19.26,35161148,673731547.115
2023-02-17 00:00:00+00:00,19.26,19.51,19.13,19.44,29997547,580002571.245
2023-02-21 00:00:00+00:00,19.22,19.36,19.13,19.21,28220330,542676945.8999999
2023-02-22 00:00:00+00:00,19.22,19.43,19.215,19.38,25308792,488744409.50999993
2023-02-23 00:00:00+00:00,19.42,19.58,19.26,19.35,24845773,482070110.6325001
2023-02-24 00:00:00+00:00,19.26,19.27,18.975,19.24,29138136,559051561.83
2023-02-27 00:00:00+00:00,19.3,19.34,19.01,19.03,22981105,440547782.85
2023-02-28 00:00:00+00:00,19.02,19.03,18.84,18.91,34154826,647233952.6999999
2023-03-01 00:00:00+00:00,18.83,18.86,18.56,18.66,23339850,437097040.875
2023-03-02 00:00:00+00:00,18.53,18.75,18.5,18.66,24188168,450141806.47999996
2023-03-03 00:00:00+00:00,18.7,18.85,18.67,18.81,23501477,440828954.8275
2023-03-06 00:00:00+00:00,18.85,18.96,18.77,18.77,24072147,453459069.11249995
2023-03-07 00:00:00+00:00,18.8,18.93,18.6,18.71,27944036,524230115.36
2023-03-08 00:00:00+00:00,18.57,18.64,18.18,18.61,31510317,582940864.5
2023-03-09 00:00:00+00:00,18.7,18.7,18.31,18.32,24711104,457340757.28000003
2023-03-10 00:00:00+00:00,18.28,18.49,18.24,18.43,32018524,587860100.64
2023-03-13 00:00:00+00:00,18.27,18.6596,18.22,18.3,39834982,731465873.4768001
2023-03-14 00:00:00+00:00,18.37,18.51,18.21,18.44,32076205,589640838.4125
2023-03-15 00:00:00+00:00,18.2,18.34,18.055,18.31,34436388,627646216.785
2023-03-16 00:00:00+00:00,18.23,18.4286,18.065,18.39,31733375,580035321.6
2023-03-17 00:00:00+00:00,18.32,18.35,18.03,18.13,58728602,1069301020.915
2023-03-20 00:00:00+00:00,18.27,18.58,18.22,18.49,27382101,503556837.3899999
2023-03-21 00:00:00+00:00,18.675,18.72,18.435,18.54,24313184,452042873.52000004
2023-03-22 00:00:00+00:00,18.61,18.72,18.38,18.39,21071095,390342034.87499994
2023-03-23 00:00:00+00:00,18.41,18.57,18.34,18.46,28957808,534126768.56
2023-03-24 00:00:00+00:00,18.45,18.66,18.35,18.61,32061597,593700622.4475
2023-03-27 00:00:00+00:00,18.74,18.95,18.705,18.87,26650453,501461586.26125
2023-03-28 00:00:00+00:00,18.84,18.99,18.72,18.72,21547161,405463702.1175
2023-03-29 00:00:00+00:00,18.86,19.05,18.83,19.0,23149448,438334797.88
2023-03-30 00:00:00+00:00,19.005,19.14,18.98,19.08,19736256,376000347.12
2023-03-31 00:00:00+00:00,19.12,19.25,19.03,19.25,27130925,519896350.31250006
2023-04-03 00:00:00+00:00,19.27,19.475,19.2,19.39,31102535,601328636.0562501
2023-04-04 00:00:00+00:00,19.52,19.65,19.39,19.64,34207621,668758990.5500001
2023-04-05 00:00:00+00:00,19.62,19.93,19.585,19.88,38673247,763941652.92625
2023-04-06 00:00:00+00:00,19.65,19.79,19.51,19.65,29722558,584048264.6999999
2023-04-10 00:00:00+00:00,19.47,19.6,19.42,19.57,23617542,460896332.13
2023-04-11 00:00:00+00:00,19.59,19.91,19.575,19.69,24664840,485681530.65
2023-04-12 00:00:00+00:00,19.79,19.88,19.65,19.77,28179531,557179776.6975
2023-04-13 00:00:00+00:00,19.85,19.98,19.66,19.96,25253874,501605072.3249999
2023-04-14 00:00:00+00:00,19.95,19.99,19.77,19.93,24948446,496723559.8599999
2023-04-17 00:00:00+00:00,19.9,19.92,19.65,19.79,23443916,464541195.53999996
2023-04-18 00:00:00+00:00,19.83,19.87,19.65,19.82,28517402,564430679.085
2023-04-19 00:00:00+00:00,19.78,19.83,19.61,19.7,31537199,622228936.27
2023-04-20 00:00:00+00:00,18.71,18.72,17.56,17.65,129904844,2359071967.0399995
2023-04-21 00:00:00+00:00,17.87,18.4,17.83,18.22,76810214,1388728669.12
2023-04-24 00:00:00+00:00,18.09,18.119,17.51,17.53,60001379,1068759563.0927502
2023-04-25 00:00:00+00:00,17.51,17.77,17.45,17.51,46691792,819907867.5200001
2023-04-26 00:00:00+00:00,17.39,17.66,17.19,17.2,42482881,737502814.16
2023-04-27 00:00:00+00:00,17.38,17.63,17.36,17.61,36926914,646036360.43
2023-04-28 00:00:00+00:00,17.42,17.745,17.38,17.67,40675800,714012824.25
2023-05-01 00:00:00+00:00,17.74,17.755,17.49,17.5,35510207,625734235.09875
2023-05-02 00:00:00+00:00,17.36,17.43,17.03,17.07,39398107,678533897.8075
2023-05-03 00:00:00+00:00,17.15,17.25,17.07,17.09,32213142,552133253.88
2023-05-04 00:00:00+00:00,17.02,17.0785,16.85,16.91,27422691,465215669.30587506
2023-05-05 00:00:00+00:00,16.98,17.13,16.88,17.13,23712264,403819855.91999996
2023-05-08 00:00:00+00:00,17.01,17.17,16.95,17.12,32091038,547553335.8750001
2023-05-09 00:00:00+00:00,17.1,17.11,16.91,17.02,29058356,495009094.46
2023-05-10 00:00:00+00:00,17.06,17.1,16.86,17.04,32892425,559664611.375
2023-05-11 00:00:00+00:00,16.95,17.0,16.88,16.96,21332611,361534424.92249995
2023-05-12 00:00:00+00:00,17.0,17.19,16.95,17.03,27280574,464929182.39500004
2023-05-15 00:00:00+00:00,17.0,17.095,16.94,16.95,28697250,487745635.3125
2023-05-16 00:00:00+00:00,16.93,16.94,16.51,16.53,31200292,521902884.43000007
2023-05-17 00:00:00+00:00,16.66,16.75,16.55,16.66,34154737,568847144.7349999
2023-05-18 00:00:00+00:00,16.6,16.65,16.37,16.55,39142046,647507295.955
2023-05-19 00:00:00+00:00,16.59,16.65,16.29,16.31,46679368,768342397.2799999
2023-05-22 00:00:00+00:00,16.35,16.43,16.16,16.38,42251592,689968497.3599999
2023-05-23 00:00:00+00:00,16.26,16.3,16.07,16.1,45314834,733307301.205
2023-05-24 00:00:00+00:00,16.11,16.12,15.95,15.95,34236861,548902473.9825001
2023-05-25 00:00:00+00:00,15.67,15.67,15.0,15.15,102758196,1579650368.01
2023-05-26 00:00:00+00:00,15.23,15.62,15.18,15.5,50164934,771662097.255
2023-05-30 00:00:00+00:00,15.49,15.69,15.42,15.64,35346736,549995212.16
2023-05-31 00:00:00+00:00,15.66,15.87,15.62,15.73,70109396,1102119705.12
2023-06-01 00:00:00+00:00,15.75,15.87,15.625,15.81,31363773,494410676.62875
2023-06-02 00:00:00+00:00,15.08,15.42,14.85,15.21,105292874,1594134112.3600001
2023-06-05 00:00:00+00:00,15.33,15.49,15.25,15.39,39528290,607352175.85
2023-06-06 00:00:00+00:00,15.39,15.75,15.36,15.67,39037180,606735370.15
2023-06-07 00:00:00+00:00,15.63,16.12,15.57,16.1,43584209,691027633.695
2023-06-08 00:00:00+00:00,16.04,16.0783,15.88,16.07,32833653,525899082.62497497
2023-06-09 00:00:00+00:00,16.01,16.13,15.91,15.95,24666316,394661056.0
2023-06-12 00:00:00+00:00,15.95,16.0,15.82,15.93,27544049,438638980.325
2023-06-13 00:00:00+00:00,15.8,15.97,15.675,15.82,41578194,657611110.8525001
2023-06-14 00:00:00+00:00,15.9,16.015,15.82,15.84,26782423,425673135.55625004
2023-06-15 00:00:00+00:00,15.88,16.1,15.7916,16.03,30535162,487048047.96480006
2023-06-16 00:00:00+00:00,16.1,16.13,15.96,16.06,64149044,1030394019.25
2023-06-20 00:00:00+00:00,16.02,16.08,15.77,15.78,35360536,562674529.0999999
2023-06-21 00:00:00+00:00,15.7,15.72,15.49,15.61,40676424,635772507.12
2023-06-22 00:00:00+00:00,15.57,15.64,15.47,15.58,30281623,471333461.995
2023-06-23 00:00:00+00:00,15.63,15.73,15.42,15.45,37408525,581983127.6875
2023-06-26 00:00:00+00:00,15.46,15.65,15.43,15.63,28616621,444773831.8925
2023-06-27 00:00:00+00:00,15.55,15.89,15.53,15.84,31456985,493953306.96250004
2023-06-28 00:00:00+00:00,15.81,15.84,15.61,15.78,26156374,412224454.24
2023-06-29 00:00:00+00:00,15.74,16.01,15.74,15.98,27298284,433155521.37
2023-06-30 00:00:00+00:00,16.0,16.035,15.83,15.95,40465311,645573455.3662499
2023-07-03 00:00:00+00:00,15.95,16.12,15.95,16.12,18424159,295431389.565
2023-07-05 00:00:00+00:00,16.08,16.23,16.0,16.07,32988063,530942873.98499995
2023-07-06 00:00:00+00:00,16.01,16.03,15.84,15.87,33351015,531531801.56250006
2023-07-07 00:00:00+00:00,15.54,15.75,15.53,15.61,28998267,452590452.2025
2023-07-10 00:00:00+00:00,15.52,15.545,15.22,15.27,45305500,697195013.1249999
2023-07-11 00:00:00+00:00,15.29,15.345,15.11,15.23,39687999,604993934.7562499
2023-07-12 00:00:00+00:00,15.24,15.265,15.1,15.12,46478345,705599375.03125
2023-07-13 00:00:00+00:00,15.135,15.17,15.01,15.12,40508184,612028025.01
2023-07-14 00:00:00+00:00,14.8,14.81,14.29,14.5,101745447,1485483526.2
2023-07-17 00:00:00+00:00,14.12,14.21,13.48,13.53,160933417,2226513824.195
2023-07-18 00:00:00+00:00,13.53,13.99,13.43,13.45,132538732,1802526755.2000003
2023-07-19 00:00:00+00:00,14.32,14.64,14.27,14.59,142144700,2054701638.5000002
2023-07-20 00:00:00+00:00,14.59,14.66,14.4516,14.66,76867898,1121533378.9792
2023-07-21 00:00:00+00:00,14.61,14.78,14.6,14.76,49225391,722997930.3125
2023-07-24 00:00:00+00:00,14.78,15.09,14.78,14.95,49475738,737188496.1999999
2023-07-25 00:00:00+00:00,15.08,15.11,14.72,14.8,59669837,890721491.8174999
2023-07-26 00:00:00+00:00,14.91,14.97,14.53,14.89,63191544,936814639.8000001
2023-07-27 00:00:00+00:00,14.89,14.92,14.5,14.51,65495958,963118062.39
2023-07-28 00:00:00+00:00,14.59,14.67,14.44,14.45,51420561,747526405.5374999
2023-07-31 00:00:00+00:00,14.46,14.59,14.41,14.52,47585574,689752895.13
2023-08-01 00:00:00+00:00,14.56,14.57,14.26,14.3,46332985,668237476.1625
2023-08-02 00:00:00+00:00,14.29,14.56,14.21,14.35,41739077,599060102.6425
2023-08-03 00:00:00+00:00,14.24,14.26,14.03,14.09,40848091,578204728.105
2023-08-04 00:00:00+00:00,14.05,14.11,14.0,14.0,38965007,547068698.28
2023-08-07 00:00:00+00:00,14.01,14.09,13.89,14.01,38109902,533538628.0
2023-08-08 00:00:00+00:00,13.94,14.2,13.94,14.18,39075057,549590676.7049999
2023-08-09 00:00:00+00:00,14.17,14.35,14.15,14.27,33951700,483302449.5
2023-08-10 00:00:00+00:00,14.29,14.35,14.17,14.17,33556423,478011245.63500005
2023-08-11 00:00:00+00:00,14.145,14.4,14.12,14.37,31237083,445401757.22625
2023-08-14 00:00:00+00:00,14.31,14.37,14.18,14.26,26901398,384151963.44
2023-08-15 00:00:00+00:00,14.2,14.21,14.1,14.14,26393583,373799119.2375
2023-08-16 00:00:00+00:00,14.15,14.19,14.01,14.1,29440328,415476628.90000004
2023-08-17 00:00:00+00:00,14.13,14.155,13.99,14.01,36036709,507081541.51624995
2023-08-18 00:00:00+00:00,13.97,14.14,13.95,14.05,32213555,451875642.7625
2023-08-21 00:00:00+00:00,14.02,14.14,13.92,14.1,47841439,671933010.755
2023-08-22 00:00:00+00:00,14.09,14.32,14.03,14.26,43201018,612374430.15
2023-08-23 00:00:00+00:00,14.26,14.35,14.14,14.16,29371062,417876784.60499996
2023-08-24 00:00:00+00:00,14.04,14.28,14.04,14.15,29780078,420718051.945
2023-08-25 00:00:00+00:00,14.17,14.21,14.05,14.11,22107740,312492904.90000004
2023-08-28 00:00:00+00:00,14.18,14.265,14.11,14.21,30173724,428202860.71500003
2023-08-29 00:00:00+00:00,14.45,14.81,14.45,14.77,45429008,664172096.9599999
2023-08-30 00:00:00+00:00,14.88,14.99,14.7,14.73,26065343,386418709.97499996
2023-08-31 00:00:00+00:00,14.8,14.88,14.7,14.79,45406173,671670814.1025
2023-09-01 00:00:00+00:00,14.81,14.86,14.64,14.65,20292900,299117346.0
2023-09-05 00:00:00+00:00,14.65,14.75,14.47,14.48,28402921,414327610.0875
2023-09-06 00:00:00+00:00,14.43,14.75,14.32,14.61,43010140,624829808.85
2023-09-07 00:00:00+00:00,14.6,14.76,14.55,14.61,30699115,449128052.45
2023-09-08 00:00:00+00:00,14.61,14.61,14.36,14.4,28287768,410031197.15999997
2023-09-11 00:00:00+00:00,14.47,14.59,14.435,14.52,28625021,415170148.32875
2023-09-12 00:00:00+00:00,14.53,14.57,14.38,14.46,27383338,396647650.93
2023-09-13 00:00:00+00:00,14.55,14.675,14.47,14.62,30916587,450725192.72625
2023-09-14 00:00:00+00:00,14.9,15.155,14.865,15.06,55154996,827049165.0200001
2023-09-15 00:00:00+00:00,15.0,15.3,14.955,15.23,80594245,1218685727.20625
2023-09-18 00:00:00+00:00,15.17,15.22,15.02,15.09,29972535,453334591.875
2023-09-19 00:00:00+00:00,15.06,15.245,15.045,15.21,33196722,502598371.08000004
2023-09-20 00:00:00+00:00,15.28,15.73,15.27,15.55,45303595,700280319.7125
2023-09-21 00:00:00+00:00,15.41,15.54,15.29,15.31,33709196,518700253.45
2023-09-22 00:00:00+00:00,15.33,15.36,15.05,15.12,33967661,516817962.11499995
2023-09-25 00:00:00+00:00,15.05,15.11,14.85,15.06,30428694,456962912.145
2023-09-26 00:00:00+00:00,14.8,15.08,14.6743,15.02,35411976,527410920.4542001
2023-09-27 00:00:00+00:00,15.01,15.01,14.8,14.87,27561603,411288020.7675
2023-09-28 00:00:00+00:00,14.89,15.02,14.88,15.01,27817623,415873463.84999996
2023-09-29 00:00:00+00:00,15.04,15.1,14.91,15.02,29640866,445131705.155
2023-10-02 00:00:00+00:00,15.04,15.085,14.66,15.085,36600218,547813762.915
2023-10-03 00:00:00+00:00,14.67,14.82,14.58,14.78,36830846,541873821.775
2023-10-04 00:00:00+00:00,14.66,14.73,14.45,14.65,37089003,542333946.3675001
2023-10-05 00:00:00+00:00,14.63,14.88,14.625,14.83,32171501,474248139.11625004
2023-10-06 00:00:00+00:00,14.42,14.51,14.12,14.45,53313473,766381174.375
2023-10-09 00:00:00+00:00,14.47,14.75,14.46,14.73,30659763,447709189.2075
2023-10-10 00:00:00+00:00,14.69,14.98,14.69,14.96,35746767,530124554.61
2023-10-11 00:00:00+00:00,14.95,15.05,14.68,14.77,31793518,472531161.27500004
2023-10-12 00:00:00+00:00,14.64,14.67,14.2841,14.45,38543666,559308100.91765
2023-10-13 00:00:00+00:00,14.48,14.63,14.32,14.36,34127248,493053415.48
2023-10-16 00:00:00+00:00,14.4,14.5,14.23,14.41,31727891,456405712.03499997
2023-10-17 00:00:00+00:00,14.32,14.59,14.285,14.58,34771816,502235417.34999996
2023-10-18 00:00:00+00:00,14.47,14.525,14.31,14.32,36230867,521950927.71875
2023-10-19 00:00:00+00:00,15.37,15.655,15.16,15.26,97636470,1499818224.7875
2023-10-20 00:00:00+00:00,15.19,15.91,15.19,15.38,68058403,1049290428.2525
2023-10-23 00:00:00+00:00,15.37,15.38,14.86,14.95,53938564,816629858.96
2023-10-24 00:00:00+00:00,15.18,15.57,15.18,15.53,66404198,1020300502.27
2023-10-25 00:00:00+00:00,15.5,15.585,15.07,15.19,42605757,653412540.79125
2023-10-26 00:00:00+00:00,15.17,15.29,14.98,15.12,41165135,623240143.9
2023-10-27 00:00:00+00:00,15.1,15.18,14.74,14.82,35849207,536304136.72
2023-10-30 00:00:00+00:00,14.95,15.38,14.91,15.26,41832169,632711556.1249999
2023-10-31 00:00:00+00:00,15.28,15.44,15.25,15.4,33688413,516864476.4525
2023-11-01 00:00:00+00:00,15.49,15.7,15.43,15.58,41502824,645368913.1999999
2023-11-02 00:00:00+00:00,15.62,15.78,15.56,15.73,35788829,560900422.5024999
2023-11-03 00:00:00+00:00,15.9,16.04,15.83,15.88,42807495,681174264.1875
2023-11-06 00:00:00+00:00,15.83,15.895,15.64,15.75,32805461,517629167.75375
2023-11-07 00:00:00+00:00,15.71,15.96,15.71,15.84,26425500,417655027.5
2023-11-08 00:00:00+00:00,15.84,15.84,15.58,15.65,28224458,443900163.195
2023-11-09 00:00:00+00:00,15.65,15.75,15.55,15.63,26080804,408034178.58000004
2023-11-10 00:00:00+00:00,15.68,15.74,15.46,15.64,23758927,371352029.01
2023-11-13 00:00:00+00:00,15.61,15.74,15.51,15.58,23875999,372704344.39
2023-11-14 00:00:00+00:00,15.7,15.75,15.515,15.63,31504201,493001365.39875007
2023-11-15 00:00:00+00:00,15.65,15.8,15.64,15.76,25233515,396481604.4375
2023-11-16 00:00:00+00:00,15.88,15.93,15.75,15.88,26214176,415756831.36
2023-11-17 00:00:00+00:00,15.91,15.96,15.84,15.9,27168806,432051937.415
2023-11-20 00:00:00+00:00,15.9,16.17,15.85,16.1,30874061,494139346.30500007
2023-11-21 00:00:00+00:00,16.07,16.25,16.025,16.19,25679977,414314328.92375
2023-11-22 00:00:00+00:00,16.25,16.28,16.1,16.17,21305890,345155418.00000006
2023-11-24 00:00:00+00:00,16.21,16.32,16.2,16.21,12431028,201817739.57999998
2023-11-27 00:00:00+00:00,16.19,16.27,16.085,16.21,29976190,485277045.86249995
2023-11-28 00:00:00+00:00,16.17,16.2,16.03,16.18,24258389,391651690.4050001
2023-11-29 00:00:00+00:00,16.19,16.33,16.15,16.3,26623537,432432799.72249997
2023-11-30 00:00:00+00:00,16.29,16.6,16.29,16.57,50629978,832230263.375
2023-12-01 00:00:00+00:00,16.6,16.77,16.525,16.76,35407190,590016562.3625
2023-12-04 00:00:00+00:00,16.6,16.77,16.55,16.66,40542461,674829263.345
2023-12-05 00:00:00+00:00,16.98,17.34,16.96,17.22,72090992,1234558238.0
2023-12-06 00:00:00+00:00,17.17,17.28,16.855,16.94,45867451,782556048.3737501
2023-12-07 00:00:00+00:00,17.02,17.13,16.9,17.09,31309051,533349683.785
2023-12-08 00:00:00+00:00,17.09,17.11,16.81,16.92,42137245,715595763.2125001
2023-12-11 00:00:00+00:00,16.91,16.94,16.53,16.62,43835029,734236735.75
2023-12-12 00:00:00+00:00,16.56,16.58,16.34,16.41,41348839,681118750.4275
2023-12-13 00:00:00+00:00,16.33,16.5,16.1,16.45,53889673,880826705.185
2023-12-14 00:00:00+00:00,16.51,16.81,16.51,16.65,54484997,905540650.1399999
2023-12-15 00:00:00+00:00,16.52,16.655,16.45,16.52,65906461,1089845715.7112498
2023-12-18 00:00:00+00:00,16.6,16.75,16.41,16.46,34621756,573163170.58
2023-12-19 00:00:00+00:00,16.43,16.62,16.41,16.61,28077370,463767958.97499996
2023-12-20 00:00:00+00:00,16.57,16.611,16.4,16.4,33476305,552200020.05125
2023-12-21 00:00:00+00:00,16.47,16.51,16.35,16.49,36327852,597774804.6600001
2023-12-22 00:00:00+00:00,16.5,16.73,16.5,16.55,26740353,443087649.21
2023-12-26 00:00:00+00:00,16.5,16.61,16.44,16.57,22750428,376064574.84000003
2023-12-27 00:00:00+00:00,16.49,16.617,16.45,16.58,27728734,458473820.1395
2023-12-28 00:00:00+00:00,16.54,16.87,16.53,16.74,32112904,535322109.67999995
2023-12-29 00:00:00+00:00,16.63,16.83,16.61,16.78,33285405,556282331.0625
2024-01-02 00:00:00+00:00,16.84,17.38,16.83,17.25,47624336,813185537.1999999
2024-01-03 00:00:00+00:00,17.32,17.375,17.22,17.23,33612390,581032176.6374999
2024-01-04 00:00:00+00:00,17.26,17.3,17.15,17.15,35703716,614639470.9399999
2024-01-05 00:00:00+00:00,17.16,17.515,17.095,17.47,33311359,576619624.29
2024-01-08 00:00:00+00:00,17.45,17.485,17.24,17.32,41215142,716061573.3225
2024-01-09 00:00:00+00:00,16.97,16.98,16.83,16.95,30338374,513704517.75500005
2024-01-10 00:00:00+00:00,16.9,16.9,16.76,16.87,26893778,453361862.63500005
2024-01-11 00:00:00+00:00,16.8,16.8,16.15,16.23,59137543,975473771.7850001
2024-01-12 00:00:00+00:00,16.34,16.62,16.325,16.48,32658909,536953287.59625
2024-01-16 00:00:00+00:00,16.42,16.6,16.34,16.44,39033389,642099249.05
2024-01-17 00:00:00+00:00,16.38,16.63,16.35,16.41,39261027,645549436.4475
2024-01-18 00:00:00+00:00,16.29,16.42,16.19,16.4,35127800,573461335.0000001
2024-01-19 00:00:00+00:00,16.66,16.78,16.395,16.67,52563031,873926094.1637499
2024-01-22 00:00:00+00:00,16.72,16.9,16.64,16.8,44093358,739225146.87
2024-01-23 00:00:00+00:00,17.04,17.25,16.98,17.19,59713018,1021988303.0699999
2024-01-24 00:00:00+00:00,16.56,17.039,16.46,16.68,79216981,1321715523.7397501
2024-01-25 00:00:00+00:00,16.77,17.19,16.69,17.18,54457867,923469279.6525002
2024-01-26 00:00:00+00:00,17.15,17.38,17.12,17.29,38567314,664707656.79
2024-01-29 00:00:00+00:00,17.22,17.28,17.05,17.25,38264848,658155385.6
2024-01-30 00:00:00+00:00,17.25,17.59,17.18,17.53,54946431,955381069.0125002
2024-01-31 00:00:00+00:00,17.51,17.82,17.5,17.69,51566263,909113216.6899999
2024-02-01 00:00:00+00:00,18.09,18.155,17.82,18.04,71660403,1291768339.5787501
2024-02-02 00:00:00+00:00,17.935,17.98,17.755,17.83,33248497,594316883.875
2024-02-05 00:00:00+00:00,17.71,17.87,17.58,17.73,31496929,558204324.2025
2024-02-06 00:00:00+00:00,17.66,17.77,17.55,17.61,25743430,454307180.925
2024-02-07 00:00:00+00:00,17.6,17.62,17.3,17.33,33871777,591485905.8625
2024-02-08 00:00:00+00:00,17.3,17.3,16.74,16.82,66974946,1141253079.84
2024-02-09 00:00:00+00:00,16.79,16.88,16.57,16.84,44427074,745042030.98
2024-02-12 00:00:00+00:00,16.84,17.06,16.76,17.02,31151245,527079065.3999999
2024-02-13 00:00:00+00:00,17.02,17.2,16.75,16.9,29734584,504521554.02000004
2024-02-14 00:00:00+00:00,16.97,17.09,16.84,16.91,26468112,448700668.68
2024-02-15 00:00:00+00:00,16.94,17.22,16.94,17.09,25926733,441985980.8175
2024-02-16 00:00:00+00:00,16.95,17.07,16.76,16.97,28848846,488627329.125
2024-02-20 00:00:00+00:00,16.88,17.13,16.87,16.91,29103904,493238413.03999996
2024-02-21 00:00:00+00:00,16.92,17.01,16.84,17.0,22650729,383759976.08250004
2024-02-22 00:00:00+00:00,16.77,16.77,16.42,16.59,59974528,997826209.5999999
2024-02-23 00:00:00+00:00,16.63,16.86,16.54,16.8,32270949,539166880.4175
2024-02-26 00:00:00+00:00,16.8,16.83,16.52,16.6,26815920,447490665.0
2024-02-27 00:00:00+00:00,16.61,16.85,16.54,16.83,28350791,473670840.6325
2024-02-28 00:00:00+00:00,16.82,17.04,16.81,16.96,33531091,566926921.0825
2024-02-29 00:00:00+00:00,17.02,17.12,16.91,16.93,46155245,784408388.7749999
2024-03-01 00:00:00+00:00,16.87,17.05,16.81,16.98,27552693,466398210.75750005
2024-03-04 00:00:00+00:00,16.87,16.985,16.71,16.8,32690451,550548057.9037501
2024-03-05 00:00:00+00:00,17.03,17.355,17.0,17.17,43337915,742757690.7062501
2024-03-06 00:00:00+00:00,17.1,17.22,17.025,17.18,35356730,605704980.8125
2024-03-07 00:00:00+00:00,17.19,17.3,17.01,17.05,27325108,468284038.34999996
2024-03-08 00:00:00+00:00,17.06,17.32,16.975,17.2,30812923,528094984.06624997
2024-03-11 00:00:00+00:00,17.22,17.44,17.22,17.33,29541556,511142772.68999994
2024-03-12 00:00:00+00:00,17.3,17.34,17.17,17.2,38700578,667681721.945
2024-03-13 00:00:00+00:00,17.27,17.435,17.13,17.19,32339759,558062966.24375
2024-03-14 00:00:00+00:00,17.15,17.17,16.83,17.01,37237659,634529709.36
2024-03-15 00:00:00+00:00,16.89,17.14,16.885,17.05,93104732,1581965777.595
2024-03-18 00:00:00+00:00,17.1,17.32,16.93,17.3,35176970,603724747.625
2024-03-19 00:00:00+00:00,17.3,17.315,17.155,17.17,26144590,450602008.65
2024-03-20 00:00:00+00:00,17.12,17.31,17.08,17.21,28961656,497561250.08
2024-03-21 00:00:00+00:00,17.19,17.2699,17.06,17.16,34446667,591448411.223325
2024-03-22 00:00:00+00:00,17.19,17.2,16.98,16.98,26169942,447178883.9250001
2024-03-25 00:00:00+00:00,17.035,17.13,16.965,17.12,30944596,527992169.25
2024-03-26 00:00:00+00:00,17.13,17.28,17.045,17.18,33048622,567073042.7425
2024-03-27 00:00:00+00:00,17.29,17.59,17.29,17.55,37488391,653422655.13
2024-03-28 00:00:00+00:00,17.55,17.7,17.52,17.6,33461501,588671456.3425001
2024-04-01 00:00:00+00:00,17.19,17.535,17.15,17.5,31980058,554654130.9375
2024-04-02 00:00:00+00:00,17.48,17.695,17.48,17.52,40169511,704723858.6062499
2024-04-03 00:00:00+00:00,17.59,17.71,17.49,17.61,38155914,671544086.4
2024-04-04 00:00:00+00:00,17.62,17.88,17.56,17.57,31850269,562396124.8675
2024-04-05 00:00:00+00:00,17.52,17.54,17.28,17.42,37768986,658691115.84
2024-04-08 00:00:00+00:00,17.4,17.46,17.215,17.25,27372186,474394198.6125
2024-04-09 00:00:00+00:00,17.0,17.08,16.81,16.9,32802499,555920351.8024999
2024-04-10 00:00:00+00:00,16.77,16.79,16.51,16.73,39046811,652081743.7000002
2024-04-11 00:00:00+00:00,16.67,16.695,16.42,16.42,40831195,675807316.2437501
2024-04-12 00:00:00+00:00,16.41,16.46,16.2525,16.31,41785200,683527524.75
2024-04-15 00:00:00+00:00,16.46,16.54,16.13,16.24,40249909,657784137.8324999
2024-04-16 00:00:00+00:00,16.22,16.23,15.9401,16.09,56368796,908666400.7399001
2024-04-17 00:00:00+00:00,16.11,16.25,16.06,16.12,27177523,438509333.605
2024-04-18 00:00:00+00:00,16.11,16.345,16.09,16.33,29566457,479530974.46875
2024-04-19 00:00:00+00:00,16.33,16.525,16.26,16.51,45820353,751740166.40625
2024-04-22 00:00:00+00:00,16.69,16.73,16.17,16.31,54178101,892584213.975
2024-04-23 00:00:00+00:00,16.38,16.53,16.29,16.5,47804980,785196796.4999999
2024-04-24 00:00:00+00:00,16.9,17.03,16.38,16.81,74197830,1245039587.4
2024-04-25 00:00:00+00:00,16.7,17.0,16.5,16.58,46680422,779329645.29
2024-04-26 00:00:00+00:00,16.47,16.88,16.39,16.75,37852681,629206189.9224999
2024-04-29 00:00:00+00:00,16.99,17.28,16.99,17.02,43593396,744139269.7199999
2024-04-30 00:00:00+00:00,16.91,16.98,16.8,16.89,31822752,537645395.04
2024-05-01 00:00:00+00:00,16.83,17.1,16.78,16.92,39355576,665404401.2199999
2024-05-02 00:00:00+00:00,16.99,16.99,16.73,16.82,32204956,543700169.67
2024-05-03 00:00:00+00:00,16.82,16.92,16.73,16.85,24023192,404310321.35999995
2024-05-06 00:00:00+00:00,16.95,17.04,16.91,16.99,24182291,410433933.99749994
2024-05-07 00:00:00+00:00,17.06,17.21,17.0,17.08,28086765,479932596.93749994
2024-05-08 00:00:00+00:00,17.03,17.2,17.0,17.11,25292093,432115408.90500003
2024-05-09 00:00:00+00:00,17.1,17.19,17.04,17.18,22547745,386186502.4875
2024-05-10 00:00:00+00:00,17.2,17.22,17.12,17.17,19229583,330316161.9825
2024-05-13 00:00:00+00:00,17.18,17.34,17.15,17.26,28014807,482765161.62749994
2024-05-14 00:00:00+00:00,17.28,17.34,17.22,17.3,23545315,406980769.775
2024-05-15 00:00:00+00:00,17.35,17.44,17.18,17.33,30877916,534959894.7000001
2024-05-16 00:00:00+00:00,17.31,17.37,17.15,17.3,24686192,426639113.23999995
2024-05-17 00:00:00+00:00,17.4,17.41,17.26,17.4,25891151,449664564.9925
2024-05-20 00:00:00+00:00,17.38,17.56,17.355,17.52,28266552,493357331.96999997
2024-05-21 00:00:00+00:00,17.51,17.52,17.14,17.27,31173261,541167810.96
2024-05-22 00:00:00+00:00,17.19,17.51,17.185,17.5,30647457,531618450.98625004
2024-05-23 00:00:00+00:00,17.4,17.51,17.32,17.47,32477713,565924149.0249999
2024-05-24 00:00:00+00:00,17.49,17.61,17.4201,17.5,24995960,437554904.699
2024-05-28 00:00:00+00:00,17.46,17.525,17.2,17.27,25458305,442051643.44374996
2024-05-29 00:00:00+00:00,17.25,17.31,17.11,17.12,23503818,404206910.055
2024-05-30 00:00:00+00:00,17.17,17.64,17.16,17.62,33266527,578754403.4825001
2024-05-31 00:00:00+00:00,17.53,18.27,17.47,18.235,67619456,1208782300.32
2024-06-03 00:00:00+00:00,18.13,18.33,17.96,18.01,38332732,694109944.6899999
2024-06-04 00:00:00+00:00,17.97,18.36,17.9,18.35,30089135,545967354.5749999
2024-06-05 00:00:00+00:00,18.31,18.32,18.16,18.3,28101804,513490213.5899999
2024-06-06 00:00:00+00:00,18.29,18.45,18.22,18.28,22319231,408665119.60999995
2024-06-07 00:00:00+00:00,18.22,18.22,17.97,18.1,36626732,663951084.3299999
2024-06-10 00:00:00+00:00,18.0,18.04,17.75,17.86,32419553,580715243.1125001
2024-06-11 00:00:00+00:00,17.84,17.95,17.725,17.86,29956969,534544665.59375
2024-06-12 00:00:00+00:00,17.99,18.04,17.57,17.61,35652177,634697881.0425
2024-06-13 00:00:00+00:00,17.545,17.68,17.42,17.67,30691967,539526414.90125
2024-06-14 00:00:00+00:00,17.59,17.745,17.49,17.64,22652283,399048280.39875
2024-06-17 00:00:00+00:00,17.56,17.7,17.49,17.67,27451581,483285083.505
2024-06-18 00:00:00+00:00,17.88,18.2,17.86,18.05,33711093,606715396.2674999
2024-06-20 00:00:00+00:00,17.94,18.16,17.9,18.11,32100613,578693800.8575
2024-06-21 00:00:00+00:00,18.17,18.455,18.07,18.4,72567207,1326074998.91625
2024-06-24 00:00:00+00:00,18.42,18.7,18.4,18.65,42162152,781791703.46
2024-06-25 00:00:00+00:00,18.64,18.73,18.53,18.69,34090642,635705246.695
2024-06-26 00:00:00+00:00,18.64,18.81,18.61,18.76,32029654,599114678.07
2024-06-27 00:00:00+00:00,18.78,18.79,18.61,18.75,28916349,541675507.6425
2024-06-28 00:00:00+00:00,18.8,19.13,18.78,19.11,52825162,1001300945.7099999
2024-07-01 00:00:00+00:00,19.24,19.32,18.83,18.98,36095656,689156312.1800001
2024-07-02 00:00:00+00:00,18.98,19.0,18.68,18.82,31606880,596421825.6
2024-07-03 00:00:00+00:00,18.88,18.915,18.66,18.68,19462997,365588069.89874995
2024-07-05 00:00:00+00:00,18.7,18.8,18.645,18.77,30727771,575492741.1162499
2024-07-08 00:00:00+00:00,18.84,18.9,18.69,18.81,23277383,437847574.22999996
2024-07-09 00:00:00+00:00,18.82,18.98,18.705,18.8,27840906,524139856.5824999
2024-07-10 00:00:00+00:00,18.57,18.75,18.46,18.74,33408233,622395380.79
2024-07-11 00:00:00+00:00,18.7,18.87,18.62,18.86,23633151,443416995.6375
2024-07-12 00:00:00+00:00,18.72,18.85,18.585,18.81,37919378,710656542.9425
2024-07-15 00:00:00+00:00,18.85,18.87,18.53,18.58,33910860,634387413.4499999
2024-07-16 00:00:00+00:00,18.595,18.86,18.565,18.85,23923649,447790900.1575
2024-07-17 00:00:00+00:00,18.9,19.19,18.85,19.16,40611458,772632988.45
2024-07-18 00:00:00+00:00,19.1,19.33,18.99,19.15,34793874,666041733.045
2024-07-19 00:00:00+00:00,19.12,19.24,18.98,19.12,29910308,571735537.4200001
2024-07-22 00:00:00+00:00,18.7,18.77,18.31,18.55,44083637,819184184.5525
2024-07-23 00:00:00+00:00,18.57,18.61,18.14,18.21,70161843,1289750078.9475
2024-07-24 00:00:00+00:00,18.92,19.23,18.76,19.16,64464984,1225962833.22
2024-07-25 00:00:00+00:00,19.15,19.74,19.1,19.19,54049737,1042889675.4150001
2024-07-26 00:00:00+00:00,19.16,19.3,18.89,19.01,30844174,588815281.66
2024-07-29 00:00:00+00:00,19.0,19.015,18.82,18.9,30788259,582937198.84125
2024-07-30 00:00:00+00:00,18.95,19.03,18.835,18.98,27854987,527817184.91625
2024-07-31 00:00:00+00:00,18.9,19.32,18.88,19.25,39522008,754376327.6999999
2024-08-01 00:00:00+00:00,19.31,19.63,19.13,19.47,44379272,860292187.7199999
2024-08-02 00:00:00+00:00,19.64,19.99,19.19,19.37,45240116,884331167.51
2024-08-05 00:00:00+00:00,18.8,19.12,18.64,18.91,50898443,960326373.3025
2024-08-06 00:00:00+00:00,18.885,19.3,18.86,19.19,33775980,643727958.825
2024-08-07 00:00:00+00:00,19.2,19.5199,19.095,19.25,30036720,578694205.782
2024-08-08 00:00:00+00:00,19.255,19.48,19.21,19.4,25588147,494778807.42875
2024-08-09 00:00:00+00:00,19.39,19.595,19.27,19.49,22819613,443527703.1712499
2024-08-12 00:00:00+00:00,19.54,19.56,19.3,19.43,22979921,447131812.8574999
2024-08-13 00:00:00+00:00,19.42,19.56,19.36,19.52,21508021,418653628.765
2024-08-14 00:00:00+00:00,19.48,19.66,19.4214,19.63,19158619,374509810.41915
2024-08-15 00:00:00+00:00,19.55,19.575,18.97,19.09,42608086,822176279.4775001
2024-08-16 00:00:00+00:00,19.12,19.36,19.08,19.34,24724429,475327147.52500004
2024-08-19 00:00:00+00:00,19.35,19.51,19.34,19.49,20506740,398292157.65
2024-08-20 00:00:00+00:00,19.46,19.58,19.385,19.49,20260887,394656752.65124995
2024-08-21 00:00:00+00:00,19.52,19.59,19.4211,19.54,20055497,391438677.959175
2024-08-22 00:00:00+00:00,19.56,19.58,19.4,19.51,17596666,343354945.325
2024-08-23 00:00:00+00:00,19.54,19.76,19.51,19.73,21519295,422531357.32500005
2024-08-26 00:00:00+00:00,19.76,19.94,19.7035,19.76,22599676,447267362.7565
2024-08-27 00:00:00+00:00,19.74,19.795,19.595,19.65,20321899,400239800.805
2024-08-28 00:00:00+00:00,19.68,19.91,19.67,19.82,20435528,404010388.56000006
2024-08-29 00:00:00+00:00,19.8,19.85,19.62,19.76,20775554,410473008.1550001
2024-08-30 00:00:00+00:00,19.76,19.91,19.7,19.9,29362657,581894455.0975001
2024-09-03 00:00:00+00:00,19.93,20.45,19.92,20.43,50352595,1016241248.5874999
2024-09-04 00:00:00+00:00,20.49,20.87,20.25,20.57,57532376,1182002664.92
2024-09-05 00:00:00+00:00,20.71,20.83,20.52,20.65,44199090,913926683.4750001
2024-09-06 00:00:00+00:00,20.65,21.0,20.65,20.97,53079539,1104983303.1325
2024-09-09 00:00:00+00:00,20.96,21.6,20.925,21.5,58958375,1252644374.84375
2024-09-10 00:00:00+00:00,21.45,21.86,21.3306,21.71,60944519,1315648945.5903502
2024-09-11 00:00:00+00:00,21.615,21.615,21.24,21.45,37328455,801815213.4
2024-09-12 00:00:00+00:00,21.33,21.64,21.17,21.59,34568175,740882410.6875
2024-09-13 00:00:00+00:00,21.57,21.67,21.435,21.64,31451268,678679049.355
2024-09-16 00:00:00+00:00,21.84,22.34,21.79,22.27,53733360,1185357921.6
2024-09-17 00:00:00+00:00,22.07,22.1,21.71,21.78,29304421,642206386.215
2024-09-18 00:00:00+00:00,21.84,21.995,21.64,21.73,27825576,606632338.77
2024-09-19 00:00:00+00:00,21.65,21.7,21.18,21.36,40942189,879131153.3025
2024-09-20 00:00:00+00:00,21.3,21.62,21.23,21.54,94156523,2017068113.9675
2024-09-23 00:00:00+00:00,21.54,21.595,21.36,21.49,25550282,549235249.4425
2024-09-24 00:00:00+00:00,21.38,21.66,21.31,21.59,25905467,556578958.495
2024-09-25 00:00:00+00:00,21.62,21.74,21.52,21.56,28334844,612315978.84
2024-09-26 00:00:00+00:00,21.49,21.76,21.43,21.65,25497511,550300031.1575
2024-09-27 00:00:00+00:00,21.72,21.935,21.6831,21.9,23577660,514217565.2115
2024-09-30 00:00:00+00:00,22.003,22.065,21.665,22.0,26272691,576245499.8757501
2024-10-01 00:00:00+00:00,21.93,22.15,21.835,22.13,32705539,719889795.3137499
2024-10-02 00:00:00+00:00,22.05,22.24,22.0,22.19,29820074,659620036.8799999
2024-10-03 00:00:00+00:00,22.13,22.225,21.97,22.05,28894730,638392940.9375
2024-10-04 00:00:00+00:00,21.7,21.98,21.48,21.91,24545359,534291102.03249997
2024-10-07 00:00:00+00:00,21.91,21.91,21.67,21.78,23116341,504340769.76750004
2024-10-08 00:00:00+00:00,21.92,21.98,21.72,21.86,22716402,496807711.74
2024-10-09 00:00:00+00:00,21.87,22.0,21.785,21.93,25365377,555406636.13625
2024-10-10 00:00:00+00:00,21.6,21.68,21.21,21.22,28738527,615794787.2925
2024-10-11 00:00:00+00:00,21.3,21.445,21.2219,21.37,25249822,538685383.7579501
2024-10-14 00:00:00+00:00,21.36,21.41,21.255,21.26,33512226,714522548.6025
2024-10-15 00:00:00+00:00,21.39,21.61,21.23,21.51,35942564,770428859.34
2024-10-16 00:00:00+00:00,21.52,21.76,21.48,21.71,23926948,517240798.39
2024-10-17 00:00:00+00:00,21.56,21.77,21.53,21.73,25471185,551387477.2875
2024-10-18 00:00:00+00:00,21.73,22.06,21.63,21.85,27277372,595124063.61
2024-10-21 00:00:00+00:00,21.88,21.97,21.65,21.66,29366229,639890129.91
2024-10-22 00:00:00+00:00,21.25,21.62,21.05,21.5,47781946,1020383456.83
2024-10-23 00:00:00+00:00,21.24,22.58,21.05,22.49,71932604,1571008071.3599997
2024-10-24 00:00:00+00:00,22.4,22.48,22.06,22.2,38783140,864282274.9
2024-10-25 00:00:00+00:00,22.3,22.41,21.81,21.83,26050390,575387989.125
2024-10-28 00:00:00+00:00,21.92,22.15,21.8202,22.11,27923763,614324182.1881499
2024-10-29 00:00:00+00:00,21.99,22.36,21.92,22.18,32711091,723323999.7375
2024-10-30 00:00:00+00:00,22.13,22.255,21.9,22.02,36264938,800593837.5224999
2024-10-31 00:00:00+00:00,22.06,22.595,22.03,22.54,59566746,1328710727.9624999
2024-11-01 00:00:00+00:00,22.53,22.73,22.07,22.12,37169974,831213543.5750002
2024-11-04 00:00:00+00:00,22.14,22.25,21.79,21.92,24318470,535614301.75000006
2024-11-05 00:00:00+00:00,21.9,22.17,21.8313,22.05,26461793,581837273.6702249
2024-11-06 00:00:00+00:00,22.11,22.39,21.97,22.32,32259156,716072615.31
2024-11-07 00:00:00+00:00,22.39,22.39,21.96,22.04,31471825,698517155.875
2024-11-08 00:00:00+00:00,22.05,22.43,22.05,22.34,29901560,664337909.3000001
2024-11-11 00:00:00+00:00,22.28,22.48,22.245,22.31,23464952,523943046.9700001
2024-11-12 00:00:00+00:00,22.21,22.29,21.79,22.15,39579538,875103585.18
2024-11-13 00:00:00+00:00,22.17,22.39,22.06,22.3,29345575,652352132.25
2024-11-14 00:00:00+00:00,22.3,22.46,22.22,22.25,20825101,464555940.5575
2024-11-15 00:00:00+00:00,22.24,22.75,22.195,22.68,40207263,903306422.3737501
2024-11-18 00:00:00+00:00,22.785,23.2,22.78,22.99,35675532,818352109.665
2024-11-19 00:00:00+00:00,22.88,22.92,22.68,22.73,24727693,563853219.6324999
2024-11-20 00:00:00+00:00,22.8,22.9,22.735,22.83,20423059,465977619.90875
2024-11-21 00:00:00+00:00,22.8,23.15,22.73,22.98,23080891,528898617.26500005
2024-11-22 00:00:00+00:00,23.05,23.29,22.935,23.18,35732870,825920623.9625001
2024-11-25 00:00:00+00:00,23.15,23.32,22.95,23.1,64729771,1497199603.2300003
2024-11-26 00:00:00+00:00,22.94,23.11,22.87,23.09,30080346,691923158.865
2024-11-27 00:00:00+00:00,23.2,23.38,23.01,23.27,33206296,770884161.64
2024-11-29 00:00:00+00:00,23.27,23.305,23.01,23.16,19673928,456164613.09000003
2024-12-02 00:00:00+00:00,23.15,23.16,22.64,22.7,44160559,1011828808.0875001
2024-12-03 00:00:00+00:00,23.41,24.03,23.38,23.74,63128687,1492362160.6799998
2024-12-04 00:00:00+00:00,23.67,23.825,23.37,23.53,41534169,980154470.6887501
2024-12-05 00:00:00+00:00,23.605,23.89,23.58,23.83,40155616,952742184.12
2024-12-06 00:00:00+00:00,23.825,23.9,23.56,23.88,34218763,814107145.2237499
2024-12-09 00:00:00+00:00,23.9,23.99,23.34,23.37,38385903,907826605.95
2024-12-10 00:00:00+00:00,23.41,23.66,23.11,23.51,32851500,769464258.7500001
2024-12-11 00:00:00+00:00,23.43,23.5399,23.14,23.48,38518059,901225322.501025
2024-12-12 00:00:00+00:00,23.58,23.74,23.36,23.36,22014960,517571709.59999996
2024-12-13 00:00:00+00:00,23.37,23.67,23.26,23.63,33693907,791217171.1275
2024-12-16 00:00:00+00:00,23.71,23.81,22.61,22.84,48018072,1116060038.46
2024-12-17 00:00:00+00:00,22.8,22.98,22.6717,22.83,39844716,909273353.1243
2024-12-18 00:00:00+00:00,22.802,22.985,22.46,22.48,38897364,882260285.9070001
2024-12-19 00:00:00+00:00,22.505,22.68,22.41,22.57,43160753,972897323.56125
2024-12-20 00:00:00+00:00,22.59,22.75,22.52,22.75,93983992,2128972378.78
2024-12-23 00:00:00+00:00,22.67,22.87,22.59,22.84,24655636,560730801.7300001
2024-12-24 00:00:00+00:00,22.84,22.9894,22.76,22.95,9605933,219830335.81505
2024-12-26 00:00:00+00:00,22.93,23.15,22.875,22.96,16445916,377906592.28499997
2024-12-27 00:00:00+00:00,22.88,23.07,22.815,22.86,18547501,424853694.78125
2024-12-30 00:00:00+00:00,22.78,22.78,22.44,22.61,25419992,575826368.78
2024-12-31 00:00:00+00:00,22.62,22.85,22.6,22.77,22342840,507405896.3999999
2025-01-02 00:00:00+00:00,22.83,23.17,22.8,22.83,27108202,620981137.3149999
2025-01-03 00:00:00+00:00,22.9,22.96,22.65,22.67,26879830,612725724.8499999
2025-01-06 00:00:00+00:00,22.755,22.77,22.53,22.6,34416015,779995959.95625
2025-01-07 00:00:00+00:00,22.54,22.645,22.16,22.2,37143499,831503654.48875
2025-01-08 00:00:00+00:00,22.13,22.245,21.66,22.18,35517848,783301740.33
2025-01-10 00:00:00+00:00,21.88,22.04,21.49,21.69,41572438,905239837.4499999
2025-01-13 00:00:00+00:00,21.63,21.68,21.4,21.56,37865591,816666133.8925
2025-01-14 00:00:00+00:00,21.52,21.82,21.38,21.8,25627303,554318563.89
2025-01-15 00:00:00+00:00,21.98,22.09,21.88,21.91,50559890,1110547983.85
2025-01-16 00:00:00+00:00,22.0,22.13,21.84,22.02,25639592,564006925.02
2025-01-17 00:00:00+00:00,22.09,22.37,21.98,22.29,33638001,746174957.1824999
2025-01-21 00:00:00+00:00,22.21,22.54,22.21,22.49,36777555,822438073.6875
2025-01-22 00:00:00+00:00,22.38,22.475,22.02,22.32,31676416,706344481.28
2025-01-23 00:00:00+00:00,22.34,22.66,22.22,22.53,32125222,720809668.625
2025-01-24 00:00:00+00:00,22.55,22.79,22.54,22.72,44409176,1005867836.4
2025-01-27 00:00:00+00:00,23.5,24.365,23.35,24.14,92445184,2203777630.08
2025-01-28 00:00:00+00:00,24.06,24.58,23.92,24.4,55731396,1350929039.0400002
2025-01-29 00:00:00+00:00,24.71,24.98,24.2,24.23,34420436,844333295.08
2025-01-30 00:00:00+00:00,24.165,24.23,23.775,24.02,45653010,1097840757.975
2025-01-31 00:00:00+00:00,24.01,24.14,23.66,23.73,40347633,963703214.205
2025-02-03 00:00:00+00:00,23.69,24.43,23.67,24.25,59555827,1429935406.27
2025-02-04 00:00:00+00:00,24.21,24.43,24.0739,24.25,30540243,740325267.0569249
2025-02-05 00:00:00+00:00,24.46,24.575,24.28,24.47,29511716,721450787.265
2025-02-06 00:00:00+00:00,24.5,24.56,24.3,24.45,24522477,599635868.8425
2025-02-07 00:00:00+00:00,24.45,24.73,24.245,24.54,26290096,643877313.66
2025-02-10 00:00:00+00:00,24.605,24.94,24.6,24.86,31913392,789896343.7400001
2025-02-11 00:00:00+00:00,24.9,25.18,24.8,25.15,35150255,879020001.9125
2025-02-12 00:00:00+00:00,25.15,25.38,25.055,25.36,38970312,983464536.21
2025-02-13 00:00:00+00:00,25.47,25.735,25.36,25.63,35115139,897147907.5262499
2025-02-14 00:00:00+00:00,25.67,25.93,25.6,25.87,31687786,816515025.7550001
2025-02-18 00:00:00+00:00,25.71,26.18,25.71,26.07,52442460,1359177457.05
2025-02-19 00:00:00+00:00,26.22,26.35,26.07,26.24,30551542,801061431.24
2025-02-20 00:00:00+00:00,26.2,26.28,25.94,26.15,32753934,856269719.5949999
2025-02-21 00:00:00+00:00,26.08,26.72,25.97,26.62,58421456,1539259311.96
2025-02-24 00:00:00+00:00,26.615,27.125,26.6,26.74,54549587,1460292443.99
2025-02-25 00:00:00+00:00,26.87,27.16,26.26,26.65,52497244,1403513818.34
2025-02-26 00:00:00+00:00,26.56,26.83,26.43,26.57,39296511,1045188951.3224999
2025-02-27 00:00:00+00:00,26.64,26.965,26.57,26.9,32943311,881851256.3312502
2025-02-28 00:00:00+00:00,27.0,27.49,27.0,27.41,62510756,1701855332.1
2025-03-03 00:00:00+00:00,27.27,27.86,27.19,27.72,45078608,1240112506.08
2025-03-04 00:00:00+00:00,27.8,27.97,26.12,26.22,89479652,2418411294.43
2025-03-05 00:00:00+00:00,26.065,26.39,25.83,26.18,42010125,1097146927.03125
2025-03-06 00:00:00+00:00,26.22,26.79,26.055,26.73,32211563,851955576.89625
2025-03-07 00:00:00+00:00,26.67,27.21,26.6,27.12,35341922,950697701.8000001
2025-03-10 00:00:00+00:00,27.11,27.455,26.68,27.28,57820809,1568750824.18125
2025-03-11 00:00:00+00:00,26.47,26.825,25.59,26.01,74574312,1955618114.3100002
2025-03-12 00:00:00+00:00,25.63,25.86,24.89,25.72,62383222,1592331741.55
2025-03-13 00:00:00+00:00,25.79,26.46,25.76,26.09,37698480,981102942.0000001
2025-03-14 00:00:00+00:00,25.8,26.65,25.75,26.58,37591277,984703501.015
2025-03-17 00:00:00+00:00,26.57,26.93,26.25,26.83,45569996,1214212543.42
2025-03-18 00:00:00+00:00,26.795,26.98,26.56,26.61,30365554,811861043.1325
2025-03-19 00:00:00+00:00,26.65,26.935,26.4503,26.84,30145684,805457255.3012999
2025-03-20 00:00:00+00:00,26.9,26.93,26.68,26.79,27272269,731578615.9249998
2025-03-21 00:00:00+00:00,26.81,27.21,26.64,27.02,91268550,2456949366.0
2025-03-24 00:00:00+00:00,26.86,27.22,26.835,26.96,26863268,724468758.875
2025-03-25 00:00:00+00:00,26.97,27.56,26.97,27.31,42339650,1151744329.125
2025-03-26 00:00:00+00:00,27.405,27.84,27.36,27.65,42607090,1174411176.9875
2025-03-27 00:00:00+00:00,27.77,28.42,27.64,28.2,43000103,1204325384.7725
2025-03-28 00:00:00+00:00,28.35,28.51,28.0619,28.18,35085252,992052165.7947
2025-03-31 00:00:00+00:00,28.26,28.56,28.21,28.28,50156533,1420809188.5575001
2025-04-01 00:00:00+00:00,28.4,28.61,28.22,28.48,43986376,1250422703.74
2025-04-02 00:00:00+00:00,28.41,28.59,28.01,28.14,41574761,1176046051.7875001
2025-04-03 00:00:00+00:00,28.54,29.03,28.45,28.6,48912278,1401581326.0900002
2025-04-04 00:00:00+00:00,28.0,28.43,26.53,26.64,61360982,1681290906.8000002
2025-04-07 00:00:00+00:00,25.18,27.225,25.1,26.83,74875359,1953030145.3162498
2025-04-08 00:00:00+00:00,27.02,27.19,26.03,26.39,55717140,1485279659.5500002
2025-04-09 00:00:00+00:00,26.09,26.855,25.2,26.47,77738749,2033159806.6587498
2025-04-10 00:00:00+00:00,26.24,26.76,25.9,26.39,51467892,1354763587.17
2025-04-11 00:00:00+00:00,26.58,26.9,26.3647,26.79,32057593,854612953.0692749
2025-04-14 00:00:00+00:00,26.63,27.35,26.575,27.2,27042809,728499470.94875
2025-04-15 00:00:00+00:00,27.5,27.63,27.26,27.5,25721334,706629348.315
2025-04-16 00:00:00+00:00,27.74,27.78,26.94,27.02,27835881,761868062.9699999
2025-04-17 00:00:00+00:00,27.18,27.49,27.01,27.15,24870252,676657381.2900001
2025-04-21 00:00:00+00:00,27.16,27.28,26.16,26.33,46225990,1235736277.675
2025-04-22 00:00:00+00:00,26.0,27.36,25.98,26.96,50906760,1352847147.0000002
2025-04-23 00:00:00+00:00,26.535,27.32,26.12,27.19,43351001,1161427505.54125
2025-04-24 00:00:00+00:00,27.17,27.83,27.1402,27.53,43640821,1196524391.80855
2025-04-25 00:00:00+00:00,27.46,27.52,26.625,26.81,37050292,1004201851.7950001
2025-04-28 00:00:00+00:00,26.9,27.265,26.795,27.26,24156015,653540985.825
2025-04-29 00:00:00+00:00,27.095,27.44,27.05,27.3,25015767,680960447.4487499
2025-04-30 00:00:00+00:00,27.6,27.89,27.32,27.7,38877132,1074077964.3300002
2025-05-01 00:00:00+00:00,27.5,27.78,27.27,27.64,37367601,1029383988.5475
2025-05-02 00:00:00+00:00,27.6,27.78,27.36,27.61,22928350,632535855.625
2025-05-05 00:00:00+00:00,27.56,27.69,27.16,27.51,21335346,586295308.08
2025-05-06 00:00:00+00:00,27.54,28.235,27.5,28.16,32491681,905177618.05875
2025-05-07 00:00:00+00:00,28.04,28.395,27.95,28.1,28358125,797465922.6562501
2025-05-08 00:00:00+00:00,28.0,28.04,27.45,27.47,30141462,836124155.88
2025-05-09 00:00:00+00:00,27.56,28.02,27.4248,27.84,29206946,809359521.9952
2025-05-12 00:00:00+00:00,27.09,27.3,26.67,27.01,57106063,1542863057.1025002
2025-05-13 00:00:00+00:00,27.05,27.13,26.31,26.45,58767134,1571139327.49
2025-05-14 00:00:00+00:00,26.43,26.59,26.3,26.44,31519450,833374257.9999999
2025-05-15 00:00:00+00:00,26.6,27.4,26.595,27.33,35278664,951862453.05
2025-05-16 00:00:00+00:00,27.37,27.7686,27.12,27.72,31105982,855248087.9963
2025-05-19 00:00:00+00:00,27.76,28.04,27.71,28.02,30996583,864262225.4975
2025-05-20 00:00:00+00:00,28.05,28.255,27.75,27.78,24966613,698035291.21375
2025-05-21 00:00:00+00:00,27.68,27.765,27.41,27.47,29684175,818726651.71875
2025-05-22 00:00:00+00:00,27.58,27.71,27.21,27.23,25901603,710545724.2975
2025-05-23 00:00:00+00:00,27.475,27.53,27.16,27.42,31766316,870277934.715
2025-05-27 00:00:00+00:00,27.355,27.63,27.32,27.39,33329202,914011703.3475001
2025-05-28 00:00:00+00:00,27.375,27.6199,27.31,27.5,32270173,885855779.811925
2025-05-29 00:00:00+00:00,27.48,27.505,27.27,27.38,27192328,745307720.0699999
2025-05-30 00:00:00+00:00,27.39,27.8,27.35,27.8,47964949,1323113118.165
2025-06-02 00:00:00+00:00,27.65,27.96,27.6,27.93,26935164,748393531.7400001
2025-06-03 00:00:00+00:00,27.89,28.13,27.645,27.96,26085931,727960511.96875
2025-06-04 00:00:00+00:00,27.955,27.97,27.22,27.36,33913507,936903022.75875
2025-06-05 00:00:00+00:00,27.43,27.8481,27.33,27.76,29189994,805411044.19785
2025-06-06 00:00:00+00:00,27.77,28.1,27.77,28.08,22403085,625718164.05
2025-06-09 00:00:00+00:00,27.83,28.08,27.83,27.86,23353581,651564909.9
2025-06-10 00:00:00+00:00,27.91,28.61,27.85,28.42,39959081,1126746186.4975002
2025-06-11 00:00:00+00:00,28.48,28.61,28.245,28.34,32164490,914074600.1875001
2025-06-12 00:00:00+00:00,28.47,28.47,28.12,28.27,23311737,660479788.5525
2025-06-13 00:00:00+00:00,28.23,28.34,28.11,28.19,22428227,632868495.3725001
2025-06-16 00:00:00+00:00,28.15,28.39,27.78,27.97,32761406,919694569.935
2025-06-17 00:00:00+00:00,27.85,27.965,27.59,27.65,35258619,978911483.26125
2025-06-18 00:00:00+00:00,27.76,27.83,27.59,27.66,27985482,775477706.22
2025-06-20 00:00:00+00:00,27.68,28.11,27.62,27.77,51495228,1431309862.26
2025-06-23 00:00:00+00:00,27.8,28.295,27.8,28.2,32957212,923584669.785
2025-06-24 00:00:00+00:00,28.155,28.35,28.025,28.28,26007027,733463178.9675
2025-06-25 00:00:00+00:00,28.14,28.35,27.875,27.92,26189420,735169756.1750001
2025-06-26 00:00:00+00:00,27.98,28.1,27.8,28.0,25118495,702564305.15
2025-06-27 00:00:00+00:00,28.0,28.18,27.895,28.08,37337226,1046889145.5075
2025-06-30 00:00:00+00:00,28.12,29.02,28.1,28.94,42590802,1215754443.0900002
2025-07-01 00:00:00+00:00,28.99,29.19,28.7,28.88,25976356,751755742.64
2025-07-02 00:00:00+00:00,28.81,29.03,28.29,28.31,47012268,1345020987.48
2025-07-03 00:00:00+00:00,28.29,28.41,28.13,28.36,21085177,596657796.1575
2025-07-07 00:00:00+00:00,28.42,28.47,28.2231,28.41,22448669,637110623.938475
2025-07-08 00:00:00+00:00,28.24,28.46,28.08,28.29,24955428,705427560.99
2025-07-09 00:00:00+00:00,28.33,28.38,27.96,28.1,34453790,971338474.5749998
2025-07-10 00:00:00+00:00,27.76,27.82,27.48,27.62,25058997,693382446.99
2025-07-11 00:00:00+00:00,27.545,27.545,26.615,26.97,42713336,1160467947.45
2025-07-14 00:00:00+00:00,27.02,27.51,27.015,27.16,30746998,835588104.3975
2025-07-15 00:00:00+00:00,26.925,27.12,26.785,27.02,32266225,869978091.5625
2025-07-16 00:00:00+00:00,27.02,27.11,26.88,26.95,21934373,592008727.27
2025-07-17 00:00:00+00:00,26.8,27.05,26.77,26.99,24546391,660359283.8774999
2025-07-18 00:00:00+00:00,26.97,27.04,26.8,26.94,27427897,738838975.4375
2025-07-21 00:00:00+00:00,27.455,27.72,27.25,27.38,36229541,994546187.3762499
2025-07-22 00:00:00+00:00,27.45,27.76,27.22,27.42,35255755,968211171.6875001
2025-07-23 00:00:00+00:00,26.3,27.75,25.85,27.75,65616334,1765899588.775
2025-07-24 00:00:00+00:00,27.77,28.17,27.69,27.92,47332696,1319990559.7
2025-07-25 00:00:00+00:00,27.91,28.35,27.75,28.0,33987753,951742053.3825
2025-07-28 00:00:00+00:00,27.93,27.93,27.535,27.6,29164422,809276254.9725001
2025-07-29 00:00:00+00:00,27.68,27.9299,27.32,27.41,34202391,943472100.675225
2025-07-30 00:00:00+00:00,27.34,27.7086,27.24,27.5,30096121,826052747.50515
2025-07-31 00:00:00+00:00,27.35,27.72,27.31,27.41,34119967,936507794.2325
2025-08-01 00:00:00+00:00,27.64,27.93,27.34,27.75,38817012,1073872636.98
2025-08-04 00:00:00+00:00,27.79,27.92,27.57,27.68,29972358,831433210.9200001
2025-08-05 00:00:00+00:00,27.72,27.97,27.67,27.77,25317437,703381693.4525
2025-08-06 00:00:00+00:00,27.94,28.06,27.445,27.49,39247208,1088472254.87
2025-08-07 00:00:00+00:00,27.445,28.11,27.285,28.06,35331424,979563730.4000001
2025-08-08 00:00:00+00:00,28.07,28.25,28.03,28.08,23598154,663285113.555
2025-08-11 00:00:00+00:00,28.18,28.28,28.08,28.14,20602416,580370058.7199999
2025-08-12 00:00:00+00:00,28.14,28.7,28.14,28.48,30756695,872413653.6750001
2025-08-13 00:00:00+00:00,28.5,28.59,28.36,28.4,26382734,750918566.4749999
2025-08-14 00:00:00+00:00,28.58,28.77,28.41,28.75,24530249,702239703.2475
2025-08-15 00:00:00+00:00,28.74,29.08,28.645,28.87,37020394,1067436785.4975
2025-08-18 00:00:00+00:00,28.98,29.15,28.865,28.92,20420634,591764447.5274999
2025-08-19 00:00:00+00:00,28.87,29.16,28.8,28.98,18890585,546929662.2125
2025-08-20 00:00:00+00:00,29.1,29.38,29.015,29.28,34842990,1017197539.3125
2025-08-21 00:00:00+00:00,29.25,29.56,29.21,29.44,32991030,968781595.95
2025-08-22 00:00:00+00:00,29.47,29.65,28.68,28.77,34011975,991193981.4375
2025-08-25 00:00:00+00:00,28.77,28.98,28.72,28.74,19405025,558913232.5625
2025-08-26 00:00:00+00:00,28.83,28.96,28.21,28.56,49407917,1415042742.88
2025-08-27 00:00:00+00:00,28.5,29.08,28.5,29.06,28026226,806734915.41
2025-08-28 00:00:00+00:00,29.02,29.02,28.75,28.94,24658067,713419523.4775
2025-08-29 00:00:00+00:00,29.02,29.33,28.95,29.29,26562388,774227204.23
2025-09-02 00:00:00+00:00,29.3,29.3954,29.0,29.08,31571062,921680848.3687
2025-09-03 00:00:00+00:00,29.01,29.08,28.445,29.04,27245386,787221371.7375
2025-09-04 00:00:00+00:00,29.18,29.7,29.03,29.58,31845438,935380127.655
2025-09-05 00:00:00+00:00,29.58,29.79,29.42,29.59,25105947,743010501.4649999
2025-09-08 00:00:00+00:00,28.5,29.14,28.28,28.9,40649265,1166837151.825
2025-09-09 00:00:00+00:00,28.895,29.58,28.83,29.42,35105455,1024421058.71875
2025-09-10 00:00:00+00:00,29.245,29.44,28.9,29.2,25689401,750034173.9462501
2025-09-11 00:00:00+00:00,29.29,29.5,29.115,29.49,23580997,692072785.70375
2025-09-12 00:00:00+00:00,29.42,29.6,29.2949,29.57,22794041,671768310.970225
2025-09-15 00:00:00+00:00,29.605,29.79,29.5,29.62,31486362,932901548.1075
2025-09-16 00:00:00+00:00,29.62,29.65,29.205,29.33,28118184,828115666.53
2025-09-17 00:00:00+00:00,29.33,29.58,29.25,29.54,25967168,764083918.4
2025-09-18 00:00:00+00:00,29.35,29.465,29.14,29.2,30142883,882847364.4662501
2025-09-19 00:00:00+00:00,29.26,29.31,28.925,29.01,62155663,1810361379.4537501
2025-09-22 00:00:00+00:00,28.935,29.07,28.735,28.92,25835321,747028306.715
2025-09-23 00:00:00+00:00,28.92,29.01,28.555,28.79,28805796,830147033.475
2025-09-24 00:00:00+00:00,28.685,28.75,28.17,28.32,28858698,821931792.4125
2025-09-25 00:00:00+00:00,28.5,28.75,28.29,28.3,25658505,730241052.3
2025-09-26 00:00:00+00:00,28.38,28.5659,28.25,28.31,25455102,722326065.52545
2025-09-29 00:00:00+00:00,28.25,28.34,27.875,28.07,28739585,808552299.49375
2025-09-30 00:00:00+00:00,28.14,28.35,28.05,28.24,34049547,960026977.665
2025-10-01 00:00:00+00:00,28.05,28.1599,27.52,27.55,38415117,1068707594.562075
2025-10-02 00:00:00+00:00,27.4,27.43,26.88,27.01,39597187,1076251542.66
2025-10-03 00:00:00+00:00,27.02,27.22,26.99,27.06,34891703,944605629.4675
2025-10-06 00:00:00+00:00,26.54,26.72,25.84,25.87,63474346,1665725524.905
2025-10-07 00:00:00+00:00,25.92,26.2999,25.85,26.16,43249551,1126974093.943725
2025-10-08 00:00:00+00:00,26.225,26.35,26.0235,26.25,36913235,967574329.974375
2025-10-09 00:00:00+00:00,26.245,26.475,26.09,26.1,33129232,868896932.28
2025-10-10 00:00:00+00:00,25.84,26.24,25.71,25.87,37980075,984253643.625
2025-10-13 00:00:00+00:00,25.68,25.845,25.35,25.59,36313723,930221406.79875
2025-10-14 00:00:00+00:00,25.575,26.15,25.575,26.13,43644889,1128547717.3174999
2025-10-15 00:00:00+00:00,26.05,26.1851,25.94,26.07,34673983,903648206.308325
2025-10-16 00:00:00+00:00,26.1,26.3899,26.05,26.2,49513137,1296500254.516575
2025-10-17 00:00:00+00:00,26.39,26.48,26.195,26.34,61491831,1620386611.63875
2025-10-20 00:00:00+00:00,26.34,26.44,25.83,26.1,66161100,1731932195.2500002
2025-10-21 00:00:00+00:00,26.15,26.23,25.9,26.05,100445653,2619873744.3725
2025-10-22 00:00:00+00:00,24.92,25.83,24.32,25.55,95467951,2401496307.4049997
2025-10-23 00:00:00+00:00,25.68,25.75,24.485,24.62,107294096,2696702985.3399997
2025-10-24 00:00:00+00:00,24.635,25.19,24.57,25.14,80553704,2004478231.9100003
2025-10-27 00:00:00+00:00,25.08,25.565,24.965,25.53,86220431,2180083597.835
2025-10-28 00:00:00+00:00,25.41,25.78,25.31,25.7,77662462,1984275904.1000001
2025-10-29 00:00:00+00:00,26.12,26.21,24.985,25.14,102715038,2630917304.5724998
2025-10-30 00:00:00+00:00,24.99,25.175,24.615,24.68,82167820,2043102844.3000002
2025-10-31 00:00:00+00:00,24.63,24.99,24.51,24.75,89936750,2223236460.0
2025-11-03 00:00:00+00:00,24.635,24.635,24.08,24.53,89327678,2185848280.66
2025-11-04 00:00:00+00:00,24.47,24.56,24.29,24.44,75032665,1833798332.6
2025-11-05 00:00:00+00:00,24.46,24.73,24.43,24.56,61112227,1499999611.7150002
2025-11-06 00:00:00+00:00,24.29,24.99,24.29,24.74,71665295,1761353787.8624997
2025-11-07 00:00:00+00:00,24.81,25.1,24.64,24.83,62439985,1551321427.325
2025-11-10 00:00:00+00:00,24.74,24.94,24.61,24.83,52677551,1305349713.78
2025-11-11 00:00:00+00:00,24.93,25.3,24.88,25.18,40962707,1027037471.2574999
2025-11-12 00:00:00+00:00,25.44,25.73,25.41,25.65,44096986,1127008719.695
2025-11-13 00:00:00+00:00,25.65,25.96,25.555,25.75,49785589,1280920972.9837499
2025-11-14 00:00:00+00:00,25.87,25.93,25.44,25.59,37390165,961207666.7375
2025-11-17 00:00:00+00:00,25.63,25.71,25.43,25.47,34519872,882327928.32
2025-11-18 00:00:00+00:00,25.54,25.77,25.34,25.6,41527553,1061548073.5625
2025-11-19 00:00:00+00:00,25.6,25.67,25.09,25.27,34296926,871399147.3449999
2025-11-20 00:00:00+00:00,25.25,25.63,25.12,25.52,44631819,1132755566.22
2025-11-21 00:00:00+00:00,25.515,26.18,25.5,25.93,59017120,1521535125.0
2025-11-24 00:00:00+00:00,25.99,26.015,25.43,25.62,66605913,1716018091.05375
2025-11-25 00:00:00+00:00,25.76,26.205,25.75,25.86,44336242,1148031566.2875001
2025-11-26 00:00:00+00:00,25.83,26.07,25.8,25.82,27713016,717212854.08
2025-11-28 00:00:00+00:00,25.82,26.02,25.7601,26.02,16345751,423437088.29877496
2025-12-01 00:00:00+00:00,25.95,25.97,25.55,25.79,34681949,895314513.435
2025-12-02 00:00:00+00:00,25.83,25.87,25.45,25.52,30839722,791578564.4350001
2025-12-03 00:00:00+00:00,25.555,25.82,25.31,25.32,29138405,743065750.50625
2025-12-04 00:00:00+00:00,25.37,25.56,25.23,25.39,33035153,838679946.7875
2025-12-05 00:00:00+00:00,25.36,25.64,25.25,25.28,28075584,712628510.88
2025-12-08 00:00:00+00:00,25.34,25.34,24.69,24.84,41475008,1039052637.9200001
2025-12-09 00:00:00+00:00,24.84,24.99,24.36,24.51,41499589,1024002358.575
2025-12-10 00:00:00+00:00,24.56,24.6005,24.275,24.39,48955410,1197271865.23875
2025-12-11 00:00:00+00:00,24.46,24.7099,24.27,24.3,38931826,951298195.0143499
2025-12-12 00:00:00+00:00,24.39,24.81,24.265,24.58,34207688,838473192.49
2025-12-15 00:00:00+00:00,24.49,24.625,24.22,24.31,37162466,907182248.1424999
2025-12-16 00:00:00+00:00,24.36,24.39,24.01,24.07,35701968,864255390.3600001
2025-12-17 00:00:00+00:00,24.105,24.45,24.08,24.36,39455094,956736710.6324999
2025-12-18 00:00:00+00:00,24.305,24.55,24.23,24.26,31038791,755367777.4737501
2025-12-19 00:00:00+00:00,24.21,24.28,24.02,24.15,89822259,2170554888.735
2025-12-22 00:00:00+00:00,24.15,24.45,24.09,24.3,29049263,704372004.5925
2025-12-23 00:00:00+00:00,24.275,24.53,24.26,24.46,20869077,508814183.60625005
2025-12-24 00:00:00+00:00,24.37,24.71,24.37,24.66,13904064,341031929.76
2025-12-26 00:00:00+00:00,24.61,24.765,24.59,24.65,16070065,396187364.99375004
2025-12-29 00:00:00+00:00,24.68,24.94,24.678,24.77,30322137,750988367.079
2025-12-30 00:00:00+00:00,24.77,24.86,24.73,24.81,21047878,521829515.315
2025-12-31 00:00:00+00:00,24.79,24.97,24.78,24.84,22911042,569224838.49
2026-01-02 00:00:00+00:00,24.79,24.81,24.5,24.56,28718402,708339385.3299999
2026-01-05 00:00:00+00:00,24.405,24.75,24.37,24.71,48958067,1202348927.9362502
2026-01-06 00:00:00+00:00,24.515,24.53,23.87,24.34,59966249,1458004386.6237502
2026-01-07 00:00:00+00:00,24.44,24.545,23.9,23.97,46998351,1138006321.52625
2026-01-08 00:00:00+00:00,23.99,24.32,23.98,24.17,43770370,1055522472.5500001
2026-01-09 00:00:00+00:00,24.15,24.32,23.98,23.99,30811009,742853426.99
2026-01-12 00:00:00+00:00,23.76,23.9,23.62,23.74,40700094,966830732.9699999
2026-01-13 00:00:00+00:00,23.69,23.75,23.19,23.3,40890589,960213256.1924999
2026-01-14 00:00:00+00:00,23.33,23.72,23.325,23.61,51414807,1208055158.9737499
2026-01-15 00:00:00+00:00,23.61,23.8,23.5,23.73,35919466,849854565.5600001
2026-01-16 00:00:00+00:00,23.66,23.66,23.39,23.49,46504807,1095188204.8500001
2026-01-20 00:00:00+00:00,23.37,23.6,23.275,23.45,51781069,1212906814.98875
2026-01-21 00:00:00+00:00,23.47,23.7897,23.47,23.5,40672133,958130722.737525
2026-01-22 00:00:00+00:00,23.57,23.825,23.5,23.58,30388279,717733164.6312499
2026-01-23 00:00:00+00:00,23.5,23.645,23.3,23.59,36056769,847649568.22875
2026-01-26 00:00:00+00:00,23.7,23.8,23.36,23.45,44376020,1046275611.5500001
2026-01-27 00:00:00+00:00,23.5,23.5,22.95,23.0,72164362,1676919361.9750001
2026-01-28 00:00:00+00:00,23.42,24.33,23.36,24.07,84121869,2001679872.8550003
2026-01-29 00:00:00+00:00,24.45,25.13,24.43,25.13,73255254,1815631470.3899999
2026-01-30 00:00:00+00:00,25.5,26.29,25.145,26.21,78227455,2017192711.49375
2026-02-02 00:00:00+00:00,26.29,26.635,26.19,26.3,66563970,1754210224.3874998
2026-02-03 00:00:00+00:00,26.11,26.985,26.11,26.83,61110352,1619959043.58
2026-02-04 00:00:00+00:00,27.09,27.495,26.89,27.22,52448303,1425217073.64625
2026-02-05 00:00:00+00:00,27.4,27.52,26.96,27.31,44672420,1219445384.95
2026-02-06 00:00:00+00:00,27.26,27.38,26.93,27.13,37410384,1016627185.1999999
2026-02-09 00:00:00+00:00,27.095,27.195,26.825,27.11,33057762,894419073.1125
2026-02-10 00:00:00+00:00,27.075,27.59,27.075,27.41,34925947,953041778.7624999
2026-02-11 00:00:00+00:00,27.275,28.6,27.135,28.47,64213329,1789625479.23
2026-02-12 00:00:00+00:00,28.48,29.3,28.46,28.8,70553059,2029105976.8400002
2026-02-13 00:00:00+00:00,28.68,28.84,28.41,28.69,42687511,1223210627.705
2026-02-17 00:00:00+00:00,28.755,29.06,28.63,28.68,29868901,859664306.90625
2026-02-18 00:00:00+00:00,28.63,28.715,27.82,27.88,33179276,937687813.8549999
2026-02-19 00:00:00+00:00,28.015,28.395,27.73,27.88,31221881,874368777.405
2026-02-20 00:00:00+00:00,27.95,28.06,27.54,27.98,25383646,707759509.595
2026-02-23 00:00:00+00:00,28.04,28.83,28.03,28.52,41169261,1167354395.655
2026-02-24 00:00:00+00:00,28.52,28.8,28.19,28.35,34541663,983228437.2950001
2026-02-25 00:00:00+00:00,28.03,28.29,27.7,27.87,45550692,1274166731.97
2026-02-26 00:00:00+00:00,27.98,28.05,27.41,27.46,33856844,938680999.9000001
2026-02-27 00:00:00+00:00,27.61,28.01,27.51,28.01,54509331,1514541761.8350003
2026-03-02 00:00:00+00:00,27.91,28.25,27.87,28.01,39270908,1099978133.0800002
2026-03-03 00:00:00+00:00,27.79,28.75,27.76,28.67,45891174,1296081481.695
2026-03-04 00:00:00+00:00,28.47,29.07,28.22,28.98,42409310,1216511057.35
2026-03-05 00:00:00+00:00,28.935,29.06,28.715,28.97,46498081,1344724502.52
2026-03-06 00:00:00+00:00,28.93,28.95,28.325,28.64,37909872,1088439812.46
2026-03-09 00:00:00+00:00,28.13,28.36,27.39,27.53,52144962,1452367554.105
2026-03-10 00:00:00+00:00,27.65,27.94,27.45,27.71,37596472,1040952318.5
2026-03-11 00:00:00+00:00,27.665,27.73,26.87,27.16,46925570,1283707624.3125
2026-03-12 00:00:00+00:00,27.05,27.39,26.73,27.39,32636117,885744215.38
2026-03-13 00:00:00+00:00,27.5,27.845,27.44,27.72,28076849,775658049.68625
2026-03-16 00:00:00+00:00,27.73,27.815,27.47,27.73,31792788,880223076.765
2026-03-17 00:00:00+00:00,27.89,28.02,27.655,27.85,33904287,944361534.0262499
2026-03-18 00:00:00+00:00,27.71,27.79,27.39,27.41,34898669,962330797.675
2026-03-19 00:00:00+00:00,27.58,27.95,27.22,27.74,58624180,1619346412.05
2026-03-20 00:00:00+00:00,27.835,28.63,27.835,28.31,128734186,3624189171.3650002
2026-03-23 00:00:00+00:00,28.275,28.91,27.87,28.76,46656343,1327547919.6362503
2026-03-24 00:00:00+00:00,28.8,29.435,28.66,28.87,41047227,1187958058.41375
2026-03-25 00:00:00+00:00,28.98,29.135,28.705,28.81,36571089,1057178755.2674999
2026-03-26 00:00:00+00:00,29.07,29.21,28.82,28.92,29904528,867380834.64
2026-03-27 00:00:00+00:00,29.0,29.365,28.82,29.1,38162808,1109440532.07
2026-03-30 00:00:00+00:00,29.21,29.365,28.72,28.78,35293852,1024183467.725
2026-03-31 00:00:00+00:00,28.93,28.99,28.53,28.99,48632309,1403528437.74
2026-04-01 00:00:00+00:00,28.95,28.97,28.06,28.31,43112549,1231833306.3025
2026-04-02 00:00:00+00:00,28.39,28.63,27.99,28.33,34996175,991616618.6249999
2026-04-06 00:00:00+00:00,28.265,28.52,28.15,28.32,29396199,832316629.43625
2026-04-07 00:00:00+00:00,28.29,28.485,27.92,28.04,27652971,779364421.4212499
2026-04-08 00:00:00+00:00,27.23,27.5,26.9101,27.35,47841586,1303564810.57465
2026-04-09 00:00:00+00:00,27.23,27.41,26.76,26.84,41439826,1121361691.5600002
2026-04-10 00:00:00+00:00,26.515,26.7,26.285,26.46,31990438,847426702.62
2026-04-13 00:00:00+00:00,26.37,26.39,25.4,25.61,46751754,1212857378.145
2026-04-14 00:00:00+00:00,25.2,25.705,24.94,25.62,42173911,1069793969.9037501
2026-04-15 00:00:00+00:00,25.675,25.775,25.42,25.46,33847639,865907224.7175001
2026-04-16 00:00:00+00:00,25.515,26.425,25.46,26.4,34901890,905704045.5000001
2026-04-17 00:00:00+00:00,26.145,26.61,26.04,26.51,35023815,922045709.64375
2026-04-20 00:00:00+00:00,26.515,26.675,26.17,26.18,30509448,804991785.4799999
2026-04-21 00:00:00+00:00,26.2,26.44,25.88,25.88,44489369,1161172530.8999999
2026-04-22 00:00:00+00:00,25.15,26.05,24.96,25.98,59711921,1524743902.735
2026-04-23 00:00:00+00:00,26.12,26.755,26.02,26.61,47337931,1248597102.53875
2026-04-24 00:00:00+00:00,26.425,26.58,26.03,26.2,30600865,805070507.06875
2026-04-27 00:00:00+00:00,26.33,26.44,25.455,25.52,32633673,846395101.3462499
2026-04-28 00:00:00+00:00,25.94,26.31,25.88,26.06,30377623,791261135.0925
2026-04-29 00:00:00+00:00,25.97,26.16,25.64,25.75,22790624,589821349.12
2026-04-30 00:00:00+00:00,25.82,26.47,25.78,26.13,44640620,1162888150.9999998
2026-05-01 00:00:00+00:00,26.313,26.455,26.07,26.12,31493657,826377812.8515
2026-05-04 00:00:00+00:00,25.93,26.135,25.82,26.1,23439526,609339777.7774999
2026-05-05 00:00:00+00:00,26.05,26.13,25.85,25.9,24482355,636112788.7875
2026-05-06 00:00:00+00:00,25.79,26.01,25.48,25.57,34338911,882939249.0875
2026-05-07 00:00:00+00:00,25.39,25.49,25.12,25.26,42986644,1088206892.8600001
2026-05-08 00:00:00+00:00,25.225,25.395,25.115,25.16,36012887,908380058.46625
2026-05-11 00:00:00+00:00,25.23,25.34,24.66,24.87,37447605,937126315.1250001
2026-05-12 00:00:00+00:00,25.02,25.44,24.86,25.23,33454624,840965610.8
2026-05-13 00:00:00+00:00,25.23,25.55,24.72,24.74,34609671,867318355.26
2026-05-14 00:00:00+00:00,24.84,24.98,24.645,24.65,32683633,809859571.19875
2026-05-15 00:00:00+00:00,24.86,24.93,24.03,24.03,44236211,1082128311.5874999
2026-05-18 00:00:00+00:00,24.085,24.58,23.85,24.43,38980981,944752800.7612499
2026-05-19 00:00:00+00:00,24.59,24.99,24.42,24.98,39383430,974542975.35
2026-05-20 00:00:00+00:00,24.935,25.28,24.785,24.93,40363771,1008387909.0075
2026-05-21 00:00:00+00:00,24.86,25.385,24.81,25.34,35792600,898349519.2500001
2026-05-22 00:00:00+00:00,25.34,25.4299,25.19,25.26,25280871,639731808.6332251
2026-05-26 00:00:00+00:00,25.14,25.34,24.86,25.02,32461169,814450730.21
2026-05-27 00:00:00+00:00,24.93,25.3486,24.88,24.89,35908455,898147662.7282499
2026-05-28 00:00:00+00:00,24.96,25.14,24.73,24.88,25343769,631756801.7475
2026-05-29 00:00:00+00:00,24.86,24.87,24.56,24.8,88295109,2187290587.7025
2026-06-01 00:00:00+00:00,24.75,24.9,24.49,24.55,29675671,732172992.7475
2026-06-02 00:00:00+00:00,24.64,24.71,24.25,24.64,42080311,1033492438.16
2026-06-03 00:00:00+00:00,24.185,24.195,23.45,23.55,51911758,1237835869.51
2026-06-04 00:00:00+00:00,23.88,24.01,22.33,22.77,82536320,1918763099.1999998
2026-06-05 00:00:00+00:00,22.9,23.04,22.59,22.75,60825936,1388047859.52
2026-06-08 00:00:00+00:00,22.66,22.83,22.41,22.5,41973546,948602139.5999999
2026-06-09 00:00:00+00:00,22.51,22.96,22.315,22.71,52560980,1189126471.275
2026-06-10 00:00:00+00:00,22.88,23.2551,22.75,23.21,50622444,1165519760.6061
2026-06-11 00:00:00+00:00,23.155,23.37,22.99,23.0,38147572,882305655.895
2026-06-12 00:00:00+00:00,23.1,23.61,23.0716,23.58,38879400,907460747.76
2026-06-15 00:00:00+00:00,23.35,23.51,23.17,23.29,48293251,1126681545.83
2026-06-16 00:00:00+00:00,23.316,23.4151,22.84,23.16,47609303,1103715759.355825
2026-06-17 00:00:00+00:00,22.83,22.88,22.25,22.44,56538270,1277764901.9999998
2026-06-18 00:00:00+00:00,22.46,22.52,21.99,22.01,94242931,2096434000.095
2026-06-22 00:00:00+00:00,22.03,22.47,22.01,22.1,68522334,1517941003.9350002
2026-06-23 00:00:00+00:00,22.31,22.98,22.19,22.81,73551936,1660251075.3600001
2026-06-24 00:00:00+00:00,22.84,22.94,22.31,22.37,57297259,1295777512.285
2026-06-25 00:00:00+00:00,22.25,22.63,22.2301,22.42,43268405,968456156.6226249
2026-06-26 00:00:00+00:00,22.47,22.72,22.32,22.72,85148672,1920741168.6399999
2026-06-29 00:00:00+00:00,22.38,22.43,21.28,21.82,84994834,1867973964.235
2026-06-30 00:00:00+00:00,21.73,21.75,20.57,20.7,131117242,2778046564.8750005
2026-07-01 00:00:00+00:00,20.63,21.03,20.29,20.48,137694395,2837537244.9624996
2026-07-02 00:00:00+00:00,20.7,20.99,19.89,20.58,129365473,2657166815.42
2026-07-06 00:00:00+00:00,20.75,20.91,20.25,20.58,113634381,2343425022.1724997
2026-07-07 00:00:00+00:00,20.92,21.27,20.86,21.09,66469414,1398184123.49
2026-07-08 00:00:00+00:00,20.97,21.425,20.81,21.12,63946740,1348077212.625
2026-07-09 00:00:00+00:00,20.92,21.065,20.725,21.04,50847675,1064623195.3125
2026-07-10 00:00:00+00:00,20.62,21.26,20.62,21.13,49781911,1040815304.2325
2026-07-13 00:00:00+00:00,21.38,21.625,21.24,21.55,65496378,1404815437.6274998
2026-07-14 00:00:00+00:00,21.42,21.555,21.25,21.28,53556145,1144829544.5562499
2026-07-15 00:00:00+00:00,21.32,21.705,21.25,21.43,75068636,1608439362.0950003
2026-07-16 00:00:00+00:00,21.51,22.175,21.4992,21.98,85226552,1857176055.9596002
2026-07-17 00:00:00+00:00,22.38,22.77,21.67,21.81,79330386,1757763027.7949998
2026-07-20 00:00:00+00:00,21.6,22.04,21.54,21.95,87678087,1909847930.0775
2026-07-21 00:00:00+00:00,21.93,22.39,21.7,22.26,139856718,3086637766.26
2026-07-22 00:00:00+00:00,23.38,23.65,22.73,23.04,187291429,4345161152.8
2026-07-23 00:00:00+00:00,23.25,23.465,22.65,22.96,103562123,2390343251.4937506
2026-07-24 00:00:00+00:00,23.0,24.13,23.0,24.13,80670869,1901009027.985
2026-07-27 00:00:00+00:00,24.125,24.52,24.03,24.42,74463996,1807520422.905
2026-07-28 00:00:00+00:00,24.84,25.32,24.6,24.66,57350493,1425446503.5149999
